{
    "(2886734945, 3741648133, 39228, 443, 'tcp', 0)": {
        "ts_list": [
            1645381501.86413,
            1645381501.864315,
            1645381501.864334,
            1645381501.873519,
            1645381501.873602,
            1645381501.873612,
            1645381501.873623,
            1645381501.87363,
            1645381501.873632,
            1645381501.873635,
            1645381501.873731,
            1645381501.873745,
            1645381501.873752,
            1645381501.874539,
            1645381501.874549,
            1645381501.874558,
            1645381501.874561,
            1645381501.922602,
            1645381502.186351,
            1645381502.186388,
            1645381502.195503,
            1645381502.195525,
            1645381502.19568,
            1645381502.195695,
            1645381502.196584,
            1645381502.196589,
            1645381502.196593,
            1645381502.196597,
            1645381502.278153,
            1645381502.27818,
            1645381502.287526,
            1645381502.287607
        ],
        "ps_list": [
            158,
            184,
            225,
            66,
            121,
            66,
            101,
            66,
            97,
            66,
            101,
            97,
            66,
            191,
            66,
            260,
            66,
            66,
            121,
            225,
            66,
            66,
            101,
            66,
            144,
            66,
            255,
            66,
            121,
            225,
            66,
            101
        ],
        "direction_list": [
            0,
            0,
            0,
            1,
            1,
            0,
            1,
            0,
            1,
            0,
            1,
            0,
            0,
            1,
            0,
            1,
            0,
            1,
            0,
            0,
            1,
            1,
            1,
            0,
            1,
            0,
            1,
            0,
            0,
            0,
            1,
            1
        ],
        "piat_list": [
            0.2460479736328125,
            0.1850128173828125,
            0.019073486328125,
            9.184837341308594,
            0.08296966552734375,
            0.010013580322265625,
            0.010967254638671875,
            0.007152557373046875,
            0.0019073486328125,
            0.0030994415283203125,
            0.09584426879882812,
            0.014066696166992188,
            0.007152557373046875,
            0.7867813110351562,
            0.010013580322265625,
            0.009059906005859375,
            0.0030994415283203125,
            48.04086685180664,
            263.7491226196289,
            0.03695487976074219,
            9.114980697631836,
            0.02193450927734375,
            0.15497207641601562,
            0.015020370483398438,
            0.8890628814697266,
            0.0050067901611328125,
            0.0040531158447265625,
            0.0040531158447265625,
            81.55584335327148,
            0.026941299438476562,
            9.34600830078125,
            0.08106231689453125
        ]
    }
}