{
    "(2886734945, 3741713926, 53732, 443, 'tcp', 0)": {
        "ts_list": [
            1645657820.145207,
            1645657820.14539,
            1645657820.145409,
            1645657820.154231,
            1645657820.154257,
            1645657820.154383,
            1645657820.17365,
            1645657820.173678,
            1645657820.173736,
            1645657820.173741,
            1645657820.173837,
            1645657820.173841,
            1645657820.173845,
            1645657820.173939,
            1645657820.173946,
            1645657820.174039,
            1645657820.174046,
            1645657820.222329,
            1645657820.427054,
            1645657820.427087,
            1645657820.455352,
            1645657820.455372,
            1645657820.455527,
            1645657820.45554,
            1645657820.455556,
            1645657820.455566,
            1645657820.455568,
            1645657820.455573,
            1645657820.49037,
            1645657820.4904,
            1645657820.518898,
            1645657820.519045,
            1645657820.519145,
            1645657820.519151,
            1645657820.519172,
            1645657820.940216,
            1645657820.94025,
            1645657820.968547,
            1645657820.96865,
            1645657820.96875,
            1645657820.968757,
            1645657820.968787
        ],
        "ps_list": [
            158,
            184,
            225,
            121,
            66,
            97,
            101,
            66,
            97,
            66,
            66,
            101,
            66,
            191,
            66,
            260,
            66,
            66,
            121,
            225,
            66,
            66,
            101,
            66,
            121,
            66,
            255,
            66,
            121,
            225,
            66,
            101,
            121,
            251,
            66,
            121,
            225,
            66,
            101,
            121,
            272,
            66
        ],
        "direction_list": [
            0,
            0,
            0,
            1,
            0,
            0,
            1,
            0,
            1,
            0,
            1,
            1,
            0,
            1,
            0,
            1,
            0,
            1,
            0,
            0,
            1,
            1,
            1,
            0,
            1,
            0,
            1,
            0,
            0,
            0,
            1,
            1,
            1,
            1,
            0,
            0,
            0,
            1,
            1,
            1,
            1,
            0
        ],
        "piat_list": [
            19.595861434936523,
            0.18310546875,
            0.019073486328125,
            8.821964263916016,
            0.025987625122070312,
            0.125885009765625,
            19.26708221435547,
            0.027894973754882812,
            0.05817413330078125,
            0.0050067901611328125,
            0.09584426879882812,
            0.0040531158447265625,
            0.0040531158447265625,
            0.09393692016601562,
            0.0069141387939453125,
            0.09298324584960938,
            0.007152557373046875,
            48.28286170959473,
            204.7250270843506,
            0.03314018249511719,
            28.264999389648438,
            0.02002716064453125,
            0.15497207641601562,
            0.012874603271484375,
            0.015974044799804688,
            0.010013580322265625,
            0.0021457672119140625,
            0.0050067901611328125,
            34.796953201293945,
            0.030040740966796875,
            28.497934341430664,
            0.14710426330566406,
            0.09989738464355469,
            0.0059604644775390625,
            0.0209808349609375,
            421.04411125183105,
            0.033855438232421875,
            28.29718589782715,
            0.102996826171875,
            0.09989738464355469,
            0.0069141387939453125,
            0.030040740966796875
        ]
    }
}