{
    "(2886734945, 3741713926, 53846, 443, 'tcp', 0)": {
        "ts_list": [
            1645657966.474633,
            1645657966.47485,
            1645657966.47487,
            1645657966.500952,
            1645657966.500982,
            1645657966.500995,
            1645657966.501006,
            1645657966.501012,
            1645657966.501014,
            1645657966.501017,
            1645657966.501129,
            1645657966.50183,
            1645657966.501835,
            1645657966.501841,
            1645657966.501845,
            1645657966.567999,
            1645657966.802755,
            1645657966.802799,
            1645657966.829001,
            1645657966.829028,
            1645657966.829031,
            1645657966.82904,
            1645657966.829911,
            1645657966.829915,
            1645657966.829921,
            1645657966.829924,
            1645657966.884937,
            1645657966.88496,
            1645657966.910932,
            1645657966.910947,
            1645657966.910956,
            1645657966.911922,
            1645657966.911927,
            1645657966.911929,
            1645657966.911932,
            1645657967.40383,
            1645657967.40386,
            1645657967.432803,
            1645657967.433072,
            1645657967.433086,
            1645657967.434753,
            1645657967.434757,
            1645657967.434762,
            1645657967.434765
        ],
        "ps_list": [
            158,
            184,
            225,
            66,
            121,
            66,
            110,
            66,
            101,
            66,
            97,
            190,
            66,
            260,
            66,
            66,
            121,
            225,
            66,
            66,
            101,
            66,
            121,
            66,
            255,
            66,
            121,
            225,
            66,
            101,
            66,
            122,
            66,
            251,
            66,
            121,
            225,
            66,
            101,
            66,
            145,
            66,
            272,
            66
        ],
        "direction_list": [
            0,
            0,
            0,
            1,
            1,
            0,
            1,
            0,
            1,
            0,
            0,
            1,
            0,
            1,
            0,
            1,
            0,
            0,
            1,
            1,
            1,
            0,
            1,
            0,
            1,
            0,
            0,
            0,
            1,
            1,
            0,
            1,
            0,
            1,
            0,
            0,
            0,
            1,
            1,
            0,
            1,
            0,
            1,
            0
        ],
        "piat_list": [
            0.26106834411621094,
            0.21696090698242188,
            0.02002716064453125,
            26.08203887939453,
            0.030040740966796875,
            0.012874603271484375,
            0.010967254638671875,
            0.006198883056640625,
            0.0019073486328125,
            0.0030994415283203125,
            0.11181831359863281,
            0.7011890411376953,
            0.0050067901611328125,
            0.0059604644775390625,
            0.003814697265625,
            66.15400314331055,
            234.7562313079834,
            0.0438690185546875,
            26.201963424682617,
            0.026941299438476562,
            0.0030994415283203125,
            0.009059906005859375,
            0.8709430694580078,
            0.0040531158447265625,
            0.0059604644775390625,
            0.0030994415283203125,
            55.01294136047363,
            0.02288818359375,
            25.97212791442871,
            0.015020370483398438,
            0.008821487426757812,
            0.9660720825195312,
            0.0050067901611328125,
            0.0019073486328125,
            0.0030994415283203125,
            491.8980598449707,
            0.030040740966796875,
            28.94282341003418,
            0.26917457580566406,
            0.013828277587890625,
            1.667022705078125,
            0.0040531158447265625,
            0.0050067901611328125,
            0.0030994415283203125
        ]
    }
}