{
    "(2886734945, 3741713926, 53918, 443, 'tcp', 0)": {
        "ts_list": [
            1645658064.107474,
            1645658064.107648,
            1645658064.10767,
            1645658064.136098,
            1645658064.136124,
            1645658064.136134,
            1645658064.136178,
            1645658064.136182,
            1645658064.136184,
            1645658064.136187,
            1645658064.136565,
            1645658064.136571,
            1645658064.136575,
            1645658064.13658,
            1645658064.136585,
            1645658064.136589,
            1645658064.136607,
            1645658064.137217,
            1645658064.205305,
            1645658064.419139,
            1645658064.419175,
            1645658064.447859,
            1645658064.447884,
            1645658064.448015,
            1645658064.448028,
            1645658064.448038,
            1645658064.448042,
            1645658064.448045,
            1645658064.448048,
            1645658064.523994,
            1645658064.524023,
            1645658064.554839,
            1645658064.554932,
            1645658064.554945,
            1645658064.555032,
            1645658064.555038,
            1645658064.55504,
            1645658064.555043,
            1645658065.017788,
            1645658065.017831,
            1645658065.046627,
            1645658065.046645,
            1645658065.046654,
            1645658065.046698,
            1645658065.046702,
            1645658065.046799,
            1645658065.046803
        ],
        "ps_list": [
            158,
            184,
            225,
            66,
            121,
            66,
            101,
            66,
            97,
            66,
            66,
            101,
            66,
            191,
            66,
            260,
            66,
            97,
            66,
            121,
            225,
            66,
            66,
            101,
            66,
            122,
            66,
            255,
            66,
            121,
            225,
            66,
            101,
            66,
            122,
            66,
            251,
            66,
            121,
            225,
            66,
            101,
            66,
            145,
            66,
            272,
            66
        ],
        "direction_list": [
            0,
            0,
            0,
            1,
            1,
            0,
            1,
            0,
            1,
            0,
            1,
            1,
            0,
            1,
            0,
            1,
            0,
            0,
            1,
            0,
            0,
            1,
            1,
            1,
            0,
            1,
            0,
            1,
            0,
            0,
            0,
            1,
            1,
            0,
            1,
            0,
            1,
            0,
            0,
            0,
            1,
            1,
            0,
            1,
            0,
            1,
            0
        ],
        "piat_list": [
            0.2551078796386719,
            0.17380714416503906,
            0.022172927856445312,
            28.427839279174805,
            0.025987625122070312,
            0.010013580322265625,
            0.04410743713378906,
            0.0040531158447265625,
            0.0019073486328125,
            0.0030994415283203125,
            0.37789344787597656,
            0.0059604644775390625,
            0.0040531158447265625,
            0.0050067901611328125,
            0.0050067901611328125,
            0.0040531158447265625,
            0.017881393432617188,
            0.6101131439208984,
            68.08805465698242,
            213.83380889892578,
            0.03600120544433594,
            28.684139251708984,
            0.025033950805664062,
            0.1308917999267578,
            0.013113021850585938,
            0.010013580322265625,
            0.003814697265625,
            0.0030994415283203125,
            0.0030994415283203125,
            75.94585418701172,
            0.029087066650390625,
            30.815839767456055,
            0.09322166442871094,
            0.012874603271484375,
            0.08702278137207031,
            0.0059604644775390625,
            0.0019073486328125,
            0.0030994415283203125,
            462.74495124816895,
            0.04315376281738281,
            28.795957565307617,
            0.017881393432617188,
            0.009059906005859375,
            0.04410743713378906,
            0.003814697265625,
            0.09703636169433594,
            0.0040531158447265625
        ]
    }
}