{
    "(2886734945, 3741713926, 51130, 443, 'tcp', 0)": {
        "ts_list": [
            1645362818.138743,
            1645362818.138962,
            1645362818.138988,
            1645362818.165712,
            1645362818.165739,
            1645362818.165751,
            1645362818.165818,
            1645362818.165823,
            1645362818.166588,
            1645362818.166682,
            1645362818.16669,
            1645362818.167273,
            1645362818.167607,
            1645362818.167614,
            1645362818.167619,
            1645362818.167623,
            1645362818.234789,
            1645362818.413154,
            1645362818.413191,
            1645362818.440642,
            1645362818.440662,
            1645362818.440672,
            1645362818.440682,
            1645362818.441579,
            1645362818.441583,
            1645362818.441677,
            1645362818.441681,
            1645362818.49621,
            1645362818.496236,
            1645362818.523619,
            1645362818.523701,
            1645362818.52371,
            1645362818.524593,
            1645362818.524599,
            1645362818.524692,
            1645362818.524696,
            1645362818.887316,
            1645362818.887353,
            1645362818.914679,
            1645362818.914759,
            1645362818.914771,
            1645362818.915777,
            1645362818.915781,
            1645362818.915872,
            1645362818.915876,
            1645362819.051625,
            1645362819.051652,
            1645362819.073468,
            1645362819.073497,
            1645362819.078686,
            1645362819.078706,
            1645362819.078716,
            1645362819.07964,
            1645362819.079656,
            1645362819.079676,
            1645362819.079682,
            1645362819.08086,
            1645362819.080879,
            1645362819.10069,
            1645362819.100706,
            1645362819.110947,
            1645362819.111032,
            1645362819.111069,
            1645362819.111202,
            1645362819.111209,
            1645362819.111224,
            1645362819.111755,
            1645362819.11185,
            1645362819.111872
        ],
        "ps_list": [
            158,
            184,
            225,
            66,
            121,
            66,
            110,
            66,
            66,
            101,
            66,
            97,
            190,
            66,
            260,
            66,
            66,
            121,
            225,
            66,
            66,
            101,
            66,
            122,
            66,
            255,
            66,
            121,
            225,
            66,
            101,
            66,
            120,
            66,
            533,
            66,
            121,
            225,
            66,
            101,
            66,
            121,
            66,
            297,
            66,
            121,
            225,
            121,
            225,
            66,
            101,
            66,
            143,
            66,
            328,
            66,
            121,
            225,
            66,
            101,
            66,
            101,
            66,
            121,
            344,
            66,
            122,
            332,
            66
        ],
        "direction_list": [
            0,
            0,
            0,
            1,
            1,
            0,
            1,
            0,
            1,
            1,
            0,
            0,
            1,
            0,
            1,
            0,
            1,
            0,
            0,
            1,
            1,
            1,
            0,
            1,
            0,
            1,
            0,
            0,
            0,
            1,
            1,
            0,
            1,
            0,
            1,
            0,
            0,
            0,
            1,
            1,
            0,
            1,
            0,
            1,
            0,
            0,
            0,
            0,
            0,
            1,
            1,
            0,
            1,
            0,
            1,
            0,
            0,
            0,
            1,
            1,
            1,
            1,
            0,
            1,
            1,
            0,
            1,
            1,
            0
        ],
        "piat_list": [
            0.2658367156982422,
            0.21910667419433594,
            0.025987625122070312,
            26.72410011291504,
            0.026941299438476562,
            0.011920928955078125,
            0.06699562072753906,
            0.0050067901611328125,
            0.7650852203369141,
            0.09393692016601562,
            0.008106231689453125,
            0.5829334259033203,
            0.33402442932128906,
            0.0069141387939453125,
            0.0050067901611328125,
            0.0040531158447265625,
            67.16585159301758,
            178.36499214172363,
            0.03719329833984375,
            27.451038360595703,
            0.019788742065429688,
            0.010013580322265625,
            0.010013580322265625,
            0.8971691131591797,
            0.003814697265625,
            0.09417533874511719,
            0.003814697265625,
            54.52919006347656,
            0.025987625122070312,
            27.382850646972656,
            0.0820159912109375,
            0.009059906005859375,
            0.8831024169921875,
            0.0059604644775390625,
            0.09298324584960938,
            0.0040531158447265625,
            362.61987686157227,
            0.03695487976074219,
            27.326107025146484,
            0.07987022399902344,
            0.012159347534179688,
            1.0058879852294922,
            0.0040531158447265625,
            0.09107589721679688,
            0.003814697265625,
            135.74910163879395,
            0.026941299438476562,
            21.816015243530273,
            0.029087066650390625,
            5.188941955566406,
            0.02002716064453125,
            0.010013580322265625,
            0.9238719940185547,
            0.015974044799804688,
            0.02002716064453125,
            0.006198883056640625,
            1.1777877807617188,
            0.019073486328125,
            19.810914993286133,
            0.01621246337890625,
            10.240793228149414,
            0.08511543273925781,
            0.03695487976074219,
            0.13303756713867188,
            0.0069141387939453125,
            0.015020370483398438,
            0.5309581756591797,
            0.09512901306152344,
            0.02193450927734375
        ]
    }
}