{
    "(2886734945, 3741648133, 51120, 443, 'tcp', 0)": {
        "ts_list": [
            1645471076.278021,
            1645471076.278195,
            1645471076.278225,
            1645471076.287357,
            1645471076.287393,
            1645471076.287421,
            1645471076.287435,
            1645471076.287442,
            1645471076.287448,
            1645471076.287453,
            1645471076.287502,
            1645471076.287541,
            1645471076.287548,
            1645471076.288421,
            1645471076.288433,
            1645471076.288451,
            1645471076.288458,
            1645471076.33743,
            1645471076.628948,
            1645471076.628982,
            1645471076.638315,
            1645471076.638342,
            1645471076.638497,
            1645471076.63851,
            1645471076.63935,
            1645471076.639353,
            1645471076.639446,
            1645471076.639451,
            1645471076.713351,
            1645471076.713378,
            1645471076.72241,
            1645471076.722596,
            1645471076.722607,
            1645471076.723363,
            1645471076.723368,
            1645471076.723461,
            1645471076.723466,
            1645471077.070978,
            1645471077.071021,
            1645471077.071039,
            1645471077.071094,
            1645471077.080377,
            1645471077.080549,
            1645471077.080561,
            1645471077.080572,
            1645471077.080576,
            1645471077.081388,
            1645471077.081399,
            1645471077.081482,
            1645471077.081486,
            1645471077.08238,
            1645471077.082403,
            1645471077.082477,
            1645471077.08249,
            1645471077.082697,
            1645471077.082985,
            1645471077.082999,
            1645471077.091386,
            1645471077.091472,
            1645471077.092316,
            1645471077.092412,
            1645471077.092511,
            1645471077.09329,
            1645471077.093396,
            1645471077.094872
        ],
        "ps_list": [
            158,
            184,
            225,
            66,
            121,
            66,
            101,
            66,
            97,
            66,
            97,
            101,
            66,
            191,
            66,
            260,
            66,
            66,
            121,
            225,
            66,
            66,
            101,
            66,
            121,
            66,
            255,
            66,
            121,
            225,
            66,
            101,
            66,
            122,
            66,
            251,
            66,
            121,
            121,
            225,
            225,
            66,
            101,
            66,
            101,
            66,
            142,
            66,
            328,
            66,
            121,
            225,
            122,
            332,
            66,
            121,
            225,
            66,
            101,
            66,
            133,
            344,
            120,
            297,
            66
        ],
        "direction_list": [
            0,
            0,
            0,
            1,
            1,
            0,
            1,
            0,
            1,
            0,
            0,
            1,
            0,
            1,
            0,
            1,
            0,
            1,
            0,
            0,
            1,
            1,
            1,
            0,
            1,
            0,
            1,
            0,
            0,
            0,
            1,
            1,
            0,
            1,
            0,
            1,
            0,
            0,
            0,
            0,
            0,
            1,
            1,
            0,
            1,
            0,
            1,
            0,
            1,
            0,
            0,
            0,
            1,
            1,
            0,
            0,
            0,
            1,
            1,
            1,
            1,
            1,
            1,
            1,
            0
        ],
        "piat_list": [
            0.24318695068359375,
            0.17380714416503906,
            0.030040740966796875,
            9.132146835327148,
            0.03600120544433594,
            0.027894973754882812,
            0.014066696166992188,
            0.0069141387939453125,
            0.0059604644775390625,
            0.0050067901611328125,
            0.049114227294921875,
            0.03886222839355469,
            0.007152557373046875,
            0.8728504180908203,
            0.012159347534179688,
            0.017881393432617188,
            0.007152557373046875,
            48.97189140319824,
            291.517972946167,
            0.03409385681152344,
            9.332895278930664,
            0.026941299438476562,
            0.1552104949951172,
            0.012874603271484375,
            0.8399486541748047,
            0.0030994415283203125,
            0.09298324584960938,
            0.0050067901611328125,
            73.89998435974121,
            0.026941299438476562,
            9.032011032104492,
            0.18596649169921875,
            0.010967254638671875,
            0.7560253143310547,
            0.0050067901611328125,
            0.09298324584960938,
            0.0050067901611328125,
            347.51200675964355,
            0.04315376281738281,
            0.017881393432617188,
            0.05507469177246094,
            9.283065795898438,
            0.17189979553222656,
            0.011920928955078125,
            0.010967254638671875,
            0.0040531158447265625,
            0.8120536804199219,
            0.010967254638671875,
            0.08296966552734375,
            0.0040531158447265625,
            0.8940696716308594,
            0.02288818359375,
            0.07414817810058594,
            0.012874603271484375,
            0.20694732666015625,
            0.2880096435546875,
            0.014066696166992188,
            8.387088775634766,
            0.0858306884765625,
            0.8440017700195312,
            0.09608268737792969,
            0.09894371032714844,
            0.7791519165039062,
            0.10585784912109375,
            1.4760494232177734
        ]
    }
}