{
    "(2886734945, 3741713926, 41358, 443, 'tcp', 0)": {
        "ts_list": [
            1645527858.325163,
            1645527858.325357,
            1645527858.325376,
            1645527858.34026,
            1645527858.340304,
            1645527858.34045,
            1645527858.352125,
            1645527858.352161,
            1645527858.352175,
            1645527858.352304,
            1645527858.35231,
            1645527858.352321,
            1645527858.352327,
            1645527858.353232,
            1645527858.353243,
            1645527858.353258,
            1645527858.353263,
            1645527858.407325,
            1645527858.625582,
            1645527858.625622,
            1645527858.652271,
            1645527858.652293,
            1645527858.652297,
            1645527858.652306,
            1645527858.653142,
            1645527858.653154,
            1645527858.653172,
            1645527858.653176,
            1645527858.750944,
            1645527858.750978,
            1645527858.753382,
            1645527858.753428,
            1645527858.778199,
            1645527858.77827,
            1645527858.778284,
            1645527858.779203,
            1645527858.779208,
            1645527858.779218,
            1645527858.779222,
            1645527858.780201,
            1645527858.780301,
            1645527858.780305,
            1645527858.781141,
            1645527858.781146,
            1645527858.781254,
            1645527858.781258,
            1645527859.399474,
            1645527859.399516,
            1645527859.426272,
            1645527859.426304,
            1645527859.42632,
            1645527859.42723,
            1645527859.427235,
            1645527859.427242,
            1645527859.427246,
            1645527859.505805,
            1645527859.505834,
            1645527859.53217,
            1645527859.532244,
            1645527859.532256,
            1645527859.533168,
            1645527859.533172,
            1645527859.533268,
            1645527859.533272
        ],
        "ps_list": [
            158,
            184,
            225,
            121,
            66,
            97,
            66,
            101,
            66,
            97,
            66,
            101,
            66,
            191,
            66,
            260,
            66,
            66,
            121,
            225,
            66,
            66,
            101,
            66,
            121,
            66,
            255,
            66,
            121,
            225,
            121,
            225,
            66,
            101,
            66,
            122,
            66,
            253,
            66,
            66,
            101,
            66,
            119,
            66,
            323,
            66,
            121,
            225,
            66,
            101,
            66,
            143,
            66,
            368,
            66,
            121,
            225,
            66,
            101,
            66,
            122,
            66,
            256,
            66
        ],
        "direction_list": [
            0,
            0,
            0,
            1,
            0,
            0,
            1,
            1,
            0,
            1,
            0,
            1,
            0,
            1,
            0,
            1,
            0,
            1,
            0,
            0,
            1,
            1,
            1,
            0,
            1,
            0,
            1,
            0,
            0,
            0,
            0,
            0,
            1,
            1,
            0,
            1,
            0,
            1,
            0,
            1,
            1,
            0,
            1,
            0,
            1,
            0,
            0,
            0,
            1,
            1,
            0,
            1,
            0,
            1,
            0,
            0,
            0,
            1,
            1,
            0,
            1,
            0,
            1,
            0
        ],
        "piat_list": [
            11.638879776000977,
            0.19407272338867188,
            0.019073486328125,
            14.883995056152344,
            0.0438690185546875,
            0.1461505889892578,
            11.674880981445312,
            0.03600120544433594,
            0.014066696166992188,
            0.1289844512939453,
            0.0059604644775390625,
            0.010967254638671875,
            0.006198883056640625,
            0.9047985076904297,
            0.011205673217773438,
            0.014781951904296875,
            0.0050067901611328125,
            54.0621280670166,
            218.25695037841797,
            0.0400543212890625,
            26.648998260498047,
            0.02193450927734375,
            0.0040531158447265625,
            0.009059906005859375,
            0.8358955383300781,
            0.011920928955078125,
            0.01811981201171875,
            0.0040531158447265625,
            97.76782989501953,
            0.03409385681152344,
            2.4039745330810547,
            0.04601478576660156,
            24.77097511291504,
            0.07104873657226562,
            0.014066696166992188,
            0.9188652038574219,
            0.0050067901611328125,
            0.010013580322265625,
            0.0040531158447265625,
            0.9789466857910156,
            0.10013580322265625,
            0.003814697265625,
            0.8361339569091797,
            0.0050067901611328125,
            0.10800361633300781,
            0.0040531158447265625,
            618.215799331665,
            0.04220008850097656,
            26.755809783935547,
            0.03218650817871094,
            0.015974044799804688,
            0.9098052978515625,
            0.0050067901611328125,
            0.007152557373046875,
            0.0040531158447265625,
            78.55892181396484,
            0.029087066650390625,
            26.335954666137695,
            0.07390975952148438,
            0.011920928955078125,
            0.9121894836425781,
            0.003814697265625,
            0.09608268737792969,
            0.0040531158447265625
        ]
    }
}