{
    "(2886734945, 3741713926, 41754, 443, 'tcp', 0)": {
        "ts_list": [
            1645528399.81751,
            1645528399.817758,
            1645528399.817785,
            1645528399.845596,
            1645528399.845639,
            1645528399.845683,
            1645528399.845688,
            1645528399.845693,
            1645528399.84571,
            1645528399.845714,
            1645528399.845856,
            1645528399.84647,
            1645528399.846483,
            1645528399.846565,
            1645528399.846569,
            1645528399.91369,
            1645528400.101421,
            1645528400.101465,
            1645528400.129714,
            1645528400.129735,
            1645528400.129738,
            1645528400.129748,
            1645528400.130596,
            1645528400.13061,
            1645528400.130618,
            1645528400.130622,
            1645528400.24454,
            1645528400.244575,
            1645528400.246488,
            1645528400.24652,
            1645528400.272615,
            1645528400.272666,
            1645528400.27269,
            1645528400.273593,
            1645528400.273614,
            1645528400.273628,
            1645528400.273636,
            1645528400.274591,
            1645528400.274609,
            1645528400.274619,
            1645528400.275542,
            1645528400.275561,
            1645528400.275575,
            1645528400.275581,
            1645528400.888876,
            1645528400.888926,
            1645528400.916642,
            1645528400.916692,
            1645528400.916716,
            1645528400.917571,
            1645528400.917582,
            1645528400.917586,
            1645528400.91759,
            1645528401.04817,
            1645528401.048202,
            1645528401.076628,
            1645528401.07667,
            1645528401.076687,
            1645528401.077483,
            1645528401.077488,
            1645528401.07758,
            1645528401.077585
        ],
        "ps_list": [
            158,
            184,
            225,
            66,
            121,
            66,
            110,
            66,
            101,
            66,
            97,
            190,
            66,
            260,
            66,
            66,
            121,
            225,
            66,
            66,
            101,
            66,
            144,
            66,
            255,
            66,
            121,
            225,
            121,
            225,
            66,
            101,
            66,
            122,
            66,
            253,
            66,
            66,
            101,
            66,
            120,
            66,
            323,
            66,
            121,
            225,
            66,
            101,
            66,
            121,
            66,
            368,
            66,
            121,
            225,
            66,
            101,
            66,
            145,
            66,
            256,
            66
        ],
        "direction_list": [
            0,
            0,
            0,
            1,
            1,
            0,
            1,
            0,
            1,
            0,
            0,
            1,
            0,
            1,
            0,
            1,
            0,
            0,
            1,
            1,
            1,
            0,
            1,
            0,
            1,
            0,
            0,
            0,
            0,
            0,
            1,
            1,
            0,
            1,
            0,
            1,
            0,
            1,
            1,
            0,
            1,
            0,
            1,
            0,
            0,
            0,
            1,
            1,
            0,
            1,
            0,
            1,
            0,
            0,
            0,
            1,
            1,
            0,
            1,
            0,
            1,
            0
        ],
        "piat_list": [
            0.3139972686767578,
            0.24819374084472656,
            0.026941299438476562,
            27.811050415039062,
            0.04291534423828125,
            0.04410743713378906,
            0.0050067901611328125,
            0.0050067901611328125,
            0.016927719116210938,
            0.0040531158447265625,
            0.1418590545654297,
            0.614166259765625,
            0.012874603271484375,
            0.0820159912109375,
            0.0040531158447265625,
            67.12102890014648,
            187.7310276031494,
            0.0438690185546875,
            28.249025344848633,
            0.0209808349609375,
            0.0030994415283203125,
            0.010013580322265625,
            0.8478164672851562,
            0.014066696166992188,
            0.008106231689453125,
            0.003814697265625,
            113.91806602478027,
            0.03504753112792969,
            1.9130706787109375,
            0.031948089599609375,
            26.094913482666016,
            0.051021575927734375,
            0.024080276489257812,
            0.9028911590576172,
            0.0209808349609375,
            0.014066696166992188,
            0.008106231689453125,
            0.9548664093017578,
            0.01811981201171875,
            0.010013580322265625,
            0.9229183197021484,
            0.019073486328125,
            0.013828277587890625,
            0.0059604644775390625,
            613.2950782775879,
            0.050067901611328125,
            27.71592140197754,
            0.050067901611328125,
            0.024080276489257812,
            0.8549690246582031,
            0.010967254638671875,
            0.0040531158447265625,
            0.003814697265625,
            130.58018684387207,
            0.031948089599609375,
            28.425931930541992,
            0.041961669921875,
            0.0171661376953125,
            0.7958412170410156,
            0.0050067901611328125,
            0.09202957153320312,
            0.0050067901611328125
        ]
    }
}