{
    "(2886734945, 3741648133, 40282, 443, 'tcp', 0)": {
        "ts_list": [
            1645733093.618935,
            1645733093.619133,
            1645733093.619153,
            1645733093.629061,
            1645733093.629076,
            1645733093.629084,
            1645733093.629097,
            1645733093.629102,
            1645733093.629244,
            1645733093.629248,
            1645733093.629345,
            1645733093.629349,
            1645733093.629351,
            1645733093.629354,
            1645733093.632308,
            1645733093.680432,
            1645733093.987358,
            1645733093.987397,
            1645733093.99574,
            1645733093.995788,
            1645733093.995916,
            1645733093.995926,
            1645733093.995936,
            1645733093.99594,
            1645733093.995943,
            1645733093.995946,
            1645733094.111274,
            1645733094.111302,
            1645733094.119588,
            1645733094.119691
        ],
        "ps_list": [
            158,
            184,
            225,
            66,
            121,
            66,
            110,
            66,
            101,
            66,
            190,
            66,
            260,
            66,
            97,
            66,
            121,
            225,
            66,
            66,
            101,
            66,
            120,
            66,
            255,
            66,
            121,
            225,
            66,
            101
        ],
        "direction_list": [
            0,
            0,
            0,
            1,
            1,
            0,
            1,
            0,
            1,
            0,
            1,
            0,
            1,
            0,
            0,
            1,
            0,
            0,
            1,
            1,
            1,
            0,
            1,
            0,
            1,
            0,
            0,
            0,
            1,
            1
        ],
        "piat_list": [
            0.2930164337158203,
            0.19788742065429688,
            0.02002716064453125,
            9.907960891723633,
            0.015020370483398438,
            0.008106231689453125,
            0.012874603271484375,
            0.0050067901611328125,
            0.14209747314453125,
            0.003814697265625,
            0.09703636169433594,
            0.0040531158447265625,
            0.0019073486328125,
            0.0030994415283203125,
            2.9540061950683594,
            48.124074935913086,
            306.92601203918457,
            0.03886222839355469,
            8.342981338500977,
            0.048160552978515625,
            0.1277923583984375,
            0.010013580322265625,
            0.010013580322265625,
            0.0040531158447265625,
            0.0030994415283203125,
            0.00286102294921875,
            115.32807350158691,
            0.027894973754882812,
            8.285999298095703,
            0.102996826171875
        ]
    }
}