{
    "(2886734945, 3741648133, 40654, 443, 'tcp', 0)": {
        "ts_list": [
            1645733729.264247,
            1645733729.264499,
            1645733729.264536,
            1645733729.272046,
            1645733729.27207,
            1645733729.272409,
            1645733729.272467,
            1645733729.272503,
            1645733729.27251,
            1645733729.27252,
            1645733729.272524,
            1645733729.272604,
            1645733729.272616,
            1645733729.272621,
            1645733729.272624,
            1645733729.272627,
            1645733729.27263,
            1645733729.319392,
            1645733729.645329,
            1645733729.645368,
            1645733729.653129,
            1645733729.653154,
            1645733729.653314,
            1645733729.653329,
            1645733729.65334,
            1645733729.653344,
            1645733729.653412,
            1645733729.653417,
            1645733729.758041,
            1645733729.758073,
            1645733729.765976,
            1645733729.766055,
            1645733729.766065,
            1645733729.766072,
            1645733729.766075,
            1645733729.766079,
            1645733729.766082
        ],
        "ps_list": [
            158,
            184,
            225,
            121,
            66,
            66,
            97,
            101,
            66,
            97,
            66,
            101,
            66,
            191,
            66,
            260,
            66,
            66,
            121,
            225,
            66,
            66,
            101,
            66,
            120,
            66,
            255,
            66,
            121,
            225,
            66,
            101,
            66,
            122,
            66,
            248,
            66
        ],
        "direction_list": [
            0,
            0,
            0,
            1,
            0,
            1,
            0,
            1,
            0,
            1,
            0,
            1,
            0,
            1,
            0,
            1,
            0,
            1,
            0,
            0,
            1,
            1,
            1,
            0,
            1,
            0,
            1,
            0,
            0,
            0,
            1,
            1,
            0,
            1,
            0,
            1,
            0
        ],
        "piat_list": [
            0.3368854522705078,
            0.25200843811035156,
            0.03695487976074219,
            7.510185241699219,
            0.02384185791015625,
            0.3390312194824219,
            0.05793571472167969,
            0.03600120544433594,
            0.007152557373046875,
            0.010013580322265625,
            0.0040531158447265625,
            0.07987022399902344,
            0.011920928955078125,
            0.0050067901611328125,
            0.0030994415283203125,
            0.0030994415283203125,
            0.00286102294921875,
            46.76198959350586,
            325.93703269958496,
            0.03910064697265625,
            7.7610015869140625,
            0.0247955322265625,
            0.16021728515625,
            0.014781951904296875,
            0.011205673217773438,
            0.003814697265625,
            0.06818771362304688,
            0.0050067901611328125,
            104.62379455566406,
            0.03218650817871094,
            7.902860641479492,
            0.07915496826171875,
            0.009775161743164062,
            0.007152557373046875,
            0.00286102294921875,
            0.0040531158447265625,
            0.0030994415283203125
        ]
    }
}