{
    "(2886734945, 3741713926, 43146, 443, 'tcp', 0)": {
        "ts_list": [
            1644906513.236914,
            1644906513.237106,
            1644906513.237133,
            1644906513.237148,
            1644906513.237234,
            1644906513.2651,
            1644906513.265187,
            1644906513.265195,
            1644906513.265204,
            1644906513.265208,
            1644906513.265316,
            1644906513.266106,
            1644906513.266206,
            1644906513.266209,
            1644906513.266215,
            1644906513.266218,
            1644906513.267032,
            1644906513.267036,
            1644906513.267137,
            1644906513.267141,
            1644906513.318992,
            1644906513.31902,
            1644906513.321161,
            1644906513.32118,
            1644906513.334225,
            1644906513.347161,
            1644906513.347174,
            1644906513.347249,
            1644906513.348046,
            1644906513.348145,
            1644906513.349442,
            1644906513.350081,
            1644906513.350089,
            1644906513.350134,
            1644906513.351072,
            1644906513.351101,
            1644906513.35117,
            1644906513.351181,
            1644906513.438811,
            1644906513.438837,
            1644906513.440165,
            1644906513.440185,
            1644906513.442249,
            1644906513.442272,
            1644906513.467197,
            1644906513.468038,
            1644906513.468122,
            1644906513.469102,
            1644906513.469242,
            1644906513.469263,
            1644906513.469342,
            1644906513.469373,
            1644906513.469445,
            1644906513.469624,
            1644906513.470362,
            1644906513.470403,
            1644906513.470457,
            1644906513.470479,
            1644906513.471053,
            1644906513.471465,
            1644906513.471501,
            1644906513.472444,
            1644906513.472465,
            1644906513.472558,
            1644906513.472579,
            1644906513.540275,
            1644906513.540309,
            1644906513.569199,
            1644906513.569385,
            1644906513.569445,
            1644906513.570365,
            1644906513.570397,
            1644906513.570463,
            1644906513.570485
        ],
        "ps_list": [
            158,
            184,
            121,
            225,
            225,
            66,
            121,
            66,
            110,
            66,
            97,
            66,
            101,
            66,
            101,
            66,
            395,
            66,
            255,
            66,
            121,
            225,
            121,
            225,
            66,
            66,
            66,
            101,
            120,
            309,
            66,
            66,
            101,
            66,
            107,
            66,
            321,
            66,
            121,
            225,
            121,
            225,
            121,
            225,
            66,
            101,
            66,
            66,
            122,
            66,
            251,
            66,
            101,
            66,
            121,
            66,
            297,
            66,
            66,
            101,
            66,
            121,
            66,
            336,
            66,
            121,
            225,
            66,
            101,
            66,
            108,
            66,
            363,
            66
        ],
        "direction_list": [
            0,
            0,
            0,
            0,
            0,
            1,
            1,
            0,
            1,
            0,
            0,
            1,
            1,
            0,
            1,
            0,
            1,
            0,
            1,
            0,
            0,
            0,
            0,
            0,
            1,
            1,
            1,
            1,
            1,
            1,
            0,
            1,
            1,
            0,
            1,
            0,
            1,
            0,
            0,
            0,
            0,
            0,
            0,
            0,
            1,
            1,
            0,
            1,
            1,
            0,
            1,
            0,
            1,
            0,
            1,
            0,
            1,
            0,
            1,
            1,
            0,
            1,
            0,
            1,
            0,
            0,
            0,
            1,
            1,
            0,
            1,
            0,
            1,
            0
        ],
        "piat_list": [
            0.22602081298828125,
            0.19216537475585938,
            0.026941299438476562,
            0.015020370483398438,
            0.08606910705566406,
            27.865886688232422,
            0.08702278137207031,
            0.007867813110351562,
            0.009059906005859375,
            0.0040531158447265625,
            0.10800361633300781,
            0.7898807525634766,
            0.10013580322265625,
            0.00286102294921875,
            0.006198883056640625,
            0.00286102294921875,
            0.8139610290527344,
            0.0040531158447265625,
            0.1010894775390625,
            0.0040531158447265625,
            51.85079574584961,
            0.028133392333984375,
            2.1409988403320312,
            0.019073486328125,
            13.04483413696289,
            12.936115264892578,
            0.012874603271484375,
            0.07510185241699219,
            0.7970333099365234,
            0.09894371032714844,
            1.2969970703125,
            0.6389617919921875,
            0.008106231689453125,
            0.04482269287109375,
            0.9381771087646484,
            0.028848648071289062,
            0.06914138793945312,
            0.010967254638671875,
            87.63003349304199,
            0.025987625122070312,
            1.3279914855957031,
            0.02002716064453125,
            2.0639896392822266,
            0.02288818359375,
            24.92499351501465,
            0.8411407470703125,
            0.08392333984375,
            0.9799003601074219,
            0.14019012451171875,
            0.0209808349609375,
            0.07891654968261719,
            0.030994415283203125,
            0.07200241088867188,
            0.17905235290527344,
            0.7379055023193359,
            0.04100799560546875,
            0.05412101745605469,
            0.02193450927734375,
            0.5738735198974609,
            0.41222572326660156,
            0.03600120544433594,
            0.9429454803466797,
            0.0209808349609375,
            0.09298324584960938,
            0.0209808349609375,
            67.69609451293945,
            0.033855438232421875,
            28.890132904052734,
            0.18596649169921875,
            0.05984306335449219,
            0.9200572967529297,
            0.031948089599609375,
            0.06604194641113281,
            0.022172927856445312
        ]
    }
}