{
    "(2886734945, 3741713926, 38982, 443, 'tcp', 0)": {
        "ts_list": [
            1644880518.164498,
            1644880518.164663,
            1644880518.164686,
            1644880518.188299,
            1644880518.188334,
            1644880518.188482,
            1644880518.189261,
            1644880518.18936,
            1644880518.189366,
            1644880518.189374,
            1644880518.189378,
            1644880518.189381,
            1644880518.189384,
            1644880518.190234,
            1644880518.190239,
            1644880518.190245,
            1644880518.190249,
            1644880518.253417,
            1644880518.399831,
            1644880518.399865,
            1644880518.424292,
            1644880518.424312,
            1644880518.424319,
            1644880518.424329,
            1644880518.425231,
            1644880518.425239,
            1644880518.425243,
            1644880518.425247,
            1644880518.508102,
            1644880518.508138,
            1644880518.514855,
            1644880518.514888,
            1644880518.532244,
            1644880518.532267,
            1644880518.532278,
            1644880518.533242,
            1644880518.533249,
            1644880518.533338,
            1644880518.533342,
            1644880518.539274,
            1644880518.539353,
            1644880518.539358,
            1644880518.540242,
            1644880518.540248,
            1644880518.540339,
            1644880518.540342,
            1644880518.83324,
            1644880518.833271,
            1644880518.857298,
            1644880518.85738,
            1644880518.85739,
            1644880518.85855,
            1644880518.858555,
            1644880518.858561,
            1644880518.858564
        ],
        "ps_list": [
            158,
            184,
            225,
            121,
            66,
            97,
            66,
            101,
            66,
            97,
            66,
            101,
            66,
            191,
            66,
            260,
            66,
            66,
            121,
            225,
            66,
            66,
            101,
            66,
            121,
            66,
            255,
            66,
            121,
            225,
            121,
            225,
            66,
            101,
            66,
            119,
            66,
            258,
            66,
            66,
            101,
            66,
            122,
            66,
            262,
            66,
            121,
            225,
            66,
            101,
            66,
            120,
            66,
            332,
            66
        ],
        "direction_list": [
            0,
            0,
            0,
            1,
            0,
            0,
            1,
            1,
            0,
            1,
            0,
            1,
            0,
            1,
            0,
            1,
            0,
            1,
            0,
            0,
            1,
            1,
            1,
            0,
            1,
            0,
            1,
            0,
            0,
            0,
            0,
            0,
            1,
            1,
            0,
            1,
            0,
            1,
            0,
            1,
            1,
            0,
            1,
            0,
            1,
            0,
            0,
            0,
            1,
            1,
            0,
            1,
            0,
            1,
            0
        ],
        "piat_list": [
            0.26798248291015625,
            0.16498565673828125,
            0.02288818359375,
            23.61297607421875,
            0.03504753112792969,
            0.1480579376220703,
            0.7789134979248047,
            0.09894371032714844,
            0.006198883056640625,
            0.007867813110351562,
            0.0040531158447265625,
            0.00286102294921875,
            0.0030994415283203125,
            0.8499622344970703,
            0.0050067901611328125,
            0.0059604644775390625,
            0.0040531158447265625,
            63.16804885864258,
            146.41404151916504,
            0.033855438232421875,
            24.427175521850586,
            0.02002716064453125,
            0.0069141387939453125,
            0.010013580322265625,
            0.9019374847412109,
            0.008106231689453125,
            0.003814697265625,
            0.0040531158447265625,
            82.8549861907959,
            0.03600120544433594,
            6.71696662902832,
            0.03314018249511719,
            17.355918884277344,
            0.023126602172851562,
            0.010967254638671875,
            0.9639263153076172,
            0.0069141387939453125,
            0.08916854858398438,
            0.003814697265625,
            5.932092666625977,
            0.07891654968261719,
            0.0050067901611328125,
            0.8840560913085938,
            0.0059604644775390625,
            0.09107589721679688,
            0.0030994415283203125,
            292.89793968200684,
            0.030994415283203125,
            24.026870727539062,
            0.0820159912109375,
            0.010013580322265625,
            1.1601448059082031,
            0.0050067901611328125,
            0.0059604644775390625,
            0.00286102294921875
        ]
    }
}