{
    "(2886734945, 3741713926, 51814, 443, 'tcp', 0)": {
        "ts_list": [
            1645654791.801943,
            1645654791.802109,
            1645654791.802132,
            1645654791.828022,
            1645654791.828064,
            1645654791.828305,
            1645654791.82831,
            1645654791.828668,
            1645654791.828672,
            1645654791.829118,
            1645654791.829122,
            1645654791.829223,
            1645654791.829227,
            1645654791.829323,
            1645654791.829328,
            1645654791.831466,
            1645654791.896649,
            1645654792.09339,
            1645654792.093421,
            1645654792.118927,
            1645654792.118947,
            1645654792.119155,
            1645654792.119169,
            1645654792.119256,
            1645654792.119265,
            1645654792.119268,
            1645654792.119272,
            1645654792.208119,
            1645654792.208154,
            1645654792.233745,
            1645654792.233843,
            1645654792.233858,
            1645654792.233872,
            1645654792.233876,
            1645654792.234023,
            1645654792.234027,
            1645654792.279543,
            1645654792.279567,
            1645654792.305173,
            1645654792.305195,
            1645654792.30521,
            1645654792.305252,
            1645654792.305257,
            1645654792.305352,
            1645654792.305357,
            1645654792.405872,
            1645654792.405915,
            1645654792.4315,
            1645654792.431666,
            1645654792.431677,
            1645654792.431682,
            1645654792.431864,
            1645654792.432528,
            1645654792.47341,
            1645654792.473429,
            1645654792.499006,
            1645654792.499023,
            1645654792.499066,
            1645654792.499096,
            1645654792.499109,
            1645654792.499196,
            1645654792.499218,
            1645654792.663435,
            1645654792.663471,
            1645654792.68918,
            1645654792.689215,
            1645654792.689226,
            1645654792.689317,
            1645654792.68936,
            1645654792.689461
        ],
        "ps_list": [
            158,
            184,
            225,
            121,
            66,
            101,
            66,
            97,
            66,
            101,
            66,
            191,
            66,
            260,
            66,
            97,
            66,
            121,
            225,
            66,
            66,
            101,
            66,
            145,
            66,
            255,
            66,
            121,
            225,
            66,
            101,
            66,
            121,
            66,
            313,
            66,
            121,
            225,
            66,
            101,
            66,
            120,
            66,
            529,
            66,
            121,
            225,
            66,
            101,
            66,
            108,
            692,
            66,
            121,
            225,
            66,
            101,
            66,
            120,
            66,
            480,
            66,
            121,
            225,
            66,
            101,
            119,
            66,
            305,
            66
        ],
        "direction_list": [
            0,
            0,
            0,
            1,
            0,
            1,
            0,
            1,
            0,
            1,
            0,
            1,
            0,
            1,
            0,
            0,
            1,
            0,
            0,
            1,
            1,
            1,
            0,
            1,
            0,
            1,
            0,
            0,
            0,
            1,
            1,
            0,
            1,
            0,
            1,
            0,
            0,
            0,
            1,
            1,
            0,
            1,
            0,
            1,
            0,
            0,
            0,
            1,
            1,
            0,
            1,
            1,
            0,
            0,
            0,
            1,
            1,
            0,
            1,
            0,
            1,
            0,
            0,
            0,
            1,
            1,
            1,
            0,
            1,
            0
        ],
        "piat_list": [
            0.2529621124267578,
            0.1659393310546875,
            0.02288818359375,
            25.890111923217773,
            0.041961669921875,
            0.2410411834716797,
            0.0050067901611328125,
            0.3581047058105469,
            0.003814697265625,
            0.44608116149902344,
            0.0040531158447265625,
            0.10085105895996094,
            0.0040531158447265625,
            0.09608268737792969,
            0.0050067901611328125,
            2.137899398803711,
            65.18292427062988,
            196.74110412597656,
            0.030994415283203125,
            25.506019592285156,
            0.02002716064453125,
            0.2079010009765625,
            0.014066696166992188,
            0.08702278137207031,
            0.009059906005859375,
            0.00286102294921875,
            0.0040531158447265625,
            88.84692192077637,
            0.03504753112792969,
            25.591135025024414,
            0.09799003601074219,
            0.015020370483398438,
            0.013828277587890625,
            0.0040531158447265625,
            0.14710426330566406,
            0.003814697265625,
            45.516014099121094,
            0.024080276489257812,
            25.60591697692871,
            0.022172927856445312,
            0.015020370483398438,
            0.041961669921875,
            0.0050067901611328125,
            0.09489059448242188,
            0.0050067901611328125,
            100.51512718200684,
            0.04291534423828125,
            25.584936141967773,
            0.1659393310546875,
            0.011205673217773438,
            0.0050067901611328125,
            0.1819133758544922,
            0.6639957427978516,
            40.88187217712402,
            0.019073486328125,
            25.577068328857422,
            0.016927719116210938,
            0.04315376281738281,
            0.029802322387695312,
            0.013113021850585938,
            0.08702278137207031,
            0.02193450927734375,
            164.2169952392578,
            0.03600120544433594,
            25.708913803100586,
            0.03504753112792969,
            0.010967254638671875,
            0.09107589721679688,
            0.04291534423828125,
            0.1010894775390625
        ]
    }
}