{
    "(2886734945, 3741648133, 57068, 443, 'tcp', 0)": {
        "ts_list": [
            1645616214.676903,
            1645616214.677082,
            1645616214.677106,
            1645616214.684651,
            1645616214.684702,
            1645616214.684783,
            1645616214.684791,
            1645616214.684793,
            1645616214.684796,
            1645616214.684845,
            1645616214.68488,
            1645616214.684885,
            1645616214.68489,
            1645616214.684977,
            1645616214.684981,
            1645616214.684986,
            1645616214.684989,
            1645616214.732148,
            1645616215.036337,
            1645616215.036375,
            1645616215.043947,
            1645616215.043973,
            1645616215.044125,
            1645616215.04414,
            1645616215.044152,
            1645616215.044157,
            1645616215.04416,
            1645616215.044164,
            1645616215.148365,
            1645616215.148393,
            1645616215.156106,
            1645616215.156184,
            1645616215.156198,
            1645616215.156286,
            1645616215.156294,
            1645616215.156296,
            1645616215.156301
        ],
        "ps_list": [
            158,
            184,
            225,
            121,
            66,
            101,
            66,
            97,
            66,
            97,
            66,
            101,
            66,
            191,
            66,
            260,
            66,
            66,
            121,
            225,
            66,
            66,
            101,
            66,
            145,
            66,
            255,
            66,
            121,
            225,
            66,
            101,
            66,
            122,
            66,
            252,
            66
        ],
        "direction_list": [
            0,
            0,
            0,
            1,
            0,
            1,
            0,
            1,
            0,
            0,
            1,
            1,
            0,
            1,
            0,
            1,
            0,
            1,
            0,
            0,
            1,
            1,
            1,
            0,
            1,
            0,
            1,
            0,
            0,
            0,
            1,
            1,
            0,
            1,
            0,
            1,
            0
        ],
        "piat_list": [
            0.28204917907714844,
            0.17905235290527344,
            0.02384185791015625,
            7.544994354248047,
            0.051021575927734375,
            0.08106231689453125,
            0.008106231689453125,
            0.0019073486328125,
            0.0030994415283203125,
            0.04887580871582031,
            0.03504753112792969,
            0.0050067901611328125,
            0.0050067901611328125,
            0.08702278137207031,
            0.0040531158447265625,
            0.0050067901611328125,
            0.00286102294921875,
            47.15895652770996,
            304.18896675109863,
            0.03814697265625,
            7.571935653686523,
            0.025987625122070312,
            0.15211105346679688,
            0.015020370483398438,
            0.011920928955078125,
            0.0050067901611328125,
            0.00286102294921875,
            0.0040531158447265625,
            104.20107841491699,
            0.027894973754882812,
            7.713079452514648,
            0.07796287536621094,
            0.014066696166992188,
            0.08797645568847656,
            0.008106231689453125,
            0.0019073486328125,
            0.0050067901611328125
        ]
    }
}