{
    "(2886734945, 3741648133, 57248, 443, 'tcp', 0)": {
        "ts_list": [
            1645616564.319354,
            1645616564.319581,
            1645616564.319602,
            1645616564.329353,
            1645616564.329387,
            1645616564.329408,
            1645616564.329427,
            1645616564.329434,
            1645616564.329534,
            1645616564.329556,
            1645616564.329562,
            1645616564.330392,
            1645616564.330403,
            1645616564.330415,
            1645616564.330419,
            1645616564.38065,
            1645616564.702432,
            1645616564.702471,
            1645616564.718764,
            1645616564.718789,
            1645616564.718809,
            1645616564.718826,
            1645616564.718842,
            1645616564.718846,
            1645616564.718849,
            1645616564.718852,
            1645616564.829848,
            1645616564.82988,
            1645616564.853119,
            1645616564.853148,
            1645616564.853164,
            1645616564.853174,
            1645616564.853183,
            1645616564.853186,
            1645616564.853189
        ],
        "ps_list": [
            158,
            184,
            225,
            66,
            121,
            66,
            110,
            66,
            97,
            101,
            66,
            191,
            66,
            260,
            66,
            66,
            121,
            225,
            66,
            66,
            101,
            66,
            121,
            66,
            255,
            66,
            121,
            225,
            66,
            101,
            66,
            121,
            66,
            252,
            66
        ],
        "direction_list": [
            0,
            0,
            0,
            1,
            1,
            0,
            1,
            0,
            0,
            1,
            0,
            1,
            0,
            1,
            0,
            1,
            0,
            0,
            1,
            1,
            1,
            0,
            1,
            0,
            1,
            0,
            0,
            0,
            1,
            1,
            0,
            1,
            0,
            1,
            0
        ],
        "piat_list": [
            0.28514862060546875,
            0.2269744873046875,
            0.0209808349609375,
            9.751081466674805,
            0.033855438232421875,
            0.0209808349609375,
            0.019073486328125,
            0.0069141387939453125,
            0.10013580322265625,
            0.02193450927734375,
            0.0059604644775390625,
            0.8299350738525391,
            0.011205673217773438,
            0.011920928955078125,
            0.0040531158447265625,
            50.230979919433594,
            321.78187370300293,
            0.03910064697265625,
            16.293048858642578,
            0.025033950805664062,
            0.019788742065429688,
            0.0171661376953125,
            0.015974044799804688,
            0.0040531158447265625,
            0.00286102294921875,
            0.0030994415283203125,
            110.99600791931152,
            0.031948089599609375,
            23.2388973236084,
            0.029087066650390625,
            0.015974044799804688,
            0.010013580322265625,
            0.009059906005859375,
            0.00286102294921875,
            0.0030994415283203125
        ]
    }
}