{
    "(2886734945, 3741648133, 57332, 443, 'tcp', 0)": {
        "ts_list": [
            1645616698.823301,
            1645616698.823494,
            1645616698.823518,
            1645616698.831131,
            1645616698.83116,
            1645616698.831181,
            1645616698.831211,
            1645616698.831216,
            1645616698.831311,
            1645616698.831316,
            1645616698.83214,
            1645616698.832145,
            1645616698.83224,
            1645616698.832245,
            1645616698.834363,
            1645616698.882177,
            1645616699.22822,
            1645616699.228253,
            1645616699.236083,
            1645616699.236115,
            1645616699.236263,
            1645616699.236279,
            1645616699.23723,
            1645616699.237239,
            1645616699.237245,
            1645616699.237249,
            1645616699.347188,
            1645616699.347215,
            1645616699.355145,
            1645616699.355183
        ],
        "ps_list": [
            158,
            184,
            225,
            66,
            121,
            66,
            110,
            66,
            101,
            66,
            191,
            66,
            260,
            66,
            97,
            66,
            121,
            225,
            66,
            66,
            101,
            66,
            145,
            66,
            255,
            66,
            121,
            225,
            66,
            101
        ],
        "direction_list": [
            0,
            0,
            0,
            1,
            1,
            0,
            1,
            0,
            1,
            0,
            1,
            0,
            1,
            0,
            0,
            1,
            0,
            0,
            1,
            1,
            1,
            0,
            1,
            0,
            1,
            0,
            0,
            0,
            1,
            1
        ],
        "piat_list": [
            0.26607513427734375,
            0.19288063049316406,
            0.024080276489257812,
            7.612943649291992,
            0.029087066650390625,
            0.0209808349609375,
            0.030040740966796875,
            0.0050067901611328125,
            0.09489059448242188,
            0.0050067901611328125,
            0.823974609375,
            0.0050067901611328125,
            0.09512901306152344,
            0.0050067901611328125,
            2.1178722381591797,
            47.814130783081055,
            346.0428714752197,
            0.032901763916015625,
            7.830142974853516,
            0.031948089599609375,
            0.1480579376220703,
            0.015974044799804688,
            0.9510517120361328,
            0.008821487426757812,
            0.006198883056640625,
            0.003814697265625,
            109.9390983581543,
            0.026941299438476562,
            7.93004035949707,
            0.03790855407714844
        ]
    }
}