{
    "(2886734945, 3741648133, 60948, 443, 'tcp', 0)": {
        "ts_list": [
            1644743155.74797,
            1644743155.748123,
            1644743155.748145,
            1644743155.75601,
            1644743155.756032,
            1644743155.756041,
            1644743155.75612,
            1644743155.756198,
            1644743155.756203,
            1644743155.756922,
            1644743155.757026,
            1644743155.75703,
            1644743155.758022,
            1644743155.758026,
            1644743155.75812,
            1644743155.758124,
            1644743155.803974,
            1644743156.003075,
            1644743156.003112,
            1644743156.010961,
            1644743156.010988,
            1644743156.011127,
            1644743156.011143,
            1644743156.011985,
            1644743156.011998,
            1644743156.012014,
            1644743156.012018,
            1644743156.103559,
            1644743156.103592,
            1644743156.112009,
            1644743156.11209,
            1644743156.112102,
            1644743156.113036,
            1644743156.113041,
            1644743156.113135,
            1644743156.113141
        ],
        "ps_list": [
            158,
            184,
            225,
            66,
            121,
            66,
            97,
            110,
            66,
            66,
            101,
            66,
            190,
            66,
            260,
            66,
            66,
            121,
            225,
            66,
            66,
            101,
            66,
            121,
            66,
            255,
            66,
            121,
            225,
            66,
            101,
            66,
            143,
            66,
            315,
            66
        ],
        "direction_list": [
            0,
            0,
            0,
            1,
            1,
            0,
            0,
            1,
            0,
            1,
            1,
            0,
            1,
            0,
            1,
            0,
            1,
            0,
            0,
            1,
            1,
            1,
            0,
            1,
            0,
            1,
            0,
            0,
            0,
            1,
            1,
            0,
            1,
            0,
            1,
            0
        ],
        "piat_list": [
            0.23221969604492188,
            0.15282630920410156,
            0.022172927856445312,
            7.864952087402344,
            0.02193450927734375,
            0.009059906005859375,
            0.07891654968261719,
            0.07796287536621094,
            0.0050067901611328125,
            0.7190704345703125,
            0.10395050048828125,
            0.0040531158447265625,
            0.9920597076416016,
            0.003814697265625,
            0.09417533874511719,
            0.0040531158447265625,
            45.84980010986328,
            199.10097122192383,
            0.03719329833984375,
            7.848978042602539,
            0.026941299438476562,
            0.13899803161621094,
            0.015974044799804688,
            0.8420944213867188,
            0.012874603271484375,
            0.015974044799804688,
            0.0040531158447265625,
            91.54105186462402,
            0.032901763916015625,
            8.417129516601562,
            0.08106231689453125,
            0.011920928955078125,
            0.9338855743408203,
            0.0050067901611328125,
            0.09417533874511719,
            0.0059604644775390625
        ]
    }
}