{
    "(2886734945, 3741648133, 60986, 443, 'tcp', 0)": {
        "ts_list": [
            1644743283.696587,
            1644743283.696789,
            1644743283.69681,
            1644743283.706139,
            1644743283.706165,
            1644743283.706174,
            1644743283.706189,
            1644743283.706194,
            1644743283.706203,
            1644743283.706206,
            1644743283.706292,
            1644743283.707054,
            1644743283.707059,
            1644743283.707153,
            1644743283.707158,
            1644743283.755985,
            1644743283.9553,
            1644743283.955334,
            1644743283.965079,
            1644743283.965099,
            1644743283.965164,
            1644743283.965175,
            1644743283.966071,
            1644743283.966079,
            1644743283.966098,
            1644743283.966103,
            1644743284.044706,
            1644743284.044735,
            1644743284.054025,
            1644743284.054109,
            1644743284.054118,
            1644743284.055046,
            1644743284.055051,
            1644743284.055145,
            1644743284.05515
        ],
        "ps_list": [
            158,
            184,
            225,
            66,
            121,
            66,
            110,
            66,
            101,
            66,
            97,
            191,
            66,
            260,
            66,
            66,
            121,
            225,
            66,
            66,
            101,
            66,
            121,
            66,
            255,
            66,
            121,
            225,
            66,
            101,
            66,
            142,
            66,
            315,
            66
        ],
        "direction_list": [
            0,
            0,
            0,
            1,
            1,
            0,
            1,
            0,
            1,
            0,
            0,
            1,
            0,
            1,
            0,
            1,
            0,
            0,
            1,
            1,
            1,
            0,
            1,
            0,
            1,
            0,
            0,
            0,
            1,
            1,
            0,
            1,
            0,
            1,
            0
        ],
        "piat_list": [
            0.35119056701660156,
            0.20194053649902344,
            0.0209808349609375,
            9.329080581665039,
            0.025987625122070312,
            0.008821487426757812,
            0.015020370483398438,
            0.0050067901611328125,
            0.009059906005859375,
            0.0030994415283203125,
            0.0858306884765625,
            0.7619857788085938,
            0.0050067901611328125,
            0.09417533874511719,
            0.0050067901611328125,
            48.82693290710449,
            199.31507110595703,
            0.033855438232421875,
            9.745121002197266,
            0.02002716064453125,
            0.064849853515625,
            0.010967254638671875,
            0.8959770202636719,
            0.008106231689453125,
            0.019073486328125,
            0.0050067901611328125,
            78.60302925109863,
            0.028848648071289062,
            9.289979934692383,
            0.08416175842285156,
            0.008821487426757812,
            0.9281635284423828,
            0.0050067901611328125,
            0.09393692016601562,
            0.0050067901611328125
        ]
    }
}