{
    "(2886734945, 3741648133, 32776, 443, 'tcp', 0)": {
        "ts_list": [
            1644743358.93945,
            1644743358.939611,
            1644743358.939633,
            1644743358.948289,
            1644743358.948314,
            1644743358.948402,
            1644743358.949165,
            1644743358.949177,
            1644743358.949179,
            1644743358.949182,
            1644743358.94936,
            1644743358.949363,
            1644743358.950291,
            1644743358.950296,
            1644743358.950465,
            1644743358.95047,
            1644743358.997252,
            1644743359.187516,
            1644743359.187551,
            1644743359.197108,
            1644743359.197133,
            1644743359.197295,
            1644743359.197304,
            1644743359.198254,
            1644743359.198259,
            1644743359.198264,
            1644743359.198268,
            1644743359.277893,
            1644743359.277919,
            1644743359.287128,
            1644743359.287213,
            1644743359.287223,
            1644743359.288169,
            1644743359.288174,
            1644743359.28818,
            1644743359.288184
        ],
        "ps_list": [
            158,
            184,
            225,
            121,
            66,
            97,
            101,
            66,
            97,
            66,
            101,
            66,
            191,
            66,
            260,
            66,
            66,
            121,
            225,
            66,
            66,
            101,
            66,
            145,
            66,
            255,
            66,
            121,
            225,
            66,
            101,
            66,
            120,
            66,
            315,
            66
        ],
        "direction_list": [
            0,
            0,
            0,
            1,
            0,
            0,
            1,
            0,
            1,
            0,
            1,
            0,
            1,
            0,
            1,
            0,
            1,
            0,
            0,
            1,
            1,
            1,
            0,
            1,
            0,
            1,
            0,
            0,
            0,
            1,
            1,
            0,
            1,
            0,
            1,
            0
        ],
        "piat_list": [
            0.3209114074707031,
            0.1609325408935547,
            0.02193450927734375,
            8.656024932861328,
            0.025033950805664062,
            0.08797645568847656,
            0.7631778717041016,
            0.011920928955078125,
            0.0019073486328125,
            0.0030994415283203125,
            0.17786026000976562,
            0.0030994415283203125,
            0.9279251098632812,
            0.0050067901611328125,
            0.1690387725830078,
            0.0050067901611328125,
            46.78201675415039,
            190.2639865875244,
            0.03504753112792969,
            9.557008743286133,
            0.025033950805664062,
            0.16188621520996094,
            0.009059906005859375,
            0.9500980377197266,
            0.0050067901611328125,
            0.00476837158203125,
            0.0040531158447265625,
            79.62512969970703,
            0.025987625122070312,
            9.208917617797852,
            0.08511543273925781,
            0.010013580322265625,
            0.9458065032958984,
            0.0050067901611328125,
            0.006198883056640625,
            0.003814697265625
        ]
    }
}