{
    "(2886734945, 3741713926, 58538, 443, 'tcp', 0)": {
        "ts_list": [
            1645666325.151735,
            1645666325.151953,
            1645666325.151993,
            1645666325.179504,
            1645666325.179546,
            1645666325.179559,
            1645666325.179573,
            1645666325.179579,
            1645666325.179583,
            1645666325.179586,
            1645666325.179592,
            1645666325.179595,
            1645666325.179741,
            1645666325.180485,
            1645666325.180497,
            1645666325.180508,
            1645666325.180512,
            1645666325.247481,
            1645666325.533067,
            1645666325.533116,
            1645666325.560492,
            1645666325.560514,
            1645666325.560517,
            1645666325.560528,
            1645666325.561529,
            1645666325.561536,
            1645666325.561626,
            1645666325.56163,
            1645666325.609522,
            1645666325.60955,
            1645666325.637563,
            1645666325.637588,
            1645666325.637596,
            1645666325.638553,
            1645666325.638558,
            1645666325.638652,
            1645666325.638657,
            1645666326.468999,
            1645666326.469026,
            1645666326.49656,
            1645666326.496636,
            1645666326.49665,
            1645666326.497479,
            1645666326.497484,
            1645666326.497582,
            1645666326.497586,
            1645666326.521739,
            1645666326.521762,
            1645666326.54951,
            1645666326.549615,
            1645666326.550453,
            1645666326.550487,
            1645666326.550553,
            1645666326.594793
        ],
        "ps_list": [
            158,
            184,
            225,
            66,
            121,
            66,
            101,
            66,
            97,
            66,
            101,
            66,
            97,
            191,
            66,
            260,
            66,
            66,
            121,
            225,
            66,
            66,
            101,
            66,
            121,
            66,
            255,
            66,
            121,
            225,
            66,
            101,
            66,
            119,
            66,
            329,
            66,
            121,
            225,
            66,
            101,
            66,
            143,
            66,
            272,
            66,
            121,
            225,
            66,
            101,
            122,
            66,
            250,
            66
        ],
        "direction_list": [
            0,
            0,
            0,
            1,
            1,
            0,
            1,
            0,
            1,
            0,
            1,
            0,
            0,
            1,
            0,
            1,
            0,
            1,
            0,
            0,
            1,
            1,
            1,
            0,
            1,
            0,
            1,
            0,
            0,
            0,
            1,
            1,
            0,
            1,
            0,
            1,
            0,
            0,
            0,
            1,
            1,
            0,
            1,
            0,
            1,
            0,
            0,
            0,
            1,
            1,
            1,
            0,
            1,
            0
        ],
        "piat_list": [
            0.37407875061035156,
            0.21791458129882812,
            0.0400543212890625,
            27.510881423950195,
            0.04220008850097656,
            0.012874603271484375,
            0.014066696166992188,
            0.0059604644775390625,
            0.0040531158447265625,
            0.00286102294921875,
            0.0059604644775390625,
            0.0030994415283203125,
            0.14591217041015625,
            0.7441043853759766,
            0.011920928955078125,
            0.010967254638671875,
            0.0040531158447265625,
            66.96915626525879,
            285.585880279541,
            0.049114227294921875,
            27.37593650817871,
            0.02193450927734375,
            0.0030994415283203125,
            0.010967254638671875,
            1.0008811950683594,
            0.007152557373046875,
            0.08988380432128906,
            0.0040531158447265625,
            47.892093658447266,
            0.027894973754882812,
            28.012990951538086,
            0.025033950805664062,
            0.007867813110351562,
            0.9570121765136719,
            0.0050067901611328125,
            0.09417533874511719,
            0.0050067901611328125,
            830.3418159484863,
            0.027179718017578125,
            27.534008026123047,
            0.07581710815429688,
            0.014066696166992188,
            0.8289813995361328,
            0.0050067901611328125,
            0.09799003601074219,
            0.0040531158447265625,
            24.15299415588379,
            0.02288818359375,
            27.74810791015625,
            0.1049041748046875,
            0.8380413055419922,
            0.03409385681152344,
            0.06604194641113281,
            44.23999786376953
        ]
    }
}