{
    "(2886734945, 3741713926, 58584, 443, 'tcp', 0)": {
        "ts_list": [
            1645666385.795579,
            1645666385.795747,
            1645666385.795766,
            1645666385.82159,
            1645666385.821639,
            1645666385.821658,
            1645666385.821674,
            1645666385.821681,
            1645666385.821686,
            1645666385.821691,
            1645666385.821818,
            1645666385.822478,
            1645666385.822573,
            1645666385.822585,
            1645666385.823547,
            1645666385.823564,
            1645666385.823572,
            1645666385.823578,
            1645666385.888508,
            1645666386.113452,
            1645666386.113493,
            1645666386.141937,
            1645666386.141962,
            1645666386.142011,
            1645666386.142023,
            1645666386.142675,
            1645666386.142682,
            1645666386.142688,
            1645666386.142692,
            1645666386.2357,
            1645666386.235729,
            1645666386.261525,
            1645666386.261603,
            1645666386.261616,
            1645666386.262498,
            1645666386.262503,
            1645666386.26251,
            1645666386.262513,
            1645666387.12712,
            1645666387.127155,
            1645666387.1535,
            1645666387.153514,
            1645666387.153522,
            1645666387.15452,
            1645666387.154524,
            1645666387.15453,
            1645666387.154533,
            1645666387.180427,
            1645666387.180451,
            1645666387.206517,
            1645666387.206531,
            1645666387.207533,
            1645666387.207565,
            1645666387.207633,
            1645666387.250775
        ],
        "ps_list": [
            164,
            184,
            225,
            66,
            121,
            66,
            101,
            66,
            97,
            66,
            97,
            66,
            101,
            66,
            191,
            66,
            260,
            66,
            66,
            121,
            225,
            66,
            66,
            101,
            66,
            143,
            66,
            255,
            66,
            121,
            225,
            66,
            101,
            66,
            120,
            66,
            329,
            66,
            121,
            225,
            66,
            101,
            66,
            145,
            66,
            272,
            66,
            121,
            225,
            66,
            101,
            123,
            66,
            250,
            66
        ],
        "direction_list": [
            0,
            0,
            0,
            1,
            1,
            0,
            1,
            0,
            1,
            0,
            0,
            1,
            1,
            0,
            1,
            0,
            1,
            0,
            1,
            0,
            0,
            1,
            1,
            1,
            0,
            1,
            0,
            1,
            0,
            0,
            0,
            1,
            1,
            0,
            1,
            0,
            1,
            0,
            0,
            0,
            1,
            1,
            0,
            1,
            0,
            1,
            0,
            0,
            0,
            1,
            1,
            1,
            0,
            1,
            0
        ],
        "piat_list": [
            0.2598762512207031,
            0.16808509826660156,
            0.019073486328125,
            25.82383155822754,
            0.049114227294921875,
            0.018835067749023438,
            0.01621246337890625,
            0.0069141387939453125,
            0.0050067901611328125,
            0.0050067901611328125,
            0.1270771026611328,
            0.659942626953125,
            0.09489059448242188,
            0.012159347534179688,
            0.9617805480957031,
            0.0171661376953125,
            0.007867813110351562,
            0.0059604644775390625,
            64.93020057678223,
            224.9438762664795,
            0.04100799560546875,
            28.44405174255371,
            0.025033950805664062,
            0.04887580871582031,
            0.012159347534179688,
            0.6518363952636719,
            0.007152557373046875,
            0.0059604644775390625,
            0.0040531158447265625,
            93.00780296325684,
            0.029087066650390625,
            25.795936584472656,
            0.0782012939453125,
            0.012874603271484375,
            0.8819103240966797,
            0.0050067901611328125,
            0.007152557373046875,
            0.00286102294921875,
            864.6070957183838,
            0.03504753112792969,
            26.345014572143555,
            0.013828277587890625,
            0.008106231689453125,
            0.9980201721191406,
            0.0040531158447265625,
            0.0059604644775390625,
            0.00286102294921875,
            25.8941650390625,
            0.02384185791015625,
            26.066064834594727,
            0.014066696166992188,
            1.0018348693847656,
            0.03218650817871094,
            0.06794929504394531,
            43.142080307006836
        ]
    }
}