{
    "(2886734945, 3741713926, 58824, 443, 'tcp', 0)": {
        "ts_list": [
            1645666704.109862,
            1645666704.110059,
            1645666704.110086,
            1645666704.137576,
            1645666704.137731,
            1645666704.137744,
            1645666704.138017,
            1645666704.138022,
            1645666704.138026,
            1645666704.138031,
            1645666704.138116,
            1645666704.138121,
            1645666704.145282,
            1645666704.21248,
            1645666704.413932,
            1645666704.413968,
            1645666704.441371,
            1645666704.44139,
            1645666704.441399,
            1645666704.441408,
            1645666704.441443,
            1645666704.441448,
            1645666704.441543,
            1645666704.441549,
            1645666704.524654,
            1645666704.524684,
            1645666704.552049,
            1645666704.552126,
            1645666704.552138,
            1645666704.552226,
            1645666704.552231,
            1645666704.552234,
            1645666704.552237,
            1645666705.440133,
            1645666705.440164,
            1645666705.467531,
            1645666705.467619,
            1645666705.467627,
            1645666705.467751,
            1645666705.467755,
            1645666705.46782,
            1645666705.467824,
            1645666705.494091,
            1645666705.494114,
            1645666705.521626,
            1645666705.52164,
            1645666705.521655,
            1645666705.521657,
            1645666705.521704
        ],
        "ps_list": [
            158,
            184,
            225,
            66,
            121,
            66,
            110,
            66,
            203,
            66,
            260,
            66,
            97,
            66,
            121,
            225,
            66,
            66,
            101,
            66,
            121,
            66,
            255,
            66,
            121,
            225,
            66,
            101,
            66,
            120,
            66,
            329,
            66,
            121,
            225,
            66,
            101,
            66,
            145,
            66,
            272,
            66,
            121,
            225,
            66,
            101,
            123,
            250,
            66
        ],
        "direction_list": [
            0,
            0,
            0,
            1,
            1,
            0,
            1,
            0,
            1,
            0,
            1,
            0,
            0,
            1,
            0,
            0,
            1,
            1,
            1,
            0,
            1,
            0,
            1,
            0,
            0,
            0,
            1,
            1,
            0,
            1,
            0,
            1,
            0,
            0,
            0,
            1,
            1,
            0,
            1,
            0,
            1,
            0,
            0,
            0,
            1,
            1,
            1,
            1,
            0
        ],
        "piat_list": [
            0.25200843811035156,
            0.19693374633789062,
            0.026941299438476562,
            27.49013900756836,
            0.15497207641601562,
            0.012874603271484375,
            0.27298927307128906,
            0.0050067901611328125,
            0.0040531158447265625,
            0.0050067901611328125,
            0.08487701416015625,
            0.0050067901611328125,
            7.161140441894531,
            67.19803810119629,
            201.45201683044434,
            0.03600120544433594,
            27.402877807617188,
            0.019073486328125,
            0.009059906005859375,
            0.008821487426757812,
            0.03504753112792969,
            0.0050067901611328125,
            0.09512901306152344,
            0.0059604644775390625,
            83.10484886169434,
            0.030040740966796875,
            27.36496925354004,
            0.07700920104980469,
            0.012159347534179688,
            0.08797645568847656,
            0.0050067901611328125,
            0.00286102294921875,
            0.0030994415283203125,
            887.8960609436035,
            0.030994415283203125,
            27.36687660217285,
            0.08797645568847656,
            0.008106231689453125,
            0.1239776611328125,
            0.0040531158447265625,
            0.064849853515625,
            0.0040531158447265625,
            26.267051696777344,
            0.02288818359375,
            27.512073516845703,
            0.014066696166992188,
            0.015020370483398438,
            0.0019073486328125,
            0.04696846008300781
        ]
    }
}