{
    "(2886734945, 3741713926, 58884, 443, 'tcp', 0)": {
        "ts_list": [
            1645666789.296241,
            1645666789.296405,
            1645666789.296428,
            1645666789.322185,
            1645666789.322225,
            1645666789.322362,
            1645666789.322384,
            1645666789.322391,
            1645666789.322491,
            1645666789.322496,
            1645666789.3225,
            1645666789.322591,
            1645666789.322595,
            1645666789.322599,
            1645666789.322602,
            1645666789.322713,
            1645666789.322719,
            1645666789.388102,
            1645666789.64065,
            1645666789.640693,
            1645666789.666692,
            1645666789.666712,
            1645666789.666868,
            1645666789.666875,
            1645666789.666889,
            1645666789.666893,
            1645666789.666905,
            1645666789.666909,
            1645666789.737133,
            1645666789.73716,
            1645666789.763213,
            1645666789.763244,
            1645666789.763256,
            1645666789.763386,
            1645666789.763391,
            1645666789.763395,
            1645666789.763398,
            1645666790.65642,
            1645666790.65646,
            1645666790.682466,
            1645666790.68249,
            1645666790.682498,
            1645666790.682549,
            1645666790.682552,
            1645666790.682649,
            1645666790.682654,
            1645666790.712785,
            1645666790.712813,
            1645666790.738981,
            1645666790.739011,
            1645666790.73906,
            1645666790.739066,
            1645666790.739089
        ],
        "ps_list": [
            158,
            184,
            225,
            121,
            66,
            97,
            101,
            66,
            97,
            66,
            66,
            101,
            66,
            189,
            66,
            260,
            66,
            66,
            121,
            225,
            66,
            66,
            101,
            66,
            121,
            66,
            255,
            66,
            121,
            225,
            66,
            101,
            66,
            120,
            66,
            329,
            66,
            121,
            225,
            66,
            101,
            66,
            145,
            66,
            272,
            66,
            121,
            225,
            66,
            101,
            123,
            250,
            66
        ],
        "direction_list": [
            0,
            0,
            0,
            1,
            0,
            0,
            1,
            0,
            1,
            0,
            1,
            1,
            0,
            1,
            0,
            1,
            0,
            1,
            0,
            0,
            1,
            1,
            1,
            0,
            1,
            0,
            1,
            0,
            0,
            0,
            1,
            1,
            0,
            1,
            0,
            1,
            0,
            0,
            0,
            1,
            1,
            0,
            1,
            0,
            1,
            0,
            0,
            0,
            1,
            1,
            1,
            1,
            0
        ],
        "piat_list": [
            0.2560615539550781,
            0.164031982421875,
            0.02288818359375,
            25.7570743560791,
            0.0400543212890625,
            0.13685226440429688,
            0.022172927856445312,
            0.0069141387939453125,
            0.09989738464355469,
            0.0050067901611328125,
            0.0040531158447265625,
            0.09107589721679688,
            0.003814697265625,
            0.0040531158447265625,
            0.0030994415283203125,
            0.11086463928222656,
            0.006198883056640625,
            65.3829574584961,
            252.5479793548584,
            0.04291534423828125,
            25.999069213867188,
            0.02002716064453125,
            0.15592575073242188,
            0.0069141387939453125,
            0.014066696166992188,
            0.0040531158447265625,
            0.011920928955078125,
            0.0040531158447265625,
            70.22404670715332,
            0.026941299438476562,
            26.05295181274414,
            0.030994415283203125,
            0.012159347534179688,
            0.12993812561035156,
            0.0050067901611328125,
            0.0040531158447265625,
            0.00286102294921875,
            893.0220603942871,
            0.0400543212890625,
            26.005983352661133,
            0.024080276489257812,
            0.007867813110351562,
            0.051021575927734375,
            0.0030994415283203125,
            0.09679794311523438,
            0.0050067901611328125,
            30.131101608276367,
            0.027894973754882812,
            26.168107986450195,
            0.030040740966796875,
            0.04887580871582031,
            0.0059604644775390625,
            0.023126602172851562
        ]
    }
}