{
    "(2886734945, 3741713926, 49330, 443, 'tcp', 0)": {
        "ts_list": [
            1645146227.532913,
            1645146227.533101,
            1645146227.53312,
            1645146227.562927,
            1645146227.562954,
            1645146227.562975,
            1645146227.562979,
            1645146227.562983,
            1645146227.563078,
            1645146227.563104,
            1645146227.563108,
            1645146227.563873,
            1645146227.563877,
            1645146227.563973,
            1645146227.563977,
            1645146227.632985,
            1645146227.793954,
            1645146227.793989,
            1645146227.82482,
            1645146227.824836,
            1645146227.824839,
            1645146227.824848,
            1645146227.826708,
            1645146227.826721,
            1645146227.826731,
            1645146227.826735,
            1645146227.901256,
            1645146227.901284,
            1645146227.933768,
            1645146227.933794,
            1645146227.933809,
            1645146227.936776,
            1645146227.936791,
            1645146227.9368,
            1645146227.936804,
            1645146231.378231,
            1645146231.378268,
            1645146231.408922,
            1645146231.408945,
            1645146231.408958,
            1645146231.409858,
            1645146231.409869,
            1645146231.409872,
            1645146231.409875,
            1645146231.599533,
            1645146231.599569,
            1645146231.629901,
            1645146231.629929,
            1645146231.629944,
            1645146231.630935,
            1645146231.63094,
            1645146231.630943,
            1645146231.630946,
            1645146231.635822,
            1645146231.635853,
            1645146231.665906,
            1645146231.665923,
            1645146231.666945,
            1645146231.666951,
            1645146231.666971,
            1645146231.724599,
            1645146231.724627,
            1645146231.754842,
            1645146231.754929,
            1645146231.755877,
            1645146231.755883,
            1645146231.755908,
            1645146232.035574,
            1645146232.035601,
            1645146232.065939,
            1645146232.066035,
            1645146232.066904,
            1645146232.066911,
            1645146232.066943,
            1645146232.219673,
            1645146232.219699
        ],
        "ps_list": [
            158,
            184,
            225,
            66,
            121,
            66,
            110,
            66,
            97,
            101,
            66,
            190,
            66,
            260,
            66,
            66,
            121,
            225,
            66,
            66,
            101,
            66,
            120,
            66,
            255,
            66,
            121,
            225,
            66,
            101,
            66,
            120,
            66,
            381,
            66,
            121,
            225,
            66,
            101,
            66,
            144,
            66,
            277,
            66,
            121,
            225,
            66,
            101,
            66,
            108,
            66,
            254,
            66,
            121,
            225,
            66,
            101,
            108,
            383,
            66,
            121,
            225,
            66,
            101,
            108,
            390,
            66,
            121,
            225,
            66,
            101,
            141,
            254,
            66,
            121,
            225
        ],
        "direction_list": [
            0,
            0,
            0,
            1,
            1,
            0,
            1,
            0,
            0,
            1,
            0,
            1,
            0,
            1,
            0,
            1,
            0,
            0,
            1,
            1,
            1,
            0,
            1,
            0,
            1,
            0,
            0,
            0,
            1,
            1,
            0,
            1,
            0,
            1,
            0,
            0,
            0,
            1,
            1,
            0,
            1,
            0,
            1,
            0,
            0,
            0,
            1,
            1,
            0,
            1,
            0,
            1,
            0,
            0,
            0,
            1,
            1,
            1,
            1,
            0,
            0,
            0,
            1,
            1,
            1,
            1,
            0,
            0,
            0,
            1,
            1,
            1,
            1,
            0,
            0,
            0
        ],
        "piat_list": [
            0.27298927307128906,
            0.1881122589111328,
            0.018835067749023438,
            29.807090759277344,
            0.026941299438476562,
            0.0209808349609375,
            0.0040531158447265625,
            0.0040531158447265625,
            0.09489059448242188,
            0.025987625122070312,
            0.0040531158447265625,
            0.7650852203369141,
            0.0040531158447265625,
            0.09584426879882812,
            0.0040531158447265625,
            69.00811195373535,
            160.96878051757812,
            0.03504753112792969,
            30.831098556518555,
            0.015974044799804688,
            0.0030994415283203125,
            0.008821487426757812,
            1.8601417541503906,
            0.012874603271484375,
            0.010013580322265625,
            0.0040531158447265625,
            74.52106475830078,
            0.027894973754882812,
            32.48405456542969,
            0.025987625122070312,
            0.015020370483398438,
            2.9668807983398438,
            0.015020370483398438,
            0.009059906005859375,
            0.0040531158447265625,
            3441.426992416382,
            0.03695487976074219,
            30.653953552246094,
            0.023126602172851562,
            0.012874603271484375,
            0.9000301361083984,
            0.010967254638671875,
            0.0030994415283203125,
            0.00286102294921875,
            189.65816497802734,
            0.03600120544433594,
            30.331850051879883,
            0.028133392333984375,
            0.015020370483398438,
            0.9908676147460938,
            0.0050067901611328125,
            0.0030994415283203125,
            0.00286102294921875,
            4.876136779785156,
            0.030994415283203125,
            30.052900314331055,
            0.0171661376953125,
            1.0218620300292969,
            0.0059604644775390625,
            0.02002716064453125,
            57.62791633605957,
            0.028133392333984375,
            30.215024948120117,
            0.08702278137207031,
            0.9479522705078125,
            0.0059604644775390625,
            0.025033950805664062,
            279.6659469604492,
            0.026941299438476562,
            30.338048934936523,
            0.09608268737792969,
            0.8690357208251953,
            0.0069141387939453125,
            0.031948089599609375,
            152.72998809814453,
            0.025987625122070312
        ]
    }
}