{
    "(2886734945, 3741713926, 47904, 443, 'tcp', 0)": {
        "ts_list": [
            1645144073.650757,
            1645144073.650961,
            1645144073.650981,
            1645144073.681493,
            1645144073.681532,
            1645144073.681547,
            1645144073.681592,
            1645144073.681597,
            1645144073.681672,
            1645144073.681675,
            1645144073.681731,
            1645144073.682563,
            1645144073.682568,
            1645144073.682665,
            1645144073.68268,
            1645144073.75259,
            1645144073.916879,
            1645144073.916915,
            1645144073.947438,
            1645144073.947469,
            1645144073.94761,
            1645144073.947624,
            1645144073.948609,
            1645144073.948615,
            1645144073.948712,
            1645144073.948717,
            1645144073.984736,
            1645144073.984772,
            1645144074.015515,
            1645144074.015541,
            1645144074.016677,
            1645144074.016773,
            1645144074.018926,
            1645144074.031049,
            1645144074.031113,
            1645144074.057253,
            1645144074.057287,
            1645144074.061429,
            1645144074.061524,
            1645144074.062466,
            1645144074.062491,
            1645144074.062564,
            1645144074.087476,
            1645144074.087509,
            1645144074.0876,
            1645144074.088426,
            1645144074.088525,
            1645144074.088565,
            1645144074.351597,
            1645144074.351629,
            1645144074.382408,
            1645144074.382496,
            1645144074.383517,
            1645144074.383524,
            1645144074.384768,
            1645144074.667308,
            1645144074.667334,
            1645144074.697493,
            1645144074.697514,
            1645144074.698478,
            1645144074.698506,
            1645144074.698577,
            1645144074.738788,
            1645144074.756566,
            1645144074.756588,
            1645144074.787569,
            1645144074.787593,
            1645144074.787606,
            1645144074.788483,
            1645144074.788487,
            1645144074.788603,
            1645144074.788607
        ],
        "ps_list": [
            158,
            184,
            225,
            66,
            121,
            66,
            110,
            66,
            101,
            66,
            97,
            191,
            66,
            260,
            66,
            66,
            121,
            225,
            66,
            66,
            101,
            66,
            122,
            66,
            255,
            66,
            121,
            225,
            66,
            101,
            121,
            253,
            66,
            121,
            225,
            121,
            225,
            66,
            101,
            142,
            66,
            329,
            66,
            101,
            66,
            107,
            323,
            66,
            121,
            225,
            66,
            101,
            121,
            297,
            66,
            121,
            225,
            66,
            101,
            122,
            66,
            272,
            66,
            121,
            225,
            66,
            101,
            66,
            108,
            66,
            332,
            66
        ],
        "direction_list": [
            0,
            0,
            0,
            1,
            1,
            0,
            1,
            0,
            1,
            0,
            0,
            1,
            0,
            1,
            0,
            1,
            0,
            0,
            1,
            1,
            1,
            0,
            1,
            0,
            1,
            0,
            0,
            0,
            1,
            1,
            1,
            1,
            0,
            0,
            0,
            0,
            0,
            1,
            1,
            1,
            0,
            1,
            1,
            1,
            0,
            1,
            1,
            0,
            0,
            0,
            1,
            1,
            1,
            1,
            0,
            0,
            0,
            1,
            1,
            1,
            0,
            1,
            0,
            0,
            0,
            1,
            1,
            0,
            1,
            0,
            1,
            0
        ],
        "piat_list": [
            0.2779960632324219,
            0.20384788513183594,
            0.02002716064453125,
            30.512094497680664,
            0.03886222839355469,
            0.015020370483398438,
            0.04506111145019531,
            0.0050067901611328125,
            0.07510185241699219,
            0.00286102294921875,
            0.05602836608886719,
            0.8320808410644531,
            0.0050067901611328125,
            0.09703636169433594,
            0.014781951904296875,
            69.91004943847656,
            164.28899765014648,
            0.03600120544433594,
            30.523061752319336,
            0.030994415283203125,
            0.14090538024902344,
            0.014066696166992188,
            0.9851455688476562,
            0.0059604644775390625,
            0.09703636169433594,
            0.0050067901611328125,
            36.01884841918945,
            0.03600120544433594,
            30.743122100830078,
            0.025987625122070312,
            1.1358261108398438,
            0.09608268737792969,
            2.1529197692871094,
            12.12310791015625,
            0.06389617919921875,
            26.13997459411621,
            0.03409385681152344,
            4.142045974731445,
            0.09489059448242188,
            0.9419918060302734,
            0.025033950805664062,
            0.07295608520507812,
            24.912118911743164,
            0.032901763916015625,
            0.09107589721679688,
            0.8261203765869141,
            0.09894371032714844,
            0.0400543212890625,
            263.0319595336914,
            0.031948089599609375,
            30.778884887695312,
            0.08821487426757812,
            1.0209083557128906,
            0.0069141387939453125,
            1.2440681457519531,
            282.54008293151855,
            0.025987625122070312,
            30.15899658203125,
            0.0209808349609375,
            0.9639263153076172,
            0.028133392333984375,
            0.07081031799316406,
            40.21096229553223,
            17.77815818786621,
            0.02193450927734375,
            30.981063842773438,
            0.02384185791015625,
            0.013113021850585938,
            0.8769035339355469,
            0.0040531158447265625,
            0.11610984802246094,
            0.003814697265625
        ]
    }
}