{
    "(2886734945, 3741648133, 44210, 443, 'tcp', 0)": {
        "ts_list": [
            1645226197.145551,
            1645226197.145727,
            1645226197.145754,
            1645226197.154914,
            1645226197.155009,
            1645226197.155023,
            1645226197.155028,
            1645226197.155032,
            1645226197.155035,
            1645226197.155038,
            1645226197.15512,
            1645226197.155877,
            1645226197.155889,
            1645226197.155899,
            1645226197.155904,
            1645226197.203916,
            1645226197.453621,
            1645226197.453655,
            1645226197.462894,
            1645226197.462914,
            1645226197.463077,
            1645226197.463087,
            1645226197.46399,
            1645226197.463995,
            1645226197.464,
            1645226197.464003,
            1645226197.586889,
            1645226197.586915,
            1645226197.596236,
            1645226197.597288,
            1645226197.597298,
            1645226197.598135,
            1645226197.59814,
            1645226197.598332,
            1645226197.598336,
            1645226197.8901,
            1645226197.89014,
            1645226197.898955,
            1645226197.89897,
            1645226197.898977,
            1645226197.899894,
            1645226197.899905,
            1645226197.89999,
            1645226197.899995,
            1645226198.011715,
            1645226198.011742,
            1645226198.021744,
            1645226198.02198,
            1645226198.021989,
            1645226198.022001,
            1645226198.022005,
            1645226198.022077,
            1645226198.022081
        ],
        "ps_list": [
            158,
            184,
            225,
            66,
            121,
            66,
            110,
            66,
            101,
            66,
            97,
            189,
            66,
            260,
            66,
            66,
            121,
            225,
            66,
            66,
            101,
            66,
            121,
            66,
            255,
            66,
            121,
            225,
            66,
            101,
            66,
            122,
            66,
            251,
            66,
            121,
            225,
            66,
            101,
            66,
            121,
            66,
            297,
            66,
            121,
            225,
            66,
            101,
            66,
            145,
            66,
            272,
            66
        ],
        "direction_list": [
            0,
            0,
            0,
            1,
            1,
            0,
            1,
            0,
            1,
            0,
            0,
            1,
            0,
            1,
            0,
            1,
            0,
            0,
            1,
            1,
            1,
            0,
            1,
            0,
            1,
            0,
            0,
            0,
            1,
            1,
            0,
            1,
            0,
            1,
            0,
            0,
            0,
            1,
            1,
            0,
            1,
            0,
            1,
            0,
            0,
            0,
            1,
            1,
            0,
            1,
            0,
            1,
            0
        ],
        "piat_list": [
            0.247955322265625,
            0.17595291137695312,
            0.027179718017578125,
            9.15980339050293,
            0.09512901306152344,
            0.014066696166992188,
            0.0050067901611328125,
            0.003814697265625,
            0.0030994415283203125,
            0.0030994415283203125,
            0.08177757263183594,
            0.7572174072265625,
            0.011920928955078125,
            0.010013580322265625,
            0.0050067901611328125,
            48.01201820373535,
            249.70483779907227,
            0.03409385681152344,
            9.238958358764648,
            0.02002716064453125,
            0.16307830810546875,
            0.010013580322265625,
            0.9028911590576172,
            0.0050067901611328125,
            0.0050067901611328125,
            0.0030994415283203125,
            122.88594245910645,
            0.025987625122070312,
            9.320974349975586,
            1.0519027709960938,
            0.010013580322265625,
            0.8370876312255859,
            0.0050067901611328125,
            0.1919269561767578,
            0.0040531158447265625,
            291.7640209197998,
            0.0400543212890625,
            8.81505012512207,
            0.014781951904296875,
            0.007152557373046875,
            0.9169578552246094,
            0.010967254638671875,
            0.08511543273925781,
            0.0050067901611328125,
            111.71984672546387,
            0.027179718017578125,
            10.001897811889648,
            0.23603439331054688,
            0.009059906005859375,
            0.011920928955078125,
            0.0040531158447265625,
            0.07200241088867188,
            0.003814697265625
        ]
    }
}