{
    "(2886734945, 3741648133, 44230, 443, 'tcp', 0)": {
        "ts_list": [
            1645226221.184062,
            1645226221.184237,
            1645226221.184398,
            1645226221.192807,
            1645226221.192836,
            1645226221.192844,
            1645226221.192852,
            1645226221.192854,
            1645226221.192858,
            1645226221.193028,
            1645226221.193032,
            1645226221.193759,
            1645226221.193764,
            1645226221.193975,
            1645226221.193979,
            1645226221.195585,
            1645226221.244745,
            1645226221.504646,
            1645226221.504682,
            1645226221.51273,
            1645226221.512758,
            1645226221.512805,
            1645226221.512818,
            1645226221.51388,
            1645226221.513885,
            1645226221.513993,
            1645226221.513997,
            1645226221.616747,
            1645226221.616776,
            1645226221.624834,
            1645226221.6252,
            1645226221.625211,
            1645226221.626022,
            1645226221.626034,
            1645226221.626045,
            1645226221.626048,
            1645226221.848971,
            1645226221.848999,
            1645226221.857802,
            1645226221.857883,
            1645226221.857895,
            1645226221.858771,
            1645226221.858786,
            1645226221.858939,
            1645226221.858946,
            1645226221.998111,
            1645226221.998139,
            1645226222.006856,
            1645226222.006876,
            1645226222.006884,
            1645226222.007774,
            1645226222.007778,
            1645226222.007872,
            1645226222.007876
        ],
        "ps_list": [
            164,
            184,
            225,
            121,
            66,
            101,
            66,
            97,
            66,
            101,
            66,
            190,
            66,
            260,
            66,
            97,
            66,
            121,
            225,
            66,
            66,
            101,
            66,
            120,
            66,
            255,
            66,
            121,
            225,
            66,
            101,
            66,
            121,
            66,
            251,
            66,
            121,
            225,
            66,
            101,
            66,
            120,
            66,
            297,
            66,
            121,
            225,
            66,
            101,
            66,
            122,
            66,
            272,
            66
        ],
        "direction_list": [
            0,
            0,
            0,
            1,
            0,
            1,
            0,
            1,
            0,
            1,
            0,
            1,
            0,
            1,
            0,
            0,
            1,
            0,
            0,
            1,
            1,
            1,
            0,
            1,
            0,
            1,
            0,
            0,
            0,
            1,
            1,
            0,
            1,
            0,
            1,
            0,
            0,
            0,
            1,
            1,
            0,
            1,
            0,
            1,
            0,
            0,
            0,
            1,
            1,
            0,
            1,
            0,
            1,
            0
        ],
        "piat_list": [
            0.23889541625976562,
            0.17499923706054688,
            0.1609325408935547,
            8.40902328491211,
            0.029087066650390625,
            0.007867813110351562,
            0.008106231689453125,
            0.0019073486328125,
            0.0040531158447265625,
            0.16999244689941406,
            0.0040531158447265625,
            0.7269382476806641,
            0.0050067901611328125,
            0.2110004425048828,
            0.0040531158447265625,
            1.605987548828125,
            49.160003662109375,
            259.9010467529297,
            0.03600120544433594,
            8.047819137573242,
            0.028133392333984375,
            0.04696846008300781,
            0.013113021850585938,
            1.0619163513183594,
            0.0050067901611328125,
            0.10800361633300781,
            0.0040531158447265625,
            102.74982452392578,
            0.029087066650390625,
            8.05807113647461,
            0.36597251892089844,
            0.010967254638671875,
            0.8111000061035156,
            0.011920928955078125,
            0.010967254638671875,
            0.0030994415283203125,
            222.92280197143555,
            0.028133392333984375,
            8.80289077758789,
            0.08106231689453125,
            0.011920928955078125,
            0.8761882781982422,
            0.015020370483398438,
            0.15282630920410156,
            0.007152557373046875,
            139.16492462158203,
            0.027894973754882812,
            8.717060089111328,
            0.02002716064453125,
            0.008106231689453125,
            0.8900165557861328,
            0.003814697265625,
            0.09417533874511719,
            0.003814697265625
        ]
    }
}