{
    "(2886734945, 3741648133, 44236, 443, 'tcp', 0)": {
        "ts_list": [
            1645226229.18976,
            1645226229.189929,
            1645226229.189955,
            1645226229.199111,
            1645226229.199206,
            1645226229.199215,
            1645226229.199223,
            1645226229.199229,
            1645226229.19931,
            1645226229.200189,
            1645226229.200196,
            1645226229.2002,
            1645226229.201161,
            1645226229.201165,
            1645226229.201261,
            1645226229.201264,
            1645226229.249123,
            1645226229.48141,
            1645226229.481449,
            1645226229.491038,
            1645226229.491073,
            1645226229.491213,
            1645226229.491229,
            1645226229.492185,
            1645226229.492194,
            1645226229.492282,
            1645226229.492287,
            1645226229.567635,
            1645226229.567662,
            1645226229.578377,
            1645226229.578397,
            1645226229.578406,
            1645226229.579072,
            1645226229.579077,
            1645226229.579167,
            1645226229.579172,
            1645226229.870237,
            1645226229.87027,
            1645226229.880091,
            1645226229.880361,
            1645226229.880372,
            1645226229.881174,
            1645226229.881179,
            1645226229.88127,
            1645226229.881274,
            1645226230.008958,
            1645226230.008984,
            1645226230.019207,
            1645226230.019289,
            1645226230.019298,
            1645226230.020037,
            1645226230.020041,
            1645226230.020137,
            1645226230.02014
        ],
        "ps_list": [
            158,
            184,
            225,
            66,
            121,
            66,
            110,
            66,
            97,
            66,
            101,
            66,
            190,
            66,
            260,
            66,
            66,
            121,
            225,
            66,
            66,
            101,
            66,
            121,
            66,
            255,
            66,
            121,
            225,
            66,
            101,
            66,
            122,
            66,
            251,
            66,
            121,
            225,
            66,
            101,
            66,
            121,
            66,
            297,
            66,
            121,
            225,
            66,
            101,
            66,
            145,
            66,
            272,
            66
        ],
        "direction_list": [
            0,
            0,
            0,
            1,
            1,
            0,
            1,
            0,
            0,
            1,
            1,
            0,
            1,
            0,
            1,
            0,
            1,
            0,
            0,
            1,
            1,
            1,
            0,
            1,
            0,
            1,
            0,
            0,
            0,
            1,
            1,
            0,
            1,
            0,
            1,
            0,
            0,
            0,
            1,
            1,
            0,
            1,
            0,
            1,
            0,
            0,
            0,
            1,
            1,
            0,
            1,
            0,
            1,
            0
        ],
        "piat_list": [
            0.2300739288330078,
            0.1690387725830078,
            0.025987625122070312,
            9.155988693237305,
            0.09512901306152344,
            0.008821487426757812,
            0.008106231689453125,
            0.0059604644775390625,
            0.08106231689453125,
            0.8790493011474609,
            0.0069141387939453125,
            0.0040531158447265625,
            0.9608268737792969,
            0.0040531158447265625,
            0.09608268737792969,
            0.00286102294921875,
            47.85919189453125,
            232.28693008422852,
            0.03886222839355469,
            9.589195251464844,
            0.034809112548828125,
            0.14019012451171875,
            0.015974044799804688,
            0.9560585021972656,
            0.008821487426757812,
            0.08797645568847656,
            0.0050067901611328125,
            75.3481388092041,
            0.026941299438476562,
            10.715007781982422,
            0.02002716064453125,
            0.009059906005859375,
            0.6659030914306641,
            0.0050067901611328125,
            0.08988380432128906,
            0.0050067901611328125,
            291.0652160644531,
            0.032901763916015625,
            9.820938110351562,
            0.2701282501220703,
            0.010967254638671875,
            0.8020401000976562,
            0.0050067901611328125,
            0.09083747863769531,
            0.0040531158447265625,
            127.68411636352539,
            0.025987625122070312,
            10.222911834716797,
            0.0820159912109375,
            0.009059906005859375,
            0.7388591766357422,
            0.0040531158447265625,
            0.09608268737792969,
            0.00286102294921875
        ]
    }
}