{
    "(2886734945, 3741648133, 45358, 443, 'tcp', 0)": {
        "ts_list": [
            1645078423.419161,
            1645078423.419318,
            1645078423.419336,
            1645078423.428023,
            1645078423.428041,
            1645078423.42805,
            1645078423.428068,
            1645078423.428074,
            1645078423.428187,
            1645078423.4282,
            1645078423.428205,
            1645078423.428812,
            1645078423.428826,
            1645078423.428898,
            1645078423.428905,
            1645078423.47664,
            1645078423.695535,
            1645078423.69557,
            1645078423.703634,
            1645078423.703651,
            1645078423.703819,
            1645078423.703826,
            1645078423.704682,
            1645078423.704687,
            1645078423.704776,
            1645078423.70478,
            1645078423.814793,
            1645078423.81482,
            1645078423.822808,
            1645078423.822824,
            1645078423.822831,
            1645078423.823821,
            1645078423.823827,
            1645078423.823837,
            1645078423.823841,
            1645078423.987909,
            1645078423.987944,
            1645078423.995737,
            1645078423.995844,
            1645078423.995855,
            1645078423.996639,
            1645078423.996644,
            1645078423.996651,
            1645078423.996655,
            1645078424.056317,
            1645078424.056339,
            1645078424.0649,
            1645078424.06491,
            1645078424.064917,
            1645078424.065691,
            1645078424.065697,
            1645078424.067029,
            1645078424.189057,
            1645078424.189079,
            1645078424.196726,
            1645078424.196814,
            1645078424.196865,
            1645078424.197641,
            1645078424.197648,
            1645078424.200164,
            1645078424.329221,
            1645078424.329253,
            1645078424.330839,
            1645078424.330875,
            1645078424.337851,
            1645078424.337932,
            1645078424.337981,
            1645078424.33867,
            1645078424.338681,
            1645078424.338716,
            1645078424.338795,
            1645078424.338799,
            1645078424.338829,
            1645078424.339674,
            1645078424.339679,
            1645078424.339741
        ],
        "ps_list": [
            158,
            184,
            225,
            66,
            121,
            66,
            110,
            66,
            97,
            101,
            66,
            191,
            66,
            260,
            66,
            66,
            121,
            225,
            66,
            66,
            101,
            66,
            122,
            66,
            255,
            66,
            121,
            225,
            66,
            101,
            66,
            120,
            66,
            659,
            66,
            121,
            225,
            66,
            101,
            66,
            121,
            66,
            376,
            66,
            121,
            225,
            66,
            101,
            66,
            131,
            340,
            66,
            121,
            225,
            66,
            101,
            66,
            121,
            259,
            66,
            121,
            225,
            121,
            225,
            66,
            101,
            66,
            66,
            119,
            66,
            377,
            101,
            66,
            121,
            272,
            66
        ],
        "direction_list": [
            0,
            0,
            0,
            1,
            1,
            0,
            1,
            0,
            0,
            1,
            0,
            1,
            0,
            1,
            0,
            1,
            0,
            0,
            1,
            1,
            1,
            0,
            1,
            0,
            1,
            0,
            0,
            0,
            1,
            1,
            0,
            1,
            0,
            1,
            0,
            0,
            0,
            1,
            1,
            0,
            1,
            0,
            1,
            0,
            0,
            0,
            1,
            1,
            0,
            1,
            1,
            0,
            0,
            0,
            1,
            1,
            0,
            1,
            1,
            0,
            0,
            0,
            0,
            0,
            1,
            1,
            0,
            1,
            1,
            0,
            1,
            1,
            0,
            1,
            1,
            0
        ],
        "piat_list": [
            0.21719932556152344,
            0.15687942504882812,
            0.01811981201171875,
            8.687019348144531,
            0.017881393432617188,
            0.009059906005859375,
            0.017881393432617188,
            0.0059604644775390625,
            0.11301040649414062,
            0.013113021850585938,
            0.0050067901611328125,
            0.6070137023925781,
            0.014066696166992188,
            0.07200241088867188,
            0.0069141387939453125,
            47.734975814819336,
            218.89495849609375,
            0.03504753112792969,
            8.064031600952148,
            0.016927719116210938,
            0.16808509826660156,
            0.0069141387939453125,
            0.8561611175537109,
            0.0050067901611328125,
            0.08893013000488281,
            0.0040531158447265625,
            110.01300811767578,
            0.026941299438476562,
            7.98797607421875,
            0.015974044799804688,
            0.0069141387939453125,
            0.9901523590087891,
            0.0059604644775390625,
            0.010013580322265625,
            0.0040531158447265625,
            164.06798362731934,
            0.034809112548828125,
            7.793188095092773,
            0.1068115234375,
            0.011205673217773438,
            0.7839202880859375,
            0.0050067901611328125,
            0.0069141387939453125,
            0.0040531158447265625,
            59.6621036529541,
            0.02193450927734375,
            8.560895919799805,
            0.010013580322265625,
            0.007152557373046875,
            0.7739067077636719,
            0.0059604644775390625,
            1.3320446014404297,
            122.02811241149902,
            0.02193450927734375,
            7.647037506103516,
            0.08797645568847656,
            0.051021575927734375,
            0.7758140563964844,
            0.007152557373046875,
            2.516031265258789,
            129.0569305419922,
            0.031948089599609375,
            1.5859603881835938,
            0.03600120544433594,
            6.976127624511719,
            0.08106231689453125,
            0.04887580871582031,
            0.6890296936035156,
            0.010967254638671875,
            0.03504753112792969,
            0.07891654968261719,
            0.0040531158447265625,
            0.030040740966796875,
            0.8449554443359375,
            0.0050067901611328125,
            0.06198883056640625
        ]
    }
}