{
    "(2886734945, 3741713926, 34468, 443, 'tcp', 0)": {
        "ts_list": [
            1645584222.288699,
            1645584222.288937,
            1645584222.289058,
            1645584222.31308,
            1645584222.313363,
            1645584222.313381,
            1645584222.31346,
            1645584222.313467,
            1645584222.313559,
            1645584222.313563,
            1645584222.313596,
            1645584222.314124,
            1645584222.31413,
            1645584222.314218,
            1645584222.314223,
            1645584222.378228,
            1645584222.640153,
            1645584222.640197,
            1645584222.664071,
            1645584222.664097,
            1645584222.664101,
            1645584222.664112,
            1645584222.664991,
            1645584222.665004,
            1645584222.665082,
            1645584222.665087,
            1645584222.773118,
            1645584222.77315,
            1645584222.79706,
            1645584222.797102,
            1645584222.797123,
            1645584222.798065,
            1645584222.79807,
            1645584222.798078,
            1645584222.798086,
            1645584223.447198,
            1645584223.447223,
            1645584223.471147,
            1645584223.471178,
            1645584223.471196,
            1645584223.472063,
            1645584223.47207,
            1645584223.472161,
            1645584223.472166,
            1645584223.561752,
            1645584223.561785,
            1645584223.586046,
            1645584223.586114,
            1645584223.586124,
            1645584223.586948,
            1645584223.58696,
            1645584223.587043,
            1645584223.587047
        ],
        "ps_list": [
            158,
            184,
            225,
            66,
            121,
            66,
            110,
            66,
            101,
            66,
            97,
            191,
            66,
            260,
            66,
            66,
            121,
            225,
            66,
            66,
            101,
            66,
            121,
            66,
            255,
            66,
            121,
            225,
            66,
            101,
            66,
            118,
            66,
            260,
            66,
            121,
            225,
            66,
            101,
            66,
            145,
            66,
            272,
            66,
            121,
            225,
            66,
            101,
            66,
            121,
            66,
            262,
            66
        ],
        "direction_list": [
            0,
            0,
            0,
            1,
            1,
            0,
            1,
            0,
            1,
            0,
            0,
            1,
            0,
            1,
            0,
            1,
            0,
            0,
            1,
            1,
            1,
            0,
            1,
            0,
            1,
            0,
            0,
            0,
            1,
            1,
            0,
            1,
            0,
            1,
            0,
            0,
            0,
            1,
            1,
            0,
            1,
            0,
            1,
            0,
            0,
            0,
            1,
            1,
            0,
            1,
            0,
            1,
            0
        ],
        "piat_list": [
            0.4749298095703125,
            0.23818016052246094,
            0.12087821960449219,
            24.02210235595703,
            0.2830028533935547,
            0.017881393432617188,
            0.07915496826171875,
            0.0069141387939453125,
            0.09202957153320312,
            0.0040531158447265625,
            0.032901763916015625,
            0.5280971527099609,
            0.0059604644775390625,
            0.08797645568847656,
            0.0050067901611328125,
            64.00489807128906,
            261.92498207092285,
            0.04410743713378906,
            23.87404441833496,
            0.025987625122070312,
            0.003814697265625,
            0.011205673217773438,
            0.8788108825683594,
            0.013113021850585938,
            0.07796287536621094,
            0.0050067901611328125,
            108.03103446960449,
            0.031948089599609375,
            23.910045623779297,
            0.041961669921875,
            0.0209808349609375,
            0.9419918060302734,
            0.0050067901611328125,
            0.008106231689453125,
            0.007867813110351562,
            649.1119861602783,
            0.025033950805664062,
            23.92411231994629,
            0.030994415283203125,
            0.017881393432617188,
            0.8671283721923828,
            0.0069141387939453125,
            0.09107589721679688,
            0.0050067901611328125,
            89.58601951599121,
            0.032901763916015625,
            24.260997772216797,
            0.06794929504394531,
            0.010013580322265625,
            0.823974609375,
            0.012159347534179688,
            0.08296966552734375,
            0.0040531158447265625
        ]
    }
}