{
    "(2886734945, 3741713926, 34620, 443, 'tcp', 0)": {
        "ts_list": [
            1645584426.341242,
            1645584426.341465,
            1645584426.341498,
            1645584426.366738,
            1645584426.366786,
            1645584426.366872,
            1645584426.366878,
            1645584426.366882,
            1645584426.366885,
            1645584426.367067,
            1645584426.367112,
            1645584426.367214,
            1645584426.367217,
            1645584426.367223,
            1645584426.367226,
            1645584426.367229,
            1645584426.367232,
            1645584426.432021,
            1645584426.63319,
            1645584426.633227,
            1645584426.658749,
            1645584426.658776,
            1645584426.658931,
            1645584426.658945,
            1645584426.658958,
            1645584426.658962,
            1645584426.658966,
            1645584426.658969,
            1645584426.724607,
            1645584426.724636,
            1645584426.750148,
            1645584426.750273,
            1645584426.750288,
            1645584426.7503,
            1645584426.750304,
            1645584426.75037,
            1645584426.750374,
            1645584427.352162,
            1645584427.352194,
            1645584427.377993,
            1645584427.37802,
            1645584427.378034,
            1645584427.37805,
            1645584427.378056,
            1645584427.378061,
            1645584427.378065,
            1645584427.464242,
            1645584427.464271,
            1645584427.489808,
            1645584427.489895,
            1645584427.48991,
            1645584427.490021,
            1645584427.490025,
            1645584427.490121,
            1645584427.490125
        ],
        "ps_list": [
            158,
            184,
            225,
            121,
            66,
            101,
            66,
            97,
            66,
            97,
            66,
            101,
            66,
            191,
            66,
            260,
            66,
            66,
            121,
            225,
            66,
            66,
            101,
            66,
            121,
            66,
            255,
            66,
            121,
            225,
            66,
            101,
            66,
            119,
            66,
            260,
            66,
            121,
            225,
            66,
            101,
            66,
            145,
            66,
            272,
            66,
            121,
            225,
            66,
            101,
            66,
            122,
            66,
            262,
            66
        ],
        "direction_list": [
            0,
            0,
            0,
            1,
            0,
            1,
            0,
            1,
            0,
            0,
            1,
            1,
            0,
            1,
            0,
            1,
            0,
            1,
            0,
            0,
            1,
            1,
            1,
            0,
            1,
            0,
            1,
            0,
            0,
            0,
            1,
            1,
            0,
            1,
            0,
            1,
            0,
            0,
            0,
            1,
            1,
            0,
            1,
            0,
            1,
            0,
            0,
            0,
            1,
            1,
            0,
            1,
            0,
            1,
            0
        ],
        "piat_list": [
            0.3681182861328125,
            0.22292137145996094,
            0.032901763916015625,
            25.240182876586914,
            0.04792213439941406,
            0.08606910705566406,
            0.0059604644775390625,
            0.0040531158447265625,
            0.00286102294921875,
            0.18215179443359375,
            0.04482269287109375,
            0.10204315185546875,
            0.0030994415283203125,
            0.0059604644775390625,
            0.00286102294921875,
            0.0030994415283203125,
            0.0030994415283203125,
            64.788818359375,
            201.16901397705078,
            0.03719329833984375,
            25.52199363708496,
            0.026941299438476562,
            0.15497207641601562,
            0.014066696166992188,
            0.012874603271484375,
            0.0040531158447265625,
            0.0040531158447265625,
            0.00286102294921875,
            65.63806533813477,
            0.029087066650390625,
            25.511980056762695,
            0.12493133544921875,
            0.015020370483398438,
            0.011920928955078125,
            0.0040531158447265625,
            0.06604194641113281,
            0.0040531158447265625,
            601.787805557251,
            0.03218650817871094,
            25.799036026000977,
            0.026941299438476562,
            0.014066696166992188,
            0.015974044799804688,
            0.0059604644775390625,
            0.0050067901611328125,
            0.0040531158447265625,
            86.17687225341797,
            0.029087066650390625,
            25.53701400756836,
            0.08702278137207031,
            0.014781951904296875,
            0.11110305786132812,
            0.0040531158447265625,
            0.09584426879882812,
            0.0040531158447265625
        ]
    }
}