{
    "(2886734945, 3741713926, 48284, 443, 'tcp', 0)": {
        "ts_list": [
            1645458493.579799,
            1645458493.579966,
            1645458493.57999,
            1645458493.610479,
            1645458493.61051,
            1645458493.610528,
            1645458493.610549,
            1645458493.610553,
            1645458493.610557,
            1645458493.61056,
            1645458493.610656,
            1645458493.61066,
            1645458493.610701,
            1645458493.61152,
            1645458493.611525,
            1645458493.61162,
            1645458493.611624,
            1645458493.68149,
            1645458493.883569,
            1645458493.883606,
            1645458493.91448,
            1645458493.914508,
            1645458493.914655,
            1645458493.914667,
            1645458493.915463,
            1645458493.915467,
            1645458493.91556,
            1645458493.915565,
            1645458493.97851,
            1645458493.97854,
            1645458494.009429,
            1645458494.009467,
            1645458494.009481,
            1645458494.010424,
            1645458494.010428,
            1645458494.010523,
            1645458494.010527,
            1645458494.195227,
            1645458494.195255,
            1645458494.225453,
            1645458494.225525,
            1645458494.22554,
            1645458494.226478,
            1645458494.226484,
            1645458494.226601,
            1645458494.226605,
            1645458494.395486,
            1645458494.395515,
            1645458494.425657,
            1645458494.425737,
            1645458494.425749,
            1645458494.426472,
            1645458494.42648,
            1645458494.428633,
            1645458494.429338,
            1645458494.429359,
            1645458494.459523,
            1645458494.459543,
            1645458494.46048,
            1645458494.460494,
            1645458494.460518
        ],
        "ps_list": [
            164,
            184,
            225,
            66,
            121,
            66,
            101,
            66,
            97,
            66,
            101,
            66,
            97,
            191,
            66,
            260,
            66,
            66,
            121,
            225,
            66,
            66,
            101,
            66,
            121,
            66,
            255,
            66,
            121,
            225,
            66,
            101,
            66,
            122,
            66,
            254,
            66,
            121,
            225,
            66,
            101,
            66,
            144,
            66,
            365,
            66,
            121,
            225,
            66,
            101,
            66,
            121,
            367,
            66,
            121,
            225,
            66,
            101,
            121,
            344,
            66
        ],
        "direction_list": [
            0,
            0,
            0,
            1,
            1,
            0,
            1,
            0,
            1,
            0,
            1,
            0,
            0,
            1,
            0,
            1,
            0,
            1,
            0,
            0,
            1,
            1,
            1,
            0,
            1,
            0,
            1,
            0,
            0,
            0,
            1,
            1,
            0,
            1,
            0,
            1,
            0,
            0,
            0,
            1,
            1,
            0,
            1,
            0,
            1,
            0,
            0,
            0,
            1,
            1,
            0,
            1,
            1,
            0,
            0,
            0,
            1,
            1,
            1,
            1,
            0
        ],
        "piat_list": [
            0.2989768981933594,
            0.1671314239501953,
            0.02384185791015625,
            30.489206314086914,
            0.030994415283203125,
            0.017881393432617188,
            0.0209808349609375,
            0.0040531158447265625,
            0.0040531158447265625,
            0.00286102294921875,
            0.09608268737792969,
            0.0040531158447265625,
            0.04100799560546875,
            0.8189678192138672,
            0.0050067901611328125,
            0.09489059448242188,
            0.0040531158447265625,
            69.86594200134277,
            202.07905769348145,
            0.03695487976074219,
            30.874013900756836,
            0.028133392333984375,
            0.1468658447265625,
            0.011920928955078125,
            0.7960796356201172,
            0.0040531158447265625,
            0.09298324584960938,
            0.0050067901611328125,
            62.944889068603516,
            0.030040740966796875,
            30.889034271240234,
            0.03790855407714844,
            0.014066696166992188,
            0.9429454803466797,
            0.0040531158447265625,
            0.09512901306152344,
            0.003814697265625,
            184.70001220703125,
            0.028133392333984375,
            30.197858810424805,
            0.07200241088867188,
            0.015020370483398438,
            0.9381771087646484,
            0.0059604644775390625,
            0.11682510375976562,
            0.0040531158447265625,
            168.88117790222168,
            0.028848648071289062,
            30.14206886291504,
            0.07987022399902344,
            0.012159347534179688,
            0.7228851318359375,
            0.008106231689453125,
            2.1529197692871094,
            0.7050037384033203,
            0.0209808349609375,
            30.164003372192383,
            0.02002716064453125,
            0.9369850158691406,
            0.014066696166992188,
            0.02384185791015625
        ]
    }
}