{
    "(2886734945, 3741648133, 50204, 443, 'tcp', 0)": {
        "ts_list": [
            1645011158.10492,
            1645011158.105102,
            1645011158.105128,
            1645011158.113764,
            1645011158.113782,
            1645011158.113792,
            1645011158.113801,
            1645011158.113808,
            1645011158.113937,
            1645011158.113941,
            1645011158.114811,
            1645011158.114817,
            1645011158.114819,
            1645011158.114824,
            1645011158.116689,
            1645011158.165642,
            1645011158.404102,
            1645011158.404139,
            1645011158.412726,
            1645011158.412744,
            1645011158.412911,
            1645011158.412922,
            1645011158.413711,
            1645011158.413717,
            1645011158.41381,
            1645011158.413815,
            1645011158.493783,
            1645011158.493815,
            1645011158.495401,
            1645011158.495423,
            1645011158.503692,
            1645011158.503777,
            1645011158.503786,
            1645011158.503879,
            1645011158.503883,
            1645011158.503885,
            1645011158.503888,
            1645011158.504678,
            1645011158.504783,
            1645011158.504787,
            1645011158.505738,
            1645011158.505762,
            1645011158.505766,
            1645011158.505772,
            1645011158.924436,
            1645011158.924467,
            1645011158.933667,
            1645011158.93394,
            1645011158.933948,
            1645011158.935113,
            1645011158.935117,
            1645011158.935122,
            1645011158.935126,
            1645011159.076482,
            1645011159.076511,
            1645011159.085692,
            1645011159.085889,
            1645011159.085902,
            1645011159.086837,
            1645011159.086851,
            1645011159.086856,
            1645011159.08686,
            1645011159.124132,
            1645011159.12416,
            1645011159.133752,
            1645011159.133836,
            1645011159.134738,
            1645011159.134745,
            1645011159.134784
        ],
        "ps_list": [
            158,
            184,
            225,
            66,
            121,
            66,
            110,
            66,
            101,
            66,
            191,
            66,
            260,
            66,
            97,
            66,
            121,
            225,
            66,
            66,
            101,
            66,
            121,
            66,
            255,
            66,
            121,
            225,
            121,
            225,
            66,
            101,
            66,
            122,
            66,
            251,
            66,
            66,
            101,
            66,
            118,
            66,
            255,
            66,
            121,
            225,
            66,
            101,
            66,
            120,
            66,
            297,
            66,
            121,
            225,
            66,
            101,
            66,
            144,
            66,
            272,
            66,
            121,
            225,
            66,
            101,
            122,
            332,
            66
        ],
        "direction_list": [
            0,
            0,
            0,
            1,
            1,
            0,
            1,
            0,
            1,
            0,
            1,
            0,
            1,
            0,
            0,
            1,
            0,
            0,
            1,
            1,
            1,
            0,
            1,
            0,
            1,
            0,
            0,
            0,
            0,
            0,
            1,
            1,
            0,
            1,
            0,
            1,
            0,
            1,
            1,
            0,
            1,
            0,
            1,
            0,
            0,
            0,
            1,
            1,
            0,
            1,
            0,
            1,
            0,
            0,
            0,
            1,
            1,
            0,
            1,
            0,
            1,
            0,
            0,
            0,
            1,
            1,
            1,
            1,
            0
        ],
        "piat_list": [
            0.2288818359375,
            0.18215179443359375,
            0.025987625122070312,
            8.635997772216797,
            0.017881393432617188,
            0.010013580322265625,
            0.009059906005859375,
            0.0069141387939453125,
            0.1289844512939453,
            0.0040531158447265625,
            0.8699893951416016,
            0.0059604644775390625,
            0.0021457672119140625,
            0.0050067901611328125,
            1.8649101257324219,
            48.95305633544922,
            238.46006393432617,
            0.03695487976074219,
            8.586883544921875,
            0.01811981201171875,
            0.16689300537109375,
            0.010967254638671875,
            0.7891654968261719,
            0.0059604644775390625,
            0.09298324584960938,
            0.0050067901611328125,
            79.96797561645508,
            0.031948089599609375,
            1.5859603881835938,
            0.022172927856445312,
            8.26883316040039,
            0.08511543273925781,
            0.009059906005859375,
            0.09298324584960938,
            0.003814697265625,
            0.0021457672119140625,
            0.00286102294921875,
            0.7901191711425781,
            0.1049041748046875,
            0.0040531158447265625,
            0.9510517120361328,
            0.024080276489257812,
            0.003814697265625,
            0.006198883056640625,
            418.66397857666016,
            0.030994415283203125,
            9.199857711791992,
            0.27298927307128906,
            0.008106231689453125,
            1.1649131774902344,
            0.0040531158447265625,
            0.0050067901611328125,
            0.0040531158447265625,
            141.3559913635254,
            0.028848648071289062,
            9.181022644042969,
            0.1971721649169922,
            0.012874603271484375,
            0.9350776672363281,
            0.013828277587890625,
            0.0050067901611328125,
            0.0040531158447265625,
            37.271976470947266,
            0.028133392333984375,
            9.592056274414062,
            0.08392333984375,
            0.9019374847412109,
            0.0069141387939453125,
            0.03910064697265625
        ]
    }
}