{
    "(2886734945, 3741713926, 59774, 443, 'tcp', 0)": {
        "ts_list": [
            1645668130.903302,
            1645668130.903484,
            1645668130.903503,
            1645668130.93152,
            1645668130.931554,
            1645668130.931569,
            1645668130.93159,
            1645668130.931596,
            1645668130.931684,
            1645668130.932423,
            1645668130.932435,
            1645668130.932443,
            1645668130.932448,
            1645668131.000569,
            1645668131.231643,
            1645668131.231686,
            1645668131.260534,
            1645668131.260554,
            1645668131.260702,
            1645668131.260713,
            1645668131.261499,
            1645668131.261506,
            1645668131.261595,
            1645668131.2616,
            1645668131.344245,
            1645668131.34427,
            1645668131.372752,
            1645668131.372827,
            1645668131.372838,
            1645668131.373422,
            1645668131.373434,
            1645668131.373519,
            1645668131.373526,
            1645668131.610802,
            1645668131.610845,
            1645668131.639495,
            1645668131.639565,
            1645668131.639581,
            1645668131.640461,
            1645668131.640466,
            1645668131.640475,
            1645668131.640479,
            1645668132.282184,
            1645668132.282216,
            1645668132.310494,
            1645668132.310986,
            1645668132.311004,
            1645668132.311453,
            1645668132.311459,
            1645668132.311556,
            1645668132.311563
        ],
        "ps_list": [
            158,
            184,
            225,
            66,
            121,
            66,
            123,
            66,
            97,
            191,
            66,
            260,
            66,
            66,
            121,
            225,
            66,
            66,
            101,
            66,
            145,
            66,
            255,
            66,
            121,
            225,
            66,
            101,
            66,
            121,
            66,
            249,
            66,
            121,
            225,
            66,
            101,
            66,
            121,
            66,
            297,
            66,
            121,
            225,
            66,
            101,
            66,
            144,
            66,
            291,
            66
        ],
        "direction_list": [
            0,
            0,
            0,
            1,
            1,
            0,
            1,
            0,
            0,
            1,
            0,
            1,
            0,
            1,
            0,
            0,
            1,
            1,
            1,
            0,
            1,
            0,
            1,
            0,
            0,
            0,
            1,
            1,
            0,
            1,
            0,
            1,
            0,
            0,
            0,
            1,
            1,
            0,
            1,
            0,
            1,
            0,
            0,
            0,
            1,
            1,
            0,
            1,
            0,
            1,
            0
        ],
        "piat_list": [
            0.2560615539550781,
            0.18215179443359375,
            0.018835067749023438,
            28.017044067382812,
            0.03409385681152344,
            0.015020370483398438,
            0.0209808349609375,
            0.0059604644775390625,
            0.08797645568847656,
            0.7390975952148438,
            0.011920928955078125,
            0.007867813110351562,
            0.0050067901611328125,
            68.12119483947754,
            231.07385635375977,
            0.04315376281738281,
            28.847932815551758,
            0.02002716064453125,
            0.14781951904296875,
            0.011205673217773438,
            0.78582763671875,
            0.007152557373046875,
            0.08893013000488281,
            0.0050067901611328125,
            82.64493942260742,
            0.025033950805664062,
            28.48196029663086,
            0.07510185241699219,
            0.010967254638671875,
            0.5838871002197266,
            0.012159347534179688,
            0.08487701416015625,
            0.007152557373046875,
            237.2758388519287,
            0.04315376281738281,
            28.64980697631836,
            0.07009506225585938,
            0.015974044799804688,
            0.8800029754638672,
            0.0050067901611328125,
            0.009059906005859375,
            0.0040531158447265625,
            641.704797744751,
            0.03218650817871094,
            28.277873992919922,
            0.492095947265625,
            0.017881393432617188,
            0.44918060302734375,
            0.0059604644775390625,
            0.09703636169433594,
            0.0069141387939453125
        ]
    }
}