{
    "(2886734945, 3741713926, 59376, 443, 'tcp', 0)": {
        "ts_list": [
            1645667556.133723,
            1645667556.133894,
            1645667556.133921,
            1645667556.162426,
            1645667556.162453,
            1645667556.162466,
            1645667556.162484,
            1645667556.16249,
            1645667556.162585,
            1645667556.163376,
            1645667556.163384,
            1645667556.163392,
            1645667556.163396,
            1645667556.230561,
            1645667556.441856,
            1645667556.441897,
            1645667556.470411,
            1645667556.470429,
            1645667556.470431,
            1645667556.470441,
            1645667556.471363,
            1645667556.471368,
            1645667556.471462,
            1645667556.471467,
            1645667556.530701,
            1645667556.530727,
            1645667556.559348,
            1645667556.559431,
            1645667556.559451,
            1645667556.583388,
            1645667556.58342,
            1645667556.583433,
            1645667556.583438,
            1645667556.801056,
            1645667556.801093,
            1645667556.829426,
            1645667556.829521,
            1645667556.829536,
            1645667556.830305,
            1645667556.830316,
            1645667556.830415,
            1645667556.830421,
            1645667557.472153,
            1645667557.472194,
            1645667557.500387,
            1645667557.50047,
            1645667557.500481,
            1645667557.50137,
            1645667557.501375,
            1645667557.501377,
            1645667557.501382
        ],
        "ps_list": [
            158,
            184,
            225,
            66,
            121,
            66,
            123,
            66,
            97,
            191,
            66,
            260,
            66,
            66,
            121,
            225,
            66,
            66,
            101,
            66,
            122,
            66,
            255,
            66,
            121,
            225,
            66,
            101,
            66,
            121,
            66,
            249,
            66,
            121,
            225,
            66,
            101,
            66,
            121,
            66,
            297,
            66,
            121,
            225,
            66,
            101,
            66,
            144,
            66,
            291,
            66
        ],
        "direction_list": [
            0,
            0,
            0,
            1,
            1,
            0,
            1,
            0,
            0,
            1,
            0,
            1,
            0,
            1,
            0,
            0,
            1,
            1,
            1,
            0,
            1,
            0,
            1,
            0,
            0,
            0,
            1,
            1,
            0,
            1,
            0,
            1,
            0,
            0,
            0,
            1,
            1,
            0,
            1,
            0,
            1,
            0,
            0,
            0,
            1,
            1,
            0,
            1,
            0,
            1,
            0
        ],
        "piat_list": [
            0.3399848937988281,
            0.1709461212158203,
            0.026941299438476562,
            28.50508689880371,
            0.026941299438476562,
            0.013113021850585938,
            0.017881393432617188,
            0.0059604644775390625,
            0.09512901306152344,
            0.7910728454589844,
            0.007867813110351562,
            0.008106231689453125,
            0.003814697265625,
            67.16513633728027,
            211.29488945007324,
            0.04100799560546875,
            28.51414680480957,
            0.017881393432617188,
            0.0021457672119140625,
            0.010013580322265625,
            0.9219646453857422,
            0.0050067901611328125,
            0.09393692016601562,
            0.0050067901611328125,
            59.233903884887695,
            0.025987625122070312,
            28.621196746826172,
            0.08296966552734375,
            0.02002716064453125,
            23.936986923217773,
            0.031948089599609375,
            0.012874603271484375,
            0.0050067901611328125,
            217.61798858642578,
            0.03719329833984375,
            28.332948684692383,
            0.09489059448242188,
            0.015020370483398438,
            0.7691383361816406,
            0.010967254638671875,
            0.09894371032714844,
            0.0059604644775390625,
            641.7319774627686,
            0.04100799560546875,
            28.192996978759766,
            0.08296966552734375,
            0.010967254638671875,
            0.8890628814697266,
            0.0050067901611328125,
            0.0021457672119140625,
            0.0050067901611328125
        ]
    }
}