{
    "(2886734945, 3741713926, 59838, 443, 'tcp', 0)": {
        "ts_list": [
            1645668212.895191,
            1645668212.895394,
            1645668212.895419,
            1645668212.922774,
            1645668212.922811,
            1645668212.922827,
            1645668212.922841,
            1645668212.922852,
            1645668212.922855,
            1645668212.922859,
            1645668212.923007,
            1645668212.923754,
            1645668212.92376,
            1645668212.923853,
            1645668212.923858,
            1645668212.989829,
            1645668213.19513,
            1645668213.195169,
            1645668213.222852,
            1645668213.222876,
            1645668213.222886,
            1645668213.222897,
            1645668213.223812,
            1645668213.223817,
            1645668213.223823,
            1645668213.223826,
            1645668213.260227,
            1645668213.260275,
            1645668213.287774,
            1645668213.287851,
            1645668213.288792,
            1645668213.288804,
            1645668213.288837,
            1645668213.529545,
            1645668213.529588,
            1645668213.556845,
            1645668213.556917,
            1645668213.557849,
            1645668213.557854,
            1645668213.557878,
            1645668214.247624,
            1645668214.247654,
            1645668214.274854,
            1645668214.274891,
            1645668214.275939,
            1645668214.275943,
            1645668214.276009
        ],
        "ps_list": [
            158,
            184,
            225,
            66,
            121,
            66,
            110,
            66,
            101,
            66,
            97,
            190,
            66,
            260,
            66,
            66,
            121,
            225,
            66,
            66,
            101,
            66,
            144,
            66,
            255,
            66,
            121,
            225,
            66,
            101,
            121,
            249,
            66,
            121,
            225,
            66,
            101,
            120,
            297,
            66,
            121,
            225,
            66,
            101,
            144,
            291,
            66
        ],
        "direction_list": [
            0,
            0,
            0,
            1,
            1,
            0,
            1,
            0,
            1,
            0,
            0,
            1,
            0,
            1,
            0,
            1,
            0,
            0,
            1,
            1,
            1,
            0,
            1,
            0,
            1,
            0,
            0,
            0,
            1,
            1,
            1,
            1,
            0,
            0,
            0,
            1,
            1,
            1,
            1,
            0,
            0,
            0,
            1,
            1,
            1,
            1,
            0
        ],
        "piat_list": [
            0.28204917907714844,
            0.20313262939453125,
            0.0247955322265625,
            27.355194091796875,
            0.03695487976074219,
            0.015974044799804688,
            0.014066696166992188,
            0.010967254638671875,
            0.00286102294921875,
            0.0040531158447265625,
            0.1480579376220703,
            0.7469654083251953,
            0.0059604644775390625,
            0.09298324584960938,
            0.0050067901611328125,
            65.97113609313965,
            205.30104637145996,
            0.03886222839355469,
            27.683019638061523,
            0.024080276489257812,
            0.010013580322265625,
            0.010967254638671875,
            0.9150505065917969,
            0.0050067901611328125,
            0.0059604644775390625,
            0.00286102294921875,
            36.40103340148926,
            0.04792213439941406,
            27.49919891357422,
            0.07700920104980469,
            0.9407997131347656,
            0.012159347534179688,
            0.032901763916015625,
            240.7081127166748,
            0.04291534423828125,
            27.25696563720703,
            0.07200241088867188,
            0.9319782257080078,
            0.0050067901611328125,
            0.024080276489257812,
            689.7459030151367,
            0.030040740966796875,
            27.199983596801758,
            0.03695487976074219,
            1.0480880737304688,
            0.0040531158447265625,
            0.06604194641113281
        ]
    }
}