{
    "(2886734945, 3741648133, 37480, 443, 'tcp', 0)": {
        "ts_list": [
            1645376834.859424,
            1645376834.86715,
            1645376834.86718,
            1645376834.86719,
            1645376834.867267,
            1645376834.867342,
            1645376834.867347,
            1645376834.867352,
            1645376834.867356,
            1645376834.867358,
            1645376834.867361,
            1645376834.868152,
            1645376834.868156,
            1645376834.86825,
            1645376834.868255,
            1645376834.91513,
            1645376835.143585,
            1645376835.143621,
            1645376835.152118,
            1645376835.152142,
            1645376835.15229,
            1645376835.152303,
            1645376835.153179,
            1645376835.153185,
            1645376835.153279,
            1645376835.153283,
            1645376835.273497,
            1645376835.273528,
            1645376835.281191,
            1645376835.281273,
            1645376835.281287,
            1645376835.282165,
            1645376835.282176,
            1645376835.282187,
            1645376835.282191
        ],
        "ps_list": [
            225,
            66,
            121,
            66,
            97,
            101,
            66,
            97,
            66,
            101,
            66,
            190,
            66,
            260,
            66,
            66,
            121,
            225,
            66,
            66,
            101,
            66,
            144,
            66,
            255,
            66,
            121,
            225,
            66,
            101,
            66,
            118,
            66,
            255,
            66
        ],
        "direction_list": [
            0,
            1,
            1,
            0,
            0,
            1,
            0,
            1,
            0,
            1,
            0,
            1,
            0,
            1,
            0,
            1,
            0,
            0,
            1,
            1,
            1,
            0,
            1,
            0,
            1,
            0,
            0,
            0,
            1,
            1,
            0,
            1,
            0,
            1,
            0
        ],
        "piat_list": [
            0.02002716064453125,
            7.725954055786133,
            0.030040740966796875,
            0.009775161743164062,
            0.07700920104980469,
            0.07510185241699219,
            0.0050067901611328125,
            0.0050067901611328125,
            0.0040531158447265625,
            0.0019073486328125,
            0.0030994415283203125,
            0.7908344268798828,
            0.0040531158447265625,
            0.09393692016601562,
            0.0050067901611328125,
            46.875,
            228.4550666809082,
            0.03600120544433594,
            8.496999740600586,
            0.024080276489257812,
            0.1480579376220703,
            0.012874603271484375,
            0.8759498596191406,
            0.0059604644775390625,
            0.09417533874511719,
            0.0040531158447265625,
            120.21398544311523,
            0.030994415283203125,
            7.66301155090332,
            0.08177757263183594,
            0.014066696166992188,
            0.8780956268310547,
            0.010967254638671875,
            0.010967254638671875,
            0.0040531158447265625
        ]
    }
}