{
    "(2886734945, 3741648133, 37540, 443, 'tcp', 0)": {
        "ts_list": [
            1645377052.42992,
            1645377052.430189,
            1645377052.430224,
            1645377052.43922,
            1645377052.439305,
            1645377052.439318,
            1645377052.439323,
            1645377052.439327,
            1645377052.439405,
            1645377052.439408,
            1645377052.440269,
            1645377052.440273,
            1645377052.440278,
            1645377052.440282,
            1645377052.461128,
            1645377052.510227,
            1645377052.736494,
            1645377052.736539,
            1645377052.745253,
            1645377052.745273,
            1645377052.745479,
            1645377052.745491,
            1645377052.746262,
            1645377052.746267,
            1645377052.746361,
            1645377052.746365,
            1645377052.847598,
            1645377052.847635,
            1645377052.857283,
            1645377052.857309,
            1645377052.85732,
            1645377052.858166,
            1645377052.85817,
            1645377052.858293,
            1645377052.858297
        ],
        "ps_list": [
            158,
            184,
            225,
            66,
            121,
            66,
            110,
            66,
            101,
            66,
            191,
            66,
            260,
            66,
            97,
            66,
            121,
            225,
            66,
            66,
            101,
            66,
            122,
            66,
            255,
            66,
            121,
            225,
            66,
            101,
            66,
            118,
            66,
            255,
            66
        ],
        "direction_list": [
            0,
            0,
            0,
            1,
            1,
            0,
            1,
            0,
            1,
            0,
            1,
            0,
            1,
            0,
            0,
            1,
            0,
            0,
            1,
            1,
            1,
            0,
            1,
            0,
            1,
            0,
            0,
            0,
            1,
            1,
            0,
            1,
            0,
            1,
            0
        ],
        "piat_list": [
            0.3058910369873047,
            0.2689361572265625,
            0.03504753112792969,
            8.996009826660156,
            0.08511543273925781,
            0.012874603271484375,
            0.0050067901611328125,
            0.0040531158447265625,
            0.07796287536621094,
            0.0030994415283203125,
            0.8609294891357422,
            0.0040531158447265625,
            0.0050067901611328125,
            0.0040531158447265625,
            20.845890045166016,
            49.098968505859375,
            226.26709938049316,
            0.04482269287109375,
            8.71419906616211,
            0.02002716064453125,
            0.20599365234375,
            0.011920928955078125,
            0.7710456848144531,
            0.0050067901611328125,
            0.09393692016601562,
            0.0040531158447265625,
            101.23300552368164,
            0.03695487976074219,
            9.64808464050293,
            0.025987625122070312,
            0.010967254638671875,
            0.8459091186523438,
            0.0040531158447265625,
            0.12302398681640625,
            0.0040531158447265625
        ]
    }
}