{
    "(2886734945, 3741648133, 52242, 443, 'tcp', 0)": {
        "ts_list": [
            1644841523.602613,
            1644841523.602871,
            1644841523.602903,
            1644841523.612177,
            1644841523.612262,
            1644841523.612271,
            1644841523.612276,
            1644841523.612281,
            1644841523.612363,
            1644841523.612367,
            1644841523.613193,
            1644841523.613198,
            1644841523.6132,
            1644841523.613204,
            1644841523.616855,
            1644841523.66618,
            1644841523.932198,
            1644841523.932232,
            1644841523.942217,
            1644841523.942229,
            1644841523.942237,
            1644841523.942245,
            1644841523.943192,
            1644841523.943197,
            1644841523.943202,
            1644841523.943206,
            1644841523.992371,
            1644841523.992398,
            1644841524.002152,
            1644841524.002272,
            1644841524.002281,
            1644841524.002321,
            1644841524.002357,
            1644841524.003219,
            1644841524.003233,
            1644841524.003286,
            1644841524.012143,
            1644841524.012242,
            1644841524.013234,
            1644841524.013241,
            1644841524.013266,
            1644841524.551191,
            1644841524.551223,
            1644841524.561173,
            1644841524.561256,
            1644841524.562208,
            1644841524.562212,
            1644841524.562228,
            1644841524.568032,
            1644841524.568055,
            1644841524.577149,
            1644841524.577377,
            1644841524.578176,
            1644841524.578183,
            1644841524.578207,
            1644841524.639039,
            1644841524.639062,
            1644841524.64815,
            1644841524.648221,
            1644841524.649301,
            1644841524.649304,
            1644841524.649373,
            1644841524.692109,
            1644841524.692134,
            1644841524.70218,
            1644841524.702271,
            1644841524.703235,
            1644841524.703241,
            1644841524.70357
        ],
        "ps_list": [
            158,
            184,
            225,
            66,
            121,
            66,
            110,
            66,
            101,
            66,
            190,
            66,
            260,
            66,
            97,
            66,
            121,
            225,
            66,
            66,
            101,
            66,
            122,
            66,
            255,
            66,
            121,
            225,
            66,
            101,
            66,
            121,
            225,
            121,
            249,
            66,
            66,
            101,
            122,
            253,
            66,
            121,
            225,
            66,
            101,
            144,
            297,
            66,
            121,
            225,
            66,
            101,
            121,
            366,
            66,
            121,
            225,
            66,
            101,
            122,
            344,
            66,
            121,
            225,
            66,
            101,
            122,
            272,
            66
        ],
        "direction_list": [
            0,
            0,
            0,
            1,
            1,
            0,
            1,
            0,
            1,
            0,
            1,
            0,
            1,
            0,
            0,
            1,
            0,
            0,
            1,
            1,
            1,
            0,
            1,
            0,
            1,
            0,
            0,
            0,
            1,
            1,
            0,
            0,
            0,
            1,
            1,
            0,
            1,
            1,
            1,
            1,
            0,
            0,
            0,
            1,
            1,
            1,
            1,
            0,
            0,
            0,
            1,
            1,
            1,
            1,
            0,
            0,
            0,
            1,
            1,
            1,
            1,
            0,
            0,
            0,
            1,
            1,
            1,
            1,
            0
        ],
        "piat_list": [
            0.31685829162597656,
            0.2579689025878906,
            0.031948089599609375,
            9.274005889892578,
            0.08511543273925781,
            0.009059906005859375,
            0.0050067901611328125,
            0.0050067901611328125,
            0.0820159912109375,
            0.003814697265625,
            0.8261203765869141,
            0.0050067901611328125,
            0.0019073486328125,
            0.0040531158447265625,
            3.6509037017822266,
            49.324989318847656,
            266.0181522369385,
            0.033855438232421875,
            9.985208511352539,
            0.011920928955078125,
            0.007867813110351562,
            0.008106231689453125,
            0.9469985961914062,
            0.0050067901611328125,
            0.0050067901611328125,
            0.0040531158447265625,
            49.16501045227051,
            0.026941299438476562,
            9.753942489624023,
            0.11992454528808594,
            0.009059906005859375,
            0.0400543212890625,
            0.03600120544433594,
            0.8618831634521484,
            0.014066696166992188,
            0.052928924560546875,
            8.857011795043945,
            0.09918212890625,
            0.9918212890625,
            0.007152557373046875,
            0.025033950805664062,
            537.9250049591064,
            0.031948089599609375,
            9.949922561645508,
            0.08296966552734375,
            0.9520053863525391,
            0.0040531158447265625,
            0.015974044799804688,
            5.8040618896484375,
            0.02288818359375,
            9.093999862670898,
            0.2281665802001953,
            0.7989406585693359,
            0.0069141387939453125,
            0.024080276489257812,
            60.83202362060547,
            0.02288818359375,
            9.08803939819336,
            0.07104873657226562,
            1.0800361633300781,
            0.00286102294921875,
            0.06914138793945312,
            42.736053466796875,
            0.0247955322265625,
            10.046005249023438,
            0.09107589721679688,
            0.9639263153076172,
            0.006198883056640625,
            0.3287792205810547
        ]
    }
}