{
    "(2886734945, 3741648133, 52286, 443, 'tcp', 0)": {
        "ts_list": [
            1644841581.09148,
            1644841581.091663,
            1644841581.0917,
            1644841581.09974,
            1644841581.099765,
            1644841581.099878,
            1644841581.100577,
            1644841581.100592,
            1644841581.100599,
            1644841581.100615,
            1644841581.100619,
            1644841581.100771,
            1644841581.100778,
            1644841581.101524,
            1644841581.101537,
            1644841581.101553,
            1644841581.101557,
            1644841581.148564,
            1644841581.367864,
            1644841581.3679,
            1644841581.3765,
            1644841581.376521,
            1644841581.376683,
            1644841581.376692,
            1644841581.377571,
            1644841581.377576,
            1644841581.377582,
            1644841581.377588,
            1644841581.451198,
            1644841581.451229,
            1644841581.453021,
            1644841581.453049,
            1644841581.459638,
            1644841581.45972,
            1644841581.459729,
            1644841581.460566,
            1644841581.46057,
            1644841581.46058,
            1644841581.460583,
            1644841581.461555,
            1644841581.461566,
            1644841581.461572,
            1644841581.462567,
            1644841581.462573,
            1644841581.462581,
            1644841581.462584,
            1644841581.983001,
            1644841581.983035,
            1644841581.991573,
            1644841581.991658,
            1644841581.991667,
            1644841581.99264,
            1644841581.992644,
            1644841581.99265,
            1644841581.992653,
            1644841582.000676,
            1644841582.000697,
            1644841582.009608,
            1644841582.009621,
            1644841582.010693,
            1644841582.010705,
            1644841582.010723,
            1644841582.073401,
            1644841582.073424,
            1644841582.082551,
            1644841582.082564,
            1644841582.083528,
            1644841582.083532,
            1644841582.083821,
            1644841582.159399,
            1644841582.159429,
            1644841582.173852,
            1644841582.173863,
            1644841582.174739,
            1644841582.174777,
            1644841582.174873,
            1644841582.218783
        ],
        "ps_list": [
            158,
            184,
            225,
            121,
            66,
            97,
            66,
            101,
            66,
            97,
            66,
            101,
            66,
            191,
            66,
            260,
            66,
            66,
            121,
            225,
            66,
            66,
            101,
            66,
            121,
            66,
            255,
            66,
            121,
            225,
            121,
            225,
            66,
            101,
            66,
            121,
            66,
            249,
            66,
            66,
            101,
            66,
            108,
            66,
            253,
            66,
            121,
            225,
            66,
            101,
            66,
            121,
            66,
            297,
            66,
            121,
            225,
            66,
            101,
            120,
            366,
            66,
            121,
            225,
            66,
            101,
            145,
            344,
            66,
            121,
            225,
            66,
            101,
            122,
            66,
            272,
            66
        ],
        "direction_list": [
            0,
            0,
            0,
            1,
            0,
            0,
            1,
            1,
            0,
            1,
            0,
            1,
            0,
            1,
            0,
            1,
            0,
            1,
            0,
            0,
            1,
            1,
            1,
            0,
            1,
            0,
            1,
            0,
            0,
            0,
            0,
            0,
            1,
            1,
            0,
            1,
            0,
            1,
            0,
            1,
            1,
            0,
            1,
            0,
            1,
            0,
            0,
            0,
            1,
            1,
            0,
            1,
            0,
            1,
            0,
            0,
            0,
            1,
            1,
            1,
            1,
            0,
            0,
            0,
            1,
            1,
            1,
            1,
            0,
            0,
            0,
            1,
            1,
            1,
            0,
            1,
            0
        ],
        "piat_list": [
            0.3159046173095703,
            0.18286705017089844,
            0.03719329833984375,
            8.03995132446289,
            0.025033950805664062,
            0.11301040649414062,
            0.6990432739257812,
            0.014781951904296875,
            0.007152557373046875,
            0.015974044799804688,
            0.0040531158447265625,
            0.1518726348876953,
            0.007152557373046875,
            0.7460117340087891,
            0.012874603271484375,
            0.015974044799804688,
            0.0040531158447265625,
            47.007083892822266,
            219.2997932434082,
            0.03600120544433594,
            8.599996566772461,
            0.021219253540039062,
            0.16188621520996094,
            0.009059906005859375,
            0.8790493011474609,
            0.0050067901611328125,
            0.0059604644775390625,
            0.0059604644775390625,
            73.61006736755371,
            0.030994415283203125,
            1.7919540405273438,
            0.027894973754882812,
            6.589174270629883,
            0.08177757263183594,
            0.009059906005859375,
            0.8370876312255859,
            0.0040531158447265625,
            0.010013580322265625,
            0.00286102294921875,
            0.9720325469970703,
            0.010967254638671875,
            0.0059604644775390625,
            0.9951591491699219,
            0.0059604644775390625,
            0.007867813110351562,
            0.0030994415283203125,
            520.4169750213623,
            0.03409385681152344,
            8.538007736206055,
            0.08487701416015625,
            0.009059906005859375,
            0.9729862213134766,
            0.0040531158447265625,
            0.0059604644775390625,
            0.00286102294921875,
            8.02302360534668,
            0.0209808349609375,
            8.9111328125,
            0.012874603271484375,
            1.0721683502197266,
            0.011920928955078125,
            0.01811981201171875,
            62.677860260009766,
            0.023126602172851562,
            9.126901626586914,
            0.013113021850585938,
            0.9639263153076172,
            0.0040531158447265625,
            0.28896331787109375,
            75.57797431945801,
            0.030040740966796875,
            14.422893524169922,
            0.010967254638671875,
            0.8759498596191406,
            0.03814697265625,
            0.09608268737792969,
            43.90978813171387
        ]
    }
}