{
    "(2886734945, 3741648133, 52380, 443, 'tcp', 0)": {
        "ts_list": [
            1644841704.477846,
            1644841704.48672,
            1644841704.486743,
            1644841704.486752,
            1644841704.486757,
            1644841704.486761,
            1644841704.486906,
            1644841704.48691,
            1644841704.487651,
            1644841704.487691,
            1644841704.487696,
            1644841704.48779,
            1644841704.487794,
            1644841704.53661,
            1644841704.716246,
            1644841704.71628,
            1644841704.725584,
            1644841704.725609,
            1644841704.725764,
            1644841704.725775,
            1644841704.726678,
            1644841704.726682,
            1644841704.726691,
            1644841704.726695,
            1644841704.81053,
            1644841704.810559,
            1644841704.812228,
            1644841704.812248,
            1644841704.819728,
            1644841704.819814,
            1644841704.819823,
            1644841704.820633,
            1644841704.820637,
            1644841704.820752,
            1644841704.820756,
            1644841704.8217,
            1644841704.821797,
            1644841704.821801,
            1644841704.822639,
            1644841704.822642,
            1644841704.822738,
            1644841704.822742,
            1644841705.321769,
            1644841705.3218,
            1644841705.330625,
            1644841705.330804,
            1644841705.330812,
            1644841705.334143,
            1644841705.334153,
            1644841705.334235,
            1644841705.33424,
            1644841705.338618,
            1644841705.338636,
            1644841705.347725,
            1644841705.347815,
            1644841705.348748,
            1644841705.348774,
            1644841705.348843,
            1644841705.390782,
            1644841705.407492,
            1644841705.407518,
            1644841705.416714,
            1644841705.4168,
            1644841705.416808,
            1644841705.417732,
            1644841705.417738,
            1644841705.417829,
            1644841705.417833,
            1644841705.470212,
            1644841705.470237,
            1644841705.479686,
            1644841705.479779,
            1644841705.479786,
            1644841705.480696,
            1644841705.480701,
            1644841705.480794,
            1644841705.483568
        ],
        "ps_list": [
            225,
            66,
            121,
            66,
            110,
            66,
            101,
            66,
            97,
            190,
            66,
            260,
            66,
            66,
            121,
            225,
            66,
            66,
            101,
            66,
            121,
            66,
            255,
            66,
            121,
            225,
            121,
            225,
            66,
            101,
            66,
            121,
            66,
            249,
            66,
            66,
            101,
            66,
            122,
            66,
            253,
            66,
            121,
            225,
            66,
            101,
            66,
            143,
            66,
            297,
            66,
            121,
            225,
            66,
            101,
            121,
            66,
            366,
            66,
            121,
            225,
            66,
            101,
            66,
            121,
            66,
            344,
            66,
            121,
            225,
            66,
            101,
            66,
            108,
            66,
            272,
            66
        ],
        "direction_list": [
            0,
            1,
            1,
            0,
            1,
            0,
            1,
            0,
            0,
            1,
            0,
            1,
            0,
            1,
            0,
            0,
            1,
            1,
            1,
            0,
            1,
            0,
            1,
            0,
            0,
            0,
            0,
            0,
            1,
            1,
            0,
            1,
            0,
            1,
            0,
            1,
            1,
            0,
            1,
            0,
            1,
            0,
            0,
            0,
            1,
            1,
            0,
            1,
            0,
            1,
            0,
            0,
            0,
            1,
            1,
            1,
            0,
            1,
            0,
            0,
            0,
            1,
            1,
            0,
            1,
            0,
            1,
            0,
            0,
            0,
            1,
            1,
            0,
            1,
            0,
            1,
            0
        ],
        "piat_list": [
            0.025987625122070312,
            8.874177932739258,
            0.02288818359375,
            0.009059906005859375,
            0.0050067901611328125,
            0.0040531158447265625,
            0.14495849609375,
            0.0040531158447265625,
            0.7410049438476562,
            0.03981590270996094,
            0.0050067901611328125,
            0.09417533874511719,
            0.003814697265625,
            48.81596565246582,
            179.63600158691406,
            0.03409385681152344,
            9.304046630859375,
            0.025033950805664062,
            0.15497207641601562,
            0.010967254638671875,
            0.9028911590576172,
            0.0040531158447265625,
            0.009059906005859375,
            0.0040531158447265625,
            83.83488655090332,
            0.029087066650390625,
            1.6689300537109375,
            0.02002716064453125,
            7.47990608215332,
            0.08606910705566406,
            0.009059906005859375,
            0.8099079132080078,
            0.0040531158447265625,
            0.11491775512695312,
            0.0040531158447265625,
            0.9441375732421875,
            0.09679794311523438,
            0.0040531158447265625,
            0.8380413055419922,
            0.0030994415283203125,
            0.09584426879882812,
            0.0040531158447265625,
            499.0270137786865,
            0.030994415283203125,
            8.825063705444336,
            0.17905235290527344,
            0.007867813110351562,
            3.3309459686279297,
            0.010013580322265625,
            0.0820159912109375,
            0.0050067901611328125,
            4.378080368041992,
            0.017881393432617188,
            9.088993072509766,
            0.09012222290039062,
            0.9329319000244141,
            0.025987625122070312,
            0.06914138793945312,
            41.93902015686035,
            16.70980453491211,
            0.025987625122070312,
            9.196043014526367,
            0.08606910705566406,
            0.007867813110351562,
            0.9241104125976562,
            0.0059604644775390625,
            0.09107589721679688,
            0.0040531158447265625,
            52.37889289855957,
            0.025033950805664062,
            9.449005126953125,
            0.09298324584960938,
            0.0069141387939453125,
            0.9100437164306641,
            0.0050067901611328125,
            0.09298324584960938,
            2.7740001678466797
        ]
    }
}