{
    "(2886734945, 3741648133, 50400, 443, 'tcp', 0)": {
        "ts_list": [
            1644839200.562822,
            1644839200.562986,
            1644839200.563007,
            1644839200.571279,
            1644839200.571297,
            1644839200.571305,
            1644839200.571366,
            1644839200.571372,
            1644839200.572272,
            1644839200.572415,
            1644839200.57242,
            1644839200.573235,
            1644839200.573241,
            1644839200.573347,
            1644839200.573356,
            1644839200.575315,
            1644839200.624285,
            1644839200.853076,
            1644839200.85311,
            1644839200.862249,
            1644839200.862267,
            1644839200.862327,
            1644839200.862337,
            1644839200.863314,
            1644839200.863324,
            1644839200.863412,
            1644839200.863417,
            1644839200.963351,
            1644839200.963376,
            1644839200.972374,
            1644839200.972458,
            1644839200.972466,
            1644839200.973258,
            1644839200.973264,
            1644839200.973269,
            1644839200.973272,
            1644839200.99399,
            1644839200.994016,
            1644839201.005699,
            1644839201.005715,
            1644839201.006271,
            1644839201.006279,
            1644839201.007063,
            1644839201.259726,
            1644839201.259759,
            1644839201.268319,
            1644839201.268398,
            1644839201.269237,
            1644839201.269268,
            1644839201.269336,
            1644839201.275849,
            1644839201.275868,
            1644839201.284273,
            1644839201.284372,
            1644839201.285233,
            1644839201.285241,
            1644839201.285259
        ],
        "ps_list": [
            164,
            184,
            225,
            66,
            121,
            66,
            110,
            66,
            66,
            101,
            66,
            190,
            66,
            260,
            66,
            97,
            66,
            121,
            225,
            66,
            66,
            101,
            66,
            122,
            66,
            255,
            66,
            121,
            225,
            66,
            101,
            66,
            123,
            66,
            251,
            66,
            121,
            225,
            66,
            101,
            120,
            320,
            66,
            121,
            225,
            66,
            101,
            146,
            66,
            252,
            121,
            225,
            66,
            101,
            120,
            297,
            66
        ],
        "direction_list": [
            0,
            0,
            0,
            1,
            1,
            0,
            1,
            0,
            1,
            1,
            0,
            1,
            0,
            1,
            0,
            0,
            1,
            0,
            0,
            1,
            1,
            1,
            0,
            1,
            0,
            1,
            0,
            0,
            0,
            1,
            1,
            0,
            1,
            0,
            1,
            0,
            0,
            0,
            1,
            1,
            1,
            1,
            0,
            0,
            0,
            1,
            1,
            1,
            0,
            1,
            0,
            0,
            1,
            1,
            1,
            1,
            0
        ],
        "piat_list": [
            0.2560615539550781,
            0.16379356384277344,
            0.021219253540039062,
            8.271932601928711,
            0.017881393432617188,
            0.008106231689453125,
            0.06103515625,
            0.0059604644775390625,
            0.9000301361083984,
            0.1430511474609375,
            0.00476837158203125,
            0.8151531219482422,
            0.0059604644775390625,
            0.10609626770019531,
            0.008821487426757812,
            1.959085464477539,
            48.96998405456543,
            228.7909984588623,
            0.03409385681152344,
            9.138822555541992,
            0.01811981201171875,
            0.06008148193359375,
            0.010013580322265625,
            0.9768009185791016,
            0.010013580322265625,
            0.08797645568847656,
            0.0050067901611328125,
            99.93410110473633,
            0.025033950805664062,
            8.997917175292969,
            0.08392333984375,
            0.008106231689453125,
            0.7920265197753906,
            0.0059604644775390625,
            0.0050067901611328125,
            0.0030994415283203125,
            20.717859268188477,
            0.025987625122070312,
            11.682987213134766,
            0.015974044799804688,
            0.5559921264648438,
            0.008106231689453125,
            0.7839202880859375,
            252.66313552856445,
            0.032901763916015625,
            8.559942245483398,
            0.07915496826171875,
            0.8389949798583984,
            0.030994415283203125,
            0.06794929504394531,
            6.513118743896484,
            0.018835067749023438,
            8.404970169067383,
            0.09918212890625,
            0.8609294891357422,
            0.007867813110351562,
            0.01811981201171875
        ]
    }
}