{
    "(2886734945, 3741648133, 50446, 443, 'tcp', 0)": {
        "ts_list": [
            1645182524.924219,
            1645182524.924399,
            1645182524.924427,
            1645182524.935555,
            1645182524.935651,
            1645182524.935671,
            1645182524.935675,
            1645182524.935679,
            1645182524.935744,
            1645182524.935748,
            1645182524.935769,
            1645182524.935843,
            1645182524.935849,
            1645182524.935854,
            1645182524.935858,
            1645182524.98561,
            1645182525.231594,
            1645182525.231629,
            1645182525.24144,
            1645182525.241461,
            1645182525.24152,
            1645182525.24153,
            1645182525.242468,
            1645182525.242473,
            1645182525.242567,
            1645182525.242572,
            1645182525.358922,
            1645182525.358954,
            1645182525.369479,
            1645182525.369575,
            1645182525.369587,
            1645182525.369603,
            1645182525.369608,
            1645182525.369754,
            1645182525.369758,
            1645182525.872477,
            1645182525.872517,
            1645182525.881755,
            1645182525.881849,
            1645182525.88186,
            1645182525.882505,
            1645182525.88251,
            1645182525.882604,
            1645182525.882608,
            1645182526.323746,
            1645182526.32378,
            1645182526.333527,
            1645182526.333612,
            1645182526.333621,
            1645182526.334516,
            1645182526.33452,
            1645182526.334616,
            1645182526.33462,
            1645182526.405047,
            1645182526.405074,
            1645182526.414463,
            1645182526.414546,
            1645182526.414561,
            1645182526.415512,
            1645182526.415524,
            1645182526.415531,
            1645182526.415536,
            1645182526.486004,
            1645182526.486028,
            1645182526.495531,
            1645182526.495612,
            1645182526.495621,
            1645182526.496462,
            1645182526.496467,
            1645182526.496559,
            1645182526.496563
        ],
        "ps_list": [
            158,
            184,
            225,
            66,
            121,
            66,
            110,
            66,
            101,
            66,
            97,
            191,
            66,
            260,
            66,
            66,
            121,
            225,
            66,
            66,
            101,
            66,
            144,
            66,
            255,
            66,
            121,
            225,
            66,
            101,
            66,
            119,
            66,
            279,
            66,
            121,
            225,
            66,
            101,
            66,
            119,
            66,
            297,
            66,
            121,
            225,
            66,
            101,
            66,
            145,
            66,
            272,
            66,
            121,
            225,
            66,
            101,
            66,
            121,
            66,
            293,
            66,
            121,
            225,
            66,
            101,
            66,
            122,
            66,
            262,
            66
        ],
        "direction_list": [
            0,
            0,
            0,
            1,
            1,
            0,
            1,
            0,
            1,
            0,
            0,
            1,
            0,
            1,
            0,
            1,
            0,
            0,
            1,
            1,
            1,
            0,
            1,
            0,
            1,
            0,
            0,
            0,
            1,
            1,
            0,
            1,
            0,
            1,
            0,
            0,
            0,
            1,
            1,
            0,
            1,
            0,
            1,
            0,
            0,
            0,
            1,
            1,
            0,
            1,
            0,
            1,
            0,
            0,
            0,
            1,
            1,
            0,
            1,
            0,
            1,
            0,
            0,
            0,
            1,
            1,
            0,
            1,
            0,
            1,
            0
        ],
        "piat_list": [
            0.23984909057617188,
            0.1800060272216797,
            0.028133392333984375,
            11.127948760986328,
            0.09608268737792969,
            0.02002716064453125,
            0.003814697265625,
            0.0040531158447265625,
            0.06508827209472656,
            0.0040531158447265625,
            0.0209808349609375,
            0.07390975952148438,
            0.0059604644775390625,
            0.0050067901611328125,
            0.0040531158447265625,
            49.751996994018555,
            245.98407745361328,
            0.034809112548828125,
            9.811162948608398,
            0.0209808349609375,
            0.05888938903808594,
            0.010013580322265625,
            0.9381771087646484,
            0.00476837158203125,
            0.09417533874511719,
            0.0050067901611328125,
            116.34993553161621,
            0.031948089599609375,
            10.524988174438477,
            0.09608268737792969,
            0.011920928955078125,
            0.015974044799804688,
            0.0050067901611328125,
            0.1461505889892578,
            0.003814697265625,
            502.7191638946533,
            0.0400543212890625,
            9.238004684448242,
            0.09393692016601562,
            0.010967254638671875,
            0.6449222564697266,
            0.0050067901611328125,
            0.09393692016601562,
            0.0040531158447265625,
            441.13802909851074,
            0.03409385681152344,
            9.747028350830078,
            0.08487701416015625,
            0.009059906005859375,
            0.8950233459472656,
            0.0040531158447265625,
            0.09584426879882812,
            0.0040531158447265625,
            70.42694091796875,
            0.026941299438476562,
            9.389162063598633,
            0.08296966552734375,
            0.015020370483398438,
            0.9510517120361328,
            0.011920928955078125,
            0.0069141387939453125,
            0.0050067901611328125,
            70.46818733215332,
            0.02384185791015625,
            9.50312614440918,
            0.08082389831542969,
            0.009059906005859375,
            0.8411407470703125,
            0.0050067901611328125,
            0.09179115295410156,
            0.0040531158447265625
        ]
    }
}