{
    "(2886734945, 3741648133, 48984, 443, 'tcp', 0)": {
        "ts_list": [
            1645745422.576626,
            1645745422.576834,
            1645745422.57686,
            1645745422.584748,
            1645745422.584771,
            1645745422.584786,
            1645745422.584791,
            1645745422.584866,
            1645745422.584931,
            1645745422.584939,
            1645745422.584945,
            1645745422.585026,
            1645745422.585032,
            1645745422.585042,
            1645745422.585047,
            1645745422.585279,
            1645745422.585287,
            1645745422.632773,
            1645745422.943902,
            1645745422.943943,
            1645745422.952027,
            1645745422.952075,
            1645745422.952079,
            1645745422.952089,
            1645745422.952114,
            1645745422.952119,
            1645745422.952212,
            1645745422.952217,
            1645745423.045928,
            1645745423.045962,
            1645745423.047568,
            1645745423.047592,
            1645745423.054001,
            1645745423.054336,
            1645745423.054347,
            1645745423.054435,
            1645745423.054441,
            1645745423.054447,
            1645745423.054451,
            1645745423.055618,
            1645745423.055714,
            1645745423.055722,
            1645745423.055732,
            1645745423.055748,
            1645745423.055753,
            1645745423.055757,
            1645745423.66044,
            1645745423.660475,
            1645745423.668526,
            1645745423.668547,
            1645745423.668556,
            1645745423.668613,
            1645745423.668617,
            1645745423.668714,
            1645745423.668718,
            1645745423.763813,
            1645745423.763841,
            1645745423.77183,
            1645745423.771842,
            1645745423.77185,
            1645745423.771918,
            1645745423.771922,
            1645745423.772066,
            1645745423.77207,
            1645745423.85155,
            1645745423.851579,
            1645745423.860059,
            1645745423.860162,
            1645745423.860171,
            1645745423.860268,
            1645745423.860272,
            1645745423.860366,
            1645745423.86037
        ],
        "ps_list": [
            158,
            184,
            225,
            121,
            66,
            101,
            66,
            97,
            97,
            66,
            66,
            101,
            66,
            191,
            66,
            260,
            66,
            66,
            121,
            225,
            66,
            66,
            101,
            66,
            121,
            66,
            255,
            66,
            121,
            225,
            121,
            225,
            66,
            101,
            66,
            143,
            66,
            322,
            66,
            66,
            101,
            66,
            108,
            66,
            334,
            66,
            121,
            225,
            66,
            101,
            66,
            121,
            66,
            297,
            66,
            121,
            225,
            66,
            101,
            66,
            121,
            66,
            272,
            66,
            121,
            225,
            66,
            101,
            66,
            121,
            66,
            332,
            66
        ],
        "direction_list": [
            0,
            0,
            0,
            1,
            0,
            1,
            0,
            0,
            1,
            0,
            1,
            1,
            0,
            1,
            0,
            1,
            0,
            1,
            0,
            0,
            1,
            1,
            1,
            0,
            1,
            0,
            1,
            0,
            0,
            0,
            0,
            0,
            1,
            1,
            0,
            1,
            0,
            1,
            0,
            1,
            1,
            0,
            1,
            0,
            1,
            0,
            0,
            0,
            1,
            1,
            0,
            1,
            0,
            1,
            0,
            0,
            0,
            1,
            1,
            0,
            1,
            0,
            1,
            0,
            0,
            0,
            1,
            1,
            0,
            1,
            0,
            1,
            0
        ],
        "piat_list": [
            0.23818016052246094,
            0.2079010009765625,
            0.025987625122070312,
            7.888078689575195,
            0.02288818359375,
            0.015020370483398438,
            0.0050067901611328125,
            0.07510185241699219,
            0.064849853515625,
            0.008106231689453125,
            0.0059604644775390625,
            0.08106231689453125,
            0.0059604644775390625,
            0.010013580322265625,
            0.0050067901611328125,
            0.2319812774658203,
            0.008106231689453125,
            47.4858283996582,
            311.129093170166,
            0.04100799560546875,
            8.08405876159668,
            0.04792213439941406,
            0.0040531158447265625,
            0.010013580322265625,
            0.025033950805664062,
            0.0050067901611328125,
            0.09298324584960938,
            0.0050067901611328125,
            93.71089935302734,
            0.03409385681152344,
            1.605987548828125,
            0.02384185791015625,
            6.409168243408203,
            0.3349781036376953,
            0.010967254638671875,
            0.08797645568847656,
            0.0059604644775390625,
            0.0059604644775390625,
            0.0040531158447265625,
            1.1670589447021484,
            0.09584426879882812,
            0.008106231689453125,
            0.010013580322265625,
            0.015974044799804688,
            0.0050067901611328125,
            0.0040531158447265625,
            604.6829223632812,
            0.03504753112792969,
            8.050918579101562,
            0.0209808349609375,
            0.009059906005859375,
            0.05698204040527344,
            0.0040531158447265625,
            0.09703636169433594,
            0.0040531158447265625,
            95.09491920471191,
            0.027894973754882812,
            7.989168167114258,
            0.011920928955078125,
            0.008106231689453125,
            0.06794929504394531,
            0.0040531158447265625,
            0.14400482177734375,
            0.003814697265625,
            79.48017120361328,
            0.028848648071289062,
            8.480072021484375,
            0.102996826171875,
            0.009059906005859375,
            0.09703636169433594,
            0.003814697265625,
            0.09417533874511719,
            0.003814697265625
        ]
    }
}