{
    "(2886734945, 3741648133, 49168, 443, 'tcp', 0)": {
        "ts_list": [
            1645745686.764681,
            1645745686.764842,
            1645745686.764868,
            1645745686.773407,
            1645745686.773434,
            1645745686.773448,
            1645745686.773494,
            1645745686.773499,
            1645745686.77354,
            1645745686.773595,
            1645745686.7736,
            1645745686.773605,
            1645745686.773611,
            1645745686.773696,
            1645745686.7737,
            1645745686.773705,
            1645745686.773709,
            1645745686.821204,
            1645745687.192114,
            1645745687.192152,
            1645745687.200653,
            1645745687.200681,
            1645745687.200818,
            1645745687.20083,
            1645745687.200849,
            1645745687.200854,
            1645745687.200856,
            1645745687.200862,
            1645745687.297167,
            1645745687.297198,
            1645745687.29875,
            1645745687.29879,
            1645745687.30582,
            1645745687.305843,
            1645745687.305854,
            1645745687.305897,
            1645745687.305905,
            1645745687.305999,
            1645745687.306007,
            1645745687.307339,
            1645745687.307442,
            1645745687.307457,
            1645745687.307482,
            1645745687.307489,
            1645745687.307541,
            1645745687.307555,
            1645745687.8149,
            1645745687.814944,
            1645745687.823587,
            1645745687.823664,
            1645745687.823674,
            1645745687.823682,
            1645745687.823685,
            1645745687.823768,
            1645745687.823771,
            1645745688.000151,
            1645745688.000178,
            1645745688.008777,
            1645745688.008853,
            1645745688.008866,
            1645745688.008884,
            1645745688.008889,
            1645745688.008891,
            1645745688.008895,
            1645745688.016452,
            1645745688.016476,
            1645745688.025049,
            1645745688.025168,
            1645745688.02518,
            1645745688.025183,
            1645745688.030844
        ],
        "ps_list": [
            158,
            184,
            225,
            121,
            66,
            66,
            101,
            66,
            97,
            97,
            66,
            101,
            66,
            191,
            66,
            260,
            66,
            66,
            121,
            225,
            66,
            66,
            101,
            66,
            144,
            66,
            255,
            66,
            121,
            225,
            121,
            225,
            66,
            101,
            66,
            119,
            66,
            322,
            66,
            66,
            101,
            66,
            108,
            66,
            334,
            66,
            121,
            225,
            66,
            101,
            66,
            120,
            66,
            297,
            66,
            121,
            225,
            66,
            101,
            66,
            121,
            66,
            272,
            66,
            121,
            225,
            66,
            101,
            144,
            332,
            66
        ],
        "direction_list": [
            0,
            0,
            0,
            1,
            0,
            1,
            1,
            0,
            0,
            1,
            0,
            1,
            0,
            1,
            0,
            1,
            0,
            1,
            0,
            0,
            1,
            1,
            1,
            0,
            1,
            0,
            1,
            0,
            0,
            0,
            0,
            0,
            1,
            1,
            0,
            1,
            0,
            1,
            0,
            1,
            1,
            0,
            1,
            0,
            1,
            0,
            0,
            0,
            1,
            1,
            0,
            1,
            0,
            1,
            0,
            0,
            0,
            1,
            1,
            0,
            1,
            0,
            1,
            0,
            0,
            0,
            1,
            1,
            1,
            1,
            0
        ],
        "piat_list": [
            0.2391338348388672,
            0.1609325408935547,
            0.025987625122070312,
            8.538961410522461,
            0.026941299438476562,
            0.014066696166992188,
            0.04601478576660156,
            0.0050067901611328125,
            0.04100799560546875,
            0.05507469177246094,
            0.0050067901611328125,
            0.0050067901611328125,
            0.0059604644775390625,
            0.08487701416015625,
            0.0040531158447265625,
            0.0050067901611328125,
            0.0040531158447265625,
            47.49488830566406,
            370.9101676940918,
            0.03790855407714844,
            8.501052856445312,
            0.027894973754882812,
            0.13709068298339844,
            0.011920928955078125,
            0.019073486328125,
            0.0050067901611328125,
            0.0019073486328125,
            0.0059604644775390625,
            96.30513191223145,
            0.030994415283203125,
            1.5518665313720703,
            0.0400543212890625,
            7.030010223388672,
            0.023126602172851562,
            0.010967254638671875,
            0.04291534423828125,
            0.008106231689453125,
            0.09393692016601562,
            0.007867813110351562,
            1.3320446014404297,
            0.102996826171875,
            0.015020370483398438,
            0.025033950805664062,
            0.0069141387939453125,
            0.051975250244140625,
            0.014066696166992188,
            507.34496116638184,
            0.04410743713378906,
            8.642911911010742,
            0.07700920104980469,
            0.010013580322265625,
            0.008106231689453125,
            0.00286102294921875,
            0.08296966552734375,
            0.0030994415283203125,
            176.37991905212402,
            0.027179718017578125,
            8.598804473876953,
            0.07605552673339844,
            0.013113021850585938,
            0.017881393432617188,
            0.0050067901611328125,
            0.0021457672119140625,
            0.003814697265625,
            7.557153701782227,
            0.02384185791015625,
            8.573055267333984,
            0.11897087097167969,
            0.012159347534179688,
            0.00286102294921875,
            5.6610107421875
        ]
    }
}