{
    "(2886734945, 3741713926, 49056, 443, 'tcp', 0)": {
        "ts_list": [
            1645459473.292538,
            1645459473.292802,
            1645459473.29284,
            1645459473.32119,
            1645459473.321232,
            1645459473.321261,
            1645459473.321275,
            1645459473.32128,
            1645459473.321284,
            1645459473.321288,
            1645459473.321798,
            1645459473.322232,
            1645459473.322242,
            1645459473.322249,
            1645459473.322254,
            1645459473.390255,
            1645459473.566003,
            1645459473.566041,
            1645459473.594231,
            1645459473.594252,
            1645459473.594262,
            1645459473.594275,
            1645459473.595224,
            1645459473.595229,
            1645459473.595323,
            1645459473.595327,
            1645459473.677199,
            1645459473.677238,
            1645459473.680607,
            1645459473.680641,
            1645459473.706309,
            1645459473.70634,
            1645459473.706357,
            1645459473.707185,
            1645459473.707191,
            1645459473.707283,
            1645459473.707289,
            1645459473.709188,
            1645459473.709295,
            1645459473.7093,
            1645459473.710254,
            1645459473.710262,
            1645459473.710267,
            1645459473.710271,
            1645459473.787666,
            1645459473.787701,
            1645459473.816325,
            1645459473.816352,
            1645459473.816367,
            1645459473.817293,
            1645459473.817338,
            1645459473.81739,
            1645459473.81743,
            1645459474.070023,
            1645459474.070065,
            1645459474.098232,
            1645459474.098306,
            1645459474.098327,
            1645459474.099129,
            1645459474.099143,
            1645459474.099151,
            1645459474.099156,
            1645459474.234601,
            1645459474.23463,
            1645459474.263262,
            1645459474.263351,
            1645459474.263367,
            1645459474.264352,
            1645459474.264356,
            1645459474.264451,
            1645459474.264456
        ],
        "ps_list": [
            158,
            184,
            225,
            66,
            121,
            66,
            110,
            66,
            101,
            66,
            97,
            190,
            66,
            260,
            66,
            66,
            121,
            225,
            66,
            66,
            101,
            66,
            121,
            66,
            255,
            66,
            121,
            225,
            121,
            225,
            66,
            101,
            66,
            120,
            66,
            404,
            66,
            66,
            101,
            66,
            108,
            66,
            416,
            66,
            121,
            225,
            66,
            101,
            66,
            107,
            66,
            302,
            66,
            121,
            225,
            66,
            101,
            66,
            144,
            66,
            297,
            66,
            121,
            225,
            66,
            101,
            66,
            121,
            66,
            332,
            66
        ],
        "direction_list": [
            0,
            0,
            0,
            1,
            1,
            0,
            1,
            0,
            1,
            0,
            0,
            1,
            0,
            1,
            0,
            1,
            0,
            0,
            1,
            1,
            1,
            0,
            1,
            0,
            1,
            0,
            0,
            0,
            0,
            0,
            1,
            1,
            0,
            1,
            0,
            1,
            0,
            1,
            1,
            0,
            1,
            0,
            1,
            0,
            0,
            0,
            1,
            1,
            0,
            1,
            0,
            1,
            0,
            0,
            0,
            1,
            1,
            0,
            1,
            0,
            1,
            0,
            0,
            0,
            1,
            1,
            0,
            1,
            0,
            1,
            0
        ],
        "piat_list": [
            0.3979206085205078,
            0.26416778564453125,
            0.03790855407714844,
            28.350114822387695,
            0.041961669921875,
            0.028848648071289062,
            0.014066696166992188,
            0.0050067901611328125,
            0.0040531158447265625,
            0.0040531158447265625,
            0.5099773406982422,
            0.43392181396484375,
            0.010013580322265625,
            0.0069141387939453125,
            0.0050067901611328125,
            68.00103187561035,
            175.74810981750488,
            0.03790855407714844,
            28.189897537231445,
            0.021219253540039062,
            0.009775161743164062,
            0.013113021850585938,
            0.9489059448242188,
            0.0050067901611328125,
            0.09417533874511719,
            0.003814697265625,
            81.87198638916016,
            0.03910064697265625,
            3.3690929412841797,
            0.033855438232421875,
            25.66814422607422,
            0.030994415283203125,
            0.016927719116210938,
            0.8280277252197266,
            0.0059604644775390625,
            0.09202957153320312,
            0.0059604644775390625,
            1.8990039825439453,
            0.10704994201660156,
            0.0050067901611328125,
            0.9539127349853516,
            0.008106231689453125,
            0.0050067901611328125,
            0.003814697265625,
            77.39520072937012,
            0.034809112548828125,
            28.62405776977539,
            0.026941299438476562,
            0.015020370483398438,
            0.9260177612304688,
            0.04506111145019531,
            0.051975250244140625,
            0.0400543212890625,
            252.5930404663086,
            0.041961669921875,
            28.167009353637695,
            0.07390975952148438,
            0.0209808349609375,
            0.8020401000976562,
            0.014066696166992188,
            0.007867813110351562,
            0.0050067901611328125,
            135.44511795043945,
            0.029087066650390625,
            28.631925582885742,
            0.08893013000488281,
            0.015974044799804688,
            0.9851455688476562,
            0.003814697265625,
            0.09512901306152344,
            0.0050067901611328125
        ]
    }
}