{
    "(2886734945, 3741648133, 36898, 443, 'tcp', 0)": {
        "ts_list": [
            1644869147.836524,
            1644869147.836688,
            1644869147.836709,
            1644869147.846062,
            1644869147.846148,
            1644869147.846156,
            1644869147.846249,
            1644869147.846253,
            1644869147.846349,
            1644869147.846352,
            1644869147.84704,
            1644869147.847046,
            1644869147.847115,
            1644869147.847119,
            1644869147.84988,
            1644869147.898261,
            1644869148.115154,
            1644869148.115185,
            1644869148.122918,
            1644869148.122944,
            1644869148.123261,
            1644869148.123272,
            1644869148.12413,
            1644869148.124134,
            1644869148.124139,
            1644869148.124143,
            1644869148.216969,
            1644869148.216995,
            1644869148.219881,
            1644869148.219903,
            1644869148.225065,
            1644869148.225506,
            1644869148.225514,
            1644869148.225989,
            1644869148.225993,
            1644869148.225997,
            1644869148.226,
            1644869148.227984,
            1644869148.228083,
            1644869148.228087,
            1644869148.22903,
            1644869148.229035,
            1644869148.22913,
            1644869148.229134,
            1644869148.3119,
            1644869148.311927,
            1644869148.321079,
            1644869148.321159,
            1644869148.321159,
            1644869148.321182,
            1644869148.32166,
            1644869148.32168,
            1644869148.322088,
            1644869148.322124,
            1644869148.322187,
            1644869148.322203,
            1644869148.329082,
            1644869148.329176,
            1644869148.329203,
            1644869148.329995,
            1644869148.330097,
            1644869148.330102,
            1644869148.330103,
            1644869148.330829,
            1644869148.331012,
            1644869148.331092,
            1644869148.331659,
            1644869148.331711,
            1644869148.503938,
            1644869148.503955,
            1644869148.511956,
            1644869148.512096,
            1644869148.513008,
            1644869148.513107,
            1644869148.514687
        ],
        "ps_list": [
            158,
            184,
            225,
            66,
            121,
            66,
            110,
            66,
            101,
            66,
            191,
            66,
            260,
            66,
            97,
            66,
            121,
            225,
            66,
            66,
            101,
            66,
            144,
            66,
            255,
            66,
            121,
            225,
            121,
            225,
            66,
            101,
            66,
            120,
            66,
            335,
            66,
            66,
            101,
            66,
            107,
            66,
            339,
            66,
            121,
            225,
            66,
            121,
            101,
            225,
            121,
            225,
            107,
            66,
            348,
            66,
            66,
            101,
            66,
            66,
            121,
            251,
            101,
            66,
            121,
            66,
            297,
            66,
            121,
            225,
            66,
            101,
            108,
            363,
            66
        ],
        "direction_list": [
            0,
            0,
            0,
            1,
            1,
            0,
            1,
            0,
            1,
            0,
            1,
            0,
            1,
            0,
            0,
            1,
            0,
            0,
            1,
            1,
            1,
            0,
            1,
            0,
            1,
            0,
            0,
            0,
            0,
            0,
            1,
            1,
            0,
            1,
            0,
            1,
            0,
            1,
            1,
            0,
            1,
            0,
            1,
            0,
            0,
            0,
            1,
            0,
            1,
            0,
            0,
            0,
            1,
            0,
            1,
            0,
            1,
            1,
            0,
            1,
            1,
            1,
            1,
            0,
            1,
            0,
            1,
            0,
            0,
            0,
            1,
            1,
            1,
            1,
            0
        ],
        "piat_list": [
            0.2460479736328125,
            0.164031982421875,
            0.0209808349609375,
            9.352922439575195,
            0.08606910705566406,
            0.007867813110351562,
            0.09322166442871094,
            0.003814697265625,
            0.09608268737792969,
            0.0030994415283203125,
            0.6878376007080078,
            0.0059604644775390625,
            0.06914138793945312,
            0.0040531158447265625,
            2.7608871459960938,
            48.38109016418457,
            216.89295768737793,
            0.030994415283203125,
            7.732868194580078,
            0.026226043701171875,
            0.31685829162597656,
            0.010967254638671875,
            0.8580684661865234,
            0.0040531158447265625,
            0.0050067901611328125,
            0.003814697265625,
            92.82612800598145,
            0.025987625122070312,
            2.886056900024414,
            0.02193450927734375,
            5.16200065612793,
            0.4410743713378906,
            0.007867813110351562,
            0.47516822814941406,
            0.003814697265625,
            0.0040531158447265625,
            0.0030994415283203125,
            1.9838809967041016,
            0.09894371032714844,
            0.0040531158447265625,
            0.9429454803466797,
            0.0050067901611328125,
            0.09512901306152344,
            0.0040531158447265625,
            82.76581764221191,
            0.027179718017578125,
            9.151935577392578,
            0.07987022399902344,
            0.0,
            0.023126602172851562,
            0.4780292510986328,
            0.02002716064453125,
            0.40793418884277344,
            0.03600120544433594,
            0.0629425048828125,
            0.015974044799804688,
            6.879091262817383,
            0.09393692016601562,
            0.026941299438476562,
            0.7920265197753906,
            0.10204315185546875,
            0.0050067901611328125,
            0.00095367431640625,
            0.7259845733642578,
            0.18310546875,
            0.07987022399902344,
            0.5671977996826172,
            0.051975250244140625,
            172.2269058227539,
            0.016927719116210938,
            8.001089096069336,
            0.1399517059326172,
            0.9121894836425781,
            0.09894371032714844,
            1.5799999237060547
        ]
    }
}