{
    "(2886734945, 3741648133, 39142, 443, 'tcp', 0)": {
        "ts_list": [
            1645731518.775467,
            1645731518.775639,
            1645731518.775665,
            1645731518.783867,
            1645731518.783897,
            1645731518.783908,
            1645731518.783917,
            1645731518.783921,
            1645731518.783925,
            1645731518.784023,
            1645731518.784056,
            1645731518.78406,
            1645731518.784065,
            1645731518.784068,
            1645731518.784155,
            1645731518.784159,
            1645731518.831564,
            1645731519.171358,
            1645731519.171396,
            1645731519.179692,
            1645731519.179714,
            1645731519.179877,
            1645731519.179889,
            1645731519.179906,
            1645731519.17991,
            1645731519.179917,
            1645731519.179923,
            1645731519.271062,
            1645731519.271095,
            1645731519.279291,
            1645731519.279407,
            1645731519.279418,
            1645731519.279484,
            1645731519.279489,
            1645731519.279584,
            1645731519.279588,
            1645731519.94115,
            1645731519.941191,
            1645731519.949758,
            1645731519.950484,
            1645731519.950495,
            1645731519.950895,
            1645731519.9509,
            1645731519.950997,
            1645731519.951,
            1645731520.104881,
            1645731520.104913,
            1645731520.113203,
            1645731520.113227,
            1645731520.113238,
            1645731520.113284,
            1645731520.113288,
            1645731520.113385,
            1645731520.113391
        ],
        "ps_list": [
            158,
            184,
            225,
            66,
            121,
            66,
            110,
            66,
            66,
            97,
            101,
            66,
            191,
            66,
            260,
            66,
            66,
            121,
            225,
            66,
            66,
            101,
            66,
            145,
            66,
            255,
            66,
            121,
            225,
            66,
            101,
            66,
            119,
            66,
            314,
            66,
            121,
            225,
            66,
            101,
            66,
            122,
            66,
            272,
            66,
            121,
            225,
            66,
            101,
            66,
            142,
            66,
            316,
            66
        ],
        "direction_list": [
            0,
            0,
            0,
            1,
            1,
            0,
            1,
            0,
            1,
            0,
            1,
            0,
            1,
            0,
            1,
            0,
            1,
            0,
            0,
            1,
            1,
            1,
            0,
            1,
            0,
            1,
            0,
            0,
            0,
            1,
            1,
            0,
            1,
            0,
            1,
            0,
            0,
            0,
            1,
            1,
            0,
            1,
            0,
            1,
            0,
            0,
            0,
            1,
            1,
            0,
            1,
            0,
            1,
            0
        ],
        "piat_list": [
            0.2689361572265625,
            0.17213821411132812,
            0.025987625122070312,
            8.201837539672852,
            0.030040740966796875,
            0.010967254638671875,
            0.009059906005859375,
            0.0040531158447265625,
            0.0040531158447265625,
            0.09799003601074219,
            0.032901763916015625,
            0.0040531158447265625,
            0.0050067901611328125,
            0.0030994415283203125,
            0.08678436279296875,
            0.0040531158447265625,
            47.40500450134277,
            339.7941589355469,
            0.03790855407714844,
            8.296012878417969,
            0.02193450927734375,
            0.16307830810546875,
            0.011920928955078125,
            0.016927719116210938,
            0.0040531158447265625,
            0.007152557373046875,
            0.0059604644775390625,
            91.13883972167969,
            0.03314018249511719,
            8.195877075195312,
            0.11610984802246094,
            0.010967254638671875,
            0.06604194641113281,
            0.0050067901611328125,
            0.09489059448242188,
            0.0040531158447265625,
            661.5619659423828,
            0.04100799560546875,
            8.567094802856445,
            0.7259845733642578,
            0.010967254638671875,
            0.4000663757324219,
            0.0050067901611328125,
            0.09703636169433594,
            0.00286102294921875,
            153.88107299804688,
            0.031948089599609375,
            8.29005241394043,
            0.02384185791015625,
            0.011205673217773438,
            0.04601478576660156,
            0.003814697265625,
            0.09703636169433594,
            0.0059604644775390625
        ]
    }
}