{
    "(2886734945, 3741648133, 39174, 443, 'tcp', 0)": {
        "ts_list": [
            1645731561.188917,
            1645731561.189089,
            1645731561.189115,
            1645731561.197486,
            1645731561.197513,
            1645731561.197525,
            1645731561.197571,
            1645731561.197579,
            1645731561.197581,
            1645731561.197586,
            1645731561.197593,
            1645731561.197598,
            1645731561.197767,
            1645731561.197772,
            1645731561.197869,
            1645731561.197875,
            1645731561.200366,
            1645731561.247864,
            1645731561.599479,
            1645731561.599513,
            1645731561.607694,
            1645731561.607711,
            1645731561.608016,
            1645731561.608026,
            1645731561.608117,
            1645731561.608122,
            1645731561.608127,
            1645731561.608131,
            1645731561.690345,
            1645731561.690373,
            1645731561.698969,
            1645731561.69903,
            1645731561.699042,
            1645731561.699054,
            1645731561.699064,
            1645731561.699071,
            1645731561.699077,
            1645731562.359689,
            1645731562.359728,
            1645731562.368174,
            1645731562.368194,
            1645731562.368202,
            1645731562.368356,
            1645731562.36836,
            1645731562.368366,
            1645731562.368369,
            1645731562.46746,
            1645731562.467491,
            1645731562.476111,
            1645731562.476197,
            1645731562.47621,
            1645731562.476221,
            1645731562.476225,
            1645731562.476286,
            1645731562.476291
        ],
        "ps_list": [
            158,
            184,
            225,
            66,
            121,
            66,
            101,
            66,
            97,
            66,
            101,
            66,
            190,
            66,
            260,
            66,
            97,
            66,
            121,
            225,
            66,
            66,
            101,
            66,
            121,
            66,
            255,
            66,
            121,
            225,
            66,
            101,
            66,
            119,
            66,
            314,
            66,
            121,
            225,
            66,
            101,
            66,
            145,
            66,
            272,
            66,
            121,
            225,
            66,
            101,
            66,
            107,
            66,
            316,
            66
        ],
        "direction_list": [
            0,
            0,
            0,
            1,
            1,
            0,
            1,
            0,
            1,
            0,
            1,
            0,
            1,
            0,
            1,
            0,
            0,
            1,
            0,
            0,
            1,
            1,
            1,
            0,
            1,
            0,
            1,
            0,
            0,
            0,
            1,
            1,
            0,
            1,
            0,
            1,
            0,
            0,
            0,
            1,
            1,
            0,
            1,
            0,
            1,
            0,
            0,
            0,
            1,
            1,
            0,
            1,
            0,
            1,
            0
        ],
        "piat_list": [
            0.24700164794921875,
            0.17213821411132812,
            0.025987625122070312,
            8.37087631225586,
            0.027179718017578125,
            0.011920928955078125,
            0.04601478576660156,
            0.007867813110351562,
            0.0021457672119140625,
            0.0050067901611328125,
            0.0069141387939453125,
            0.0050067901611328125,
            0.1690387725830078,
            0.0050067901611328125,
            0.09703636169433594,
            0.0059604644775390625,
            2.490997314453125,
            47.49798774719238,
            351.61495208740234,
            0.03409385681152344,
            8.180856704711914,
            0.0171661376953125,
            0.30493736267089844,
            0.010013580322265625,
            0.09107589721679688,
            0.0050067901611328125,
            0.0050067901611328125,
            0.003814697265625,
            82.2141170501709,
            0.027894973754882812,
            8.595943450927734,
            0.06103515625,
            0.012159347534179688,
            0.011920928955078125,
            0.010013580322265625,
            0.0069141387939453125,
            0.0059604644775390625,
            660.6121063232422,
            0.03910064697265625,
            8.445978164672852,
            0.02002716064453125,
            0.007867813110351562,
            0.15401840209960938,
            0.0040531158447265625,
            0.0059604644775390625,
            0.0030994415283203125,
            99.0908145904541,
            0.030994415283203125,
            8.620023727416992,
            0.08606910705566406,
            0.013113021850585938,
            0.010967254638671875,
            0.003814697265625,
            0.06103515625,
            0.0050067901611328125
        ]
    }
}