{
    "(2886734945, 3741648133, 39392, 443, 'tcp', 0)": {
        "ts_list": [
            1645731867.811184,
            1645731867.811385,
            1645731867.811409,
            1645731867.820663,
            1645731867.820679,
            1645731867.820685,
            1645731867.820765,
            1645731867.820853,
            1645731867.820859,
            1645731867.820862,
            1645731867.820952,
            1645731867.820957,
            1645731867.82096,
            1645731867.820964,
            1645731867.821048,
            1645731867.821054,
            1645731867.869779,
            1645731868.159674,
            1645731868.15971,
            1645731868.169117,
            1645731868.169199,
            1645731868.169203,
            1645731868.16921,
            1645731868.169321,
            1645731868.169328,
            1645731868.169331,
            1645731868.169334,
            1645731868.278274,
            1645731868.278302,
            1645731868.287768,
            1645731868.28778,
            1645731868.287785,
            1645731868.287954,
            1645731868.287959,
            1645731868.287963,
            1645731868.287967,
            1645731868.946013,
            1645731868.946056,
            1645731868.955639,
            1645731868.955647,
            1645731868.955652,
            1645731868.955661,
            1645731868.955665,
            1645731868.955818,
            1645731868.955821,
            1645731869.124895,
            1645731869.124926,
            1645731869.134358,
            1645731869.134377,
            1645731869.134384,
            1645731869.134439,
            1645731869.134443,
            1645731869.134445,
            1645731869.134449
        ],
        "ps_list": [
            158,
            184,
            225,
            66,
            121,
            66,
            97,
            110,
            66,
            66,
            101,
            66,
            190,
            66,
            260,
            66,
            66,
            121,
            225,
            66,
            66,
            101,
            66,
            143,
            66,
            255,
            66,
            121,
            225,
            66,
            101,
            66,
            119,
            66,
            314,
            66,
            121,
            225,
            66,
            101,
            66,
            122,
            66,
            272,
            66,
            121,
            225,
            66,
            101,
            66,
            142,
            66,
            316,
            66
        ],
        "direction_list": [
            0,
            0,
            0,
            1,
            1,
            0,
            0,
            1,
            0,
            1,
            1,
            0,
            1,
            0,
            1,
            0,
            1,
            0,
            0,
            1,
            1,
            1,
            0,
            1,
            0,
            1,
            0,
            0,
            0,
            1,
            1,
            0,
            1,
            0,
            1,
            0,
            0,
            0,
            1,
            1,
            0,
            1,
            0,
            1,
            0,
            0,
            0,
            1,
            1,
            0,
            1,
            0,
            1,
            0
        ],
        "piat_list": [
            0.2429485321044922,
            0.2009868621826172,
            0.024080276489257812,
            9.253978729248047,
            0.015974044799804688,
            0.0059604644775390625,
            0.080108642578125,
            0.08797645568847656,
            0.0059604644775390625,
            0.0030994415283203125,
            0.08988380432128906,
            0.0050067901611328125,
            0.0030994415283203125,
            0.0040531158447265625,
            0.08392333984375,
            0.0059604644775390625,
            48.725128173828125,
            289.89481925964355,
            0.03600120544433594,
            9.40704345703125,
            0.0820159912109375,
            0.0040531158447265625,
            0.0069141387939453125,
            0.11110305786132812,
            0.0069141387939453125,
            0.0030994415283203125,
            0.00286102294921875,
            108.94012451171875,
            0.027894973754882812,
            9.465932846069336,
            0.012159347534179688,
            0.0050067901611328125,
            0.1690387725830078,
            0.0050067901611328125,
            0.003814697265625,
            0.0040531158447265625,
            658.0460071563721,
            0.04291534423828125,
            9.582996368408203,
            0.008106231689453125,
            0.0050067901611328125,
            0.009059906005859375,
            0.0040531158447265625,
            0.15282630920410156,
            0.0030994415283203125,
            169.07405853271484,
            0.030994415283203125,
            9.431838989257812,
            0.019073486328125,
            0.0069141387939453125,
            0.05507469177246094,
            0.0040531158447265625,
            0.0019073486328125,
            0.0040531158447265625
        ]
    }
}