{
    "(2886734945, 3741648133, 37460, 443, 'tcp', 0)": {
        "ts_list": [
            1645376756.583924,
            1645376756.584124,
            1645376756.584148,
            1645376756.594496,
            1645376756.594533,
            1645376756.594555,
            1645376756.59456,
            1645376756.594566,
            1645376756.594571,
            1645376756.594574,
            1645376756.594684,
            1645376756.595443,
            1645376756.595449,
            1645376756.595541,
            1645376756.595547,
            1645376756.644431,
            1645376756.902961,
            1645376756.903006,
            1645376756.913372,
            1645376756.913409,
            1645376756.913549,
            1645376756.913565,
            1645376756.914451,
            1645376756.914467,
            1645376756.91448,
            1645376756.914485,
            1645376756.987001,
            1645376756.987034,
            1645376756.996421,
            1645376756.996512,
            1645376756.996527,
            1645376756.997462,
            1645376756.997469,
            1645376756.997475,
            1645376756.997479
        ],
        "ps_list": [
            158,
            184,
            225,
            66,
            121,
            66,
            110,
            66,
            101,
            66,
            97,
            191,
            66,
            260,
            66,
            66,
            121,
            225,
            66,
            66,
            101,
            66,
            122,
            66,
            255,
            66,
            121,
            225,
            66,
            101,
            66,
            121,
            66,
            257,
            66
        ],
        "direction_list": [
            0,
            0,
            0,
            1,
            1,
            0,
            1,
            0,
            1,
            0,
            0,
            1,
            0,
            1,
            0,
            1,
            0,
            0,
            1,
            1,
            1,
            0,
            1,
            0,
            1,
            0,
            0,
            0,
            1,
            1,
            0,
            1,
            0,
            1,
            0
        ],
        "piat_list": [
            0.29206275939941406,
            0.20003318786621094,
            0.02384185791015625,
            10.348081588745117,
            0.03695487976074219,
            0.02193450927734375,
            0.0050067901611328125,
            0.006198883056640625,
            0.0050067901611328125,
            0.00286102294921875,
            0.10991096496582031,
            0.759124755859375,
            0.0059604644775390625,
            0.09202957153320312,
            0.0059604644775390625,
            48.88415336608887,
            258.5299015045166,
            0.04506111145019531,
            10.365962982177734,
            0.03695487976074219,
            0.1399517059326172,
            0.015974044799804688,
            0.8859634399414062,
            0.01621246337890625,
            0.012874603271484375,
            0.0050067901611328125,
            72.51596450805664,
            0.03314018249511719,
            9.387016296386719,
            0.09083747863769531,
            0.015020370483398438,
            0.9350776672363281,
            0.0069141387939453125,
            0.0059604644775390625,
            0.0040531158447265625
        ]
    }
}