{
    "(2886734945, 3741648133, 52918, 443, 'tcp', 0)": {
        "ts_list": [
            1645686749.717122,
            1645686749.717292,
            1645686749.717314,
            1645686749.726168,
            1645686749.726189,
            1645686749.726267,
            1645686749.726295,
            1645686749.726301,
            1645686749.726307,
            1645686749.726311,
            1645686749.726392,
            1645686749.726397,
            1645686749.7264,
            1645686749.72649,
            1645686749.726494,
            1645686749.726595,
            1645686749.726599,
            1645686749.775206,
            1645686750.07347,
            1645686750.073512,
            1645686750.08253,
            1645686750.082552,
            1645686750.082611,
            1645686750.08262,
            1645686750.082628,
            1645686750.082632,
            1645686750.082809,
            1645686750.082813,
            1645686750.222375,
            1645686750.222405,
            1645686750.231469,
            1645686750.231549,
            1645686750.231559,
            1645686750.231569,
            1645686750.231574,
            1645686750.231649,
            1645686750.231654,
            1645686751.34382,
            1645686751.343854,
            1645686751.352905,
            1645686751.352924,
            1645686751.352933,
            1645686751.353006,
            1645686751.35301,
            1645686751.353012,
            1645686751.353015,
            1645686752.951251,
            1645686752.951279,
            1645686752.96034,
            1645686752.960426,
            1645686752.960435,
            1645686752.960528,
            1645686752.960533,
            1645686752.960539,
            1645686752.960542,
            1645686753.080937,
            1645686753.080964,
            1645686753.090029,
            1645686753.090109,
            1645686753.090121,
            1645686753.090211,
            1645686753.090216,
            1645686753.090218,
            1645686753.090221,
            1645686754.723897,
            1645686754.72393,
            1645686754.732928,
            1645686754.73301,
            1645686754.733021,
            1645686754.73303,
            1645686754.733037,
            1645686754.73311,
            1645686754.733114,
            1645686755.026959,
            1645686755.026991
        ],
        "ps_list": [
            158,
            184,
            225,
            121,
            66,
            97,
            101,
            66,
            97,
            66,
            66,
            101,
            66,
            191,
            66,
            260,
            66,
            66,
            121,
            225,
            66,
            66,
            101,
            66,
            144,
            66,
            255,
            66,
            121,
            225,
            66,
            101,
            66,
            121,
            66,
            429,
            66,
            121,
            225,
            66,
            101,
            66,
            144,
            66,
            581,
            66,
            121,
            225,
            66,
            101,
            66,
            143,
            66,
            883,
            66,
            121,
            225,
            66,
            101,
            66,
            144,
            66,
            332,
            66,
            121,
            225,
            66,
            101,
            66,
            145,
            66,
            272,
            66,
            121,
            225
        ],
        "direction_list": [
            0,
            0,
            0,
            1,
            0,
            0,
            1,
            0,
            1,
            0,
            1,
            1,
            0,
            1,
            0,
            1,
            0,
            1,
            0,
            0,
            1,
            1,
            1,
            0,
            1,
            0,
            1,
            0,
            0,
            0,
            1,
            1,
            0,
            1,
            0,
            1,
            0,
            0,
            0,
            1,
            1,
            0,
            1,
            0,
            1,
            0,
            0,
            0,
            1,
            1,
            0,
            1,
            0,
            1,
            0,
            0,
            0,
            1,
            1,
            0,
            1,
            0,
            1,
            0,
            0,
            0,
            1,
            1,
            0,
            1,
            0,
            1,
            0,
            0,
            0
        ],
        "piat_list": [
            0.2830028533935547,
            0.16999244689941406,
            0.02193450927734375,
            8.853912353515625,
            0.0209808349609375,
            0.0782012939453125,
            0.027894973754882812,
            0.0059604644775390625,
            0.0059604644775390625,
            0.0040531158447265625,
            0.08106231689453125,
            0.0050067901611328125,
            0.00286102294921875,
            0.09012222290039062,
            0.0040531158447265625,
            0.10085105895996094,
            0.0040531158447265625,
            48.60711097717285,
            298.2640266418457,
            0.041961669921875,
            9.0179443359375,
            0.02193450927734375,
            0.0591278076171875,
            0.008821487426757812,
            0.008106231689453125,
            0.0040531158447265625,
            0.17690658569335938,
            0.0040531158447265625,
            139.56189155578613,
            0.030040740966796875,
            9.063959121704102,
            0.080108642578125,
            0.010013580322265625,
            0.010013580322265625,
            0.0050067901611328125,
            0.07486343383789062,
            0.0050067901611328125,
            1112.166166305542,
            0.033855438232421875,
            9.051084518432617,
            0.019073486328125,
            0.008821487426757812,
            0.07295608520507812,
            0.0040531158447265625,
            0.0021457672119140625,
            0.00286102294921875,
            1598.236083984375,
            0.027894973754882812,
            9.061098098754883,
            0.08606910705566406,
            0.008821487426757812,
            0.09298324584960938,
            0.0050067901611328125,
            0.006198883056640625,
            0.00286102294921875,
            120.39494514465332,
            0.027179718017578125,
            9.064912796020508,
            0.080108642578125,
            0.011920928955078125,
            0.08988380432128906,
            0.0050067901611328125,
            0.0021457672119140625,
            0.00286102294921875,
            1633.6760520935059,
            0.032901763916015625,
            8.99815559387207,
            0.0820159912109375,
            0.010967254638671875,
            0.009059906005859375,
            0.0069141387939453125,
            0.07295608520507812,
            0.0040531158447265625,
            293.84493827819824,
            0.031948089599609375
        ]
    }
}