{
    "(2886734945, 3741713926, 49948, 443, 'tcp', 0)": {
        "ts_list": [
            1645727163.378088,
            1645727163.37825,
            1645727163.378276,
            1645727163.391601,
            1645727163.391627,
            1645727163.391702,
            1645727163.404802,
            1645727163.404812,
            1645727163.404895,
            1645727163.404905,
            1645727163.404907,
            1645727163.404912,
            1645727163.405021,
            1645727163.405025,
            1645727163.405094,
            1645727163.405098,
            1645727163.458051,
            1645727163.712322,
            1645727163.712359,
            1645727163.738925,
            1645727163.738949,
            1645727163.739103,
            1645727163.739114,
            1645727163.739122,
            1645727163.739126,
            1645727163.739129,
            1645727163.739132,
            1645727163.831907,
            1645727163.831937,
            1645727163.858581,
            1645727163.858652,
            1645727163.858666,
            1645727163.858677,
            1645727163.858682,
            1645727163.858753,
            1645727163.858757,
            1645727164.638432,
            1645727164.638463,
            1645727164.665022,
            1645727164.665147,
            1645727164.665161,
            1645727164.665248,
            1645727164.665252,
            1645727164.665254,
            1645727164.665257
        ],
        "ps_list": [
            158,
            184,
            225,
            121,
            66,
            97,
            101,
            66,
            97,
            66,
            101,
            66,
            189,
            66,
            260,
            66,
            66,
            121,
            225,
            66,
            66,
            101,
            66,
            121,
            66,
            255,
            66,
            121,
            225,
            66,
            101,
            66,
            120,
            66,
            839,
            66,
            121,
            225,
            66,
            101,
            66,
            145,
            66,
            345,
            66
        ],
        "direction_list": [
            0,
            0,
            0,
            1,
            0,
            0,
            1,
            0,
            1,
            0,
            1,
            0,
            1,
            0,
            1,
            0,
            1,
            0,
            0,
            1,
            1,
            1,
            0,
            1,
            0,
            1,
            0,
            0,
            0,
            1,
            1,
            0,
            1,
            0,
            1,
            0,
            0,
            0,
            1,
            1,
            0,
            1,
            0,
            1,
            0
        ],
        "piat_list": [
            13.528108596801758,
            0.16188621520996094,
            0.026226043701171875,
            13.324975967407227,
            0.025987625122070312,
            0.07486343383789062,
            13.100147247314453,
            0.010013580322265625,
            0.08296966552734375,
            0.010013580322265625,
            0.0019073486328125,
            0.0050067901611328125,
            0.10895729064941406,
            0.0040531158447265625,
            0.06890296936035156,
            0.0040531158447265625,
            52.95300483703613,
            254.2710304260254,
            0.03695487976074219,
            26.566028594970703,
            0.024080276489257812,
            0.15401840209960938,
            0.010967254638671875,
            0.007867813110351562,
            0.0040531158447265625,
            0.0030994415283203125,
            0.00286102294921875,
            92.77510643005371,
            0.030040740966796875,
            26.643991470336914,
            0.07104873657226562,
            0.013828277587890625,
            0.010967254638671875,
            0.0050067901611328125,
            0.07104873657226562,
            0.0040531158447265625,
            779.6750068664551,
            0.030994415283203125,
            26.558876037597656,
            0.1251697540283203,
            0.013828277587890625,
            0.08702278137207031,
            0.0040531158447265625,
            0.0021457672119140625,
            0.00286102294921875
        ]
    }
}