{
    "(2886734945, 3741648133, 43172, 443, 'tcp', 0)": {
        "ts_list": [
            1645440979.938642,
            1645440979.938852,
            1645440979.938877,
            1645440979.947332,
            1645440979.947417,
            1645440979.947438,
            1645440979.947443,
            1645440979.947447,
            1645440979.947508,
            1645440979.947517,
            1645440979.947522,
            1645440979.948354,
            1645440979.948361,
            1645440979.948453,
            1645440979.948459,
            1645440979.997373,
            1645440980.245445,
            1645440980.245483,
            1645440980.254231,
            1645440980.254256,
            1645440980.254492,
            1645440980.254503,
            1645440980.255313,
            1645440980.255318,
            1645440980.25542,
            1645440980.255424,
            1645440980.360273,
            1645440980.360301,
            1645440980.369344,
            1645440980.369377,
            1645440980.369391,
            1645440980.370335,
            1645440980.370339,
            1645440980.370433,
            1645440980.370437
        ],
        "ps_list": [
            158,
            184,
            225,
            66,
            121,
            66,
            110,
            66,
            97,
            101,
            66,
            191,
            66,
            260,
            66,
            66,
            121,
            225,
            66,
            66,
            101,
            66,
            144,
            66,
            255,
            66,
            121,
            225,
            66,
            101,
            66,
            121,
            66,
            251,
            66
        ],
        "direction_list": [
            0,
            0,
            0,
            1,
            1,
            0,
            1,
            0,
            0,
            1,
            0,
            1,
            0,
            1,
            0,
            1,
            0,
            0,
            1,
            1,
            1,
            0,
            1,
            0,
            1,
            0,
            0,
            0,
            1,
            1,
            0,
            1,
            0,
            1,
            0
        ],
        "piat_list": [
            0.25010108947753906,
            0.21004676818847656,
            0.025033950805664062,
            8.45479965209961,
            0.08511543273925781,
            0.0209808349609375,
            0.0050067901611328125,
            0.0040531158447265625,
            0.06103515625,
            0.008821487426757812,
            0.0050067901611328125,
            0.8320808410644531,
            0.0069141387939453125,
            0.09202957153320312,
            0.0059604644775390625,
            48.914194107055664,
            248.07190895080566,
            0.03790855407714844,
            8.748054504394531,
            0.025033950805664062,
            0.23603439331054688,
            0.010967254638671875,
            0.8099079132080078,
            0.0050067901611328125,
            0.10204315185546875,
            0.0040531158447265625,
            104.84886169433594,
            0.028133392333984375,
            9.042978286743164,
            0.032901763916015625,
            0.014066696166992188,
            0.9441375732421875,
            0.003814697265625,
            0.09417533874511719,
            0.003814697265625
        ]
    }
}