{
    "(2886734945, 3741648133, 43370, 443, 'tcp', 0)": {
        "ts_list": [
            1645441367.617967,
            1645441367.61815,
            1645441367.61819,
            1645441367.627446,
            1645441367.627536,
            1645441367.627544,
            1645441367.627556,
            1645441367.62756,
            1645441367.627563,
            1645441367.627566,
            1645441367.627627,
            1645441367.628654,
            1645441367.628659,
            1645441367.628665,
            1645441367.628669,
            1645441367.678383,
            1645441367.97218,
            1645441367.972217,
            1645441367.981396,
            1645441367.981416,
            1645441367.981478,
            1645441367.981489,
            1645441367.982447,
            1645441367.982452,
            1645441367.982457,
            1645441367.982461,
            1645441368.050356,
            1645441368.050381,
            1645441368.059657,
            1645441368.059749,
            1645441368.059757,
            1645441368.060432,
            1645441368.060437,
            1645441368.06053,
            1645441368.060535
        ],
        "ps_list": [
            158,
            184,
            225,
            66,
            121,
            66,
            110,
            66,
            101,
            66,
            97,
            190,
            66,
            260,
            66,
            66,
            121,
            225,
            66,
            66,
            101,
            66,
            122,
            66,
            255,
            66,
            121,
            225,
            66,
            101,
            66,
            145,
            66,
            251,
            66
        ],
        "direction_list": [
            0,
            0,
            0,
            1,
            1,
            0,
            1,
            0,
            1,
            0,
            0,
            1,
            0,
            1,
            0,
            1,
            0,
            0,
            1,
            1,
            1,
            0,
            1,
            0,
            1,
            0,
            0,
            0,
            1,
            1,
            0,
            1,
            0,
            1,
            0
        ],
        "piat_list": [
            0.2498626708984375,
            0.18310546875,
            0.0400543212890625,
            9.25588607788086,
            0.09012222290039062,
            0.007867813110351562,
            0.012159347534179688,
            0.003814697265625,
            0.0030994415283203125,
            0.0030994415283203125,
            0.06079673767089844,
            1.0271072387695312,
            0.0050067901611328125,
            0.0059604644775390625,
            0.0040531158447265625,
            49.714088439941406,
            293.7967777252197,
            0.03719329833984375,
            9.178876876831055,
            0.02002716064453125,
            0.06198883056640625,
            0.010967254638671875,
            0.9579658508300781,
            0.0050067901611328125,
            0.0050067901611328125,
            0.0040531158447265625,
            67.89493560791016,
            0.025033950805664062,
            9.276151657104492,
            0.09179115295410156,
            0.008106231689453125,
            0.6749629974365234,
            0.0050067901611328125,
            0.09298324584960938,
            0.0050067901611328125
        ]
    }
}