{
    "(2886734945, 3741648133, 58206, 443, 'tcp', 0)": {
        "ts_list": [
            1645415234.223682,
            1645415234.223854,
            1645415234.22388,
            1645415234.232641,
            1645415234.232663,
            1645415234.232673,
            1645415234.232688,
            1645415234.232692,
            1645415234.232786,
            1645415234.232824,
            1645415234.232827,
            1645415234.233575,
            1645415234.23358,
            1645415234.233586,
            1645415234.23359,
            1645415234.281476,
            1645415234.557979,
            1645415234.558015,
            1645415234.567459,
            1645415234.567482,
            1645415234.567635,
            1645415234.567647,
            1645415234.568621,
            1645415234.568629,
            1645415234.568637,
            1645415234.568642,
            1645415234.68652,
            1645415234.686547,
            1645415234.695486,
            1645415234.695569,
            1645415234.69558,
            1645415234.69655,
            1645415234.696561,
            1645415234.696564,
            1645415234.69658,
            1645415234.780999,
            1645415234.781026,
            1645415234.792554,
            1645415234.792577,
            1645415234.792589,
            1645415234.793573,
            1645415234.793584,
            1645415234.793668,
            1645415234.793672,
            1645415235.015038,
            1645415235.015083,
            1645415235.024519,
            1645415235.024601,
            1645415235.024612,
            1645415235.025579,
            1645415235.025588,
            1645415235.025591,
            1645415235.025597,
            1645415235.043831,
            1645415235.043861,
            1645415235.052497,
            1645415235.052583,
            1645415235.05355,
            1645415235.053557,
            1645415235.05359
        ],
        "ps_list": [
            158,
            184,
            225,
            66,
            121,
            66,
            110,
            66,
            97,
            101,
            66,
            191,
            66,
            260,
            66,
            66,
            121,
            225,
            66,
            66,
            101,
            66,
            122,
            66,
            255,
            66,
            121,
            225,
            66,
            101,
            66,
            120,
            66,
            252,
            66,
            121,
            225,
            66,
            101,
            66,
            121,
            66,
            297,
            66,
            121,
            225,
            66,
            101,
            66,
            131,
            66,
            1111,
            66,
            121,
            225,
            66,
            101,
            121,
            272,
            66
        ],
        "direction_list": [
            0,
            0,
            0,
            1,
            1,
            0,
            1,
            0,
            0,
            1,
            0,
            1,
            0,
            1,
            0,
            1,
            0,
            0,
            1,
            1,
            1,
            0,
            1,
            0,
            1,
            0,
            0,
            0,
            1,
            1,
            0,
            1,
            0,
            1,
            0,
            0,
            0,
            1,
            1,
            0,
            1,
            0,
            1,
            0,
            0,
            0,
            1,
            1,
            0,
            1,
            0,
            1,
            0,
            0,
            0,
            1,
            1,
            1,
            1,
            0
        ],
        "piat_list": [
            0.2448558807373047,
            0.17213821411132812,
            0.025987625122070312,
            8.760929107666016,
            0.02193450927734375,
            0.010013580322265625,
            0.015020370483398438,
            0.0040531158447265625,
            0.09393692016601562,
            0.03814697265625,
            0.00286102294921875,
            0.7481575012207031,
            0.0050067901611328125,
            0.0059604644775390625,
            0.003814697265625,
            47.88613319396973,
            276.5030860900879,
            0.03600120544433594,
            9.443998336791992,
            0.02288818359375,
            0.15306472778320312,
            0.011920928955078125,
            0.9739398956298828,
            0.008106231689453125,
            0.007867813110351562,
            0.0050067901611328125,
            117.87819862365723,
            0.026941299438476562,
            8.939027786254883,
            0.08296966552734375,
            0.010967254638671875,
            0.9698867797851562,
            0.011205673217773438,
            0.00286102294921875,
            0.015974044799804688,
            84.41901206970215,
            0.026941299438476562,
            11.52801513671875,
            0.023126602172851562,
            0.011920928955078125,
            0.9839534759521484,
            0.011205673217773438,
            0.08392333984375,
            0.0040531158447265625,
            221.36592864990234,
            0.04506111145019531,
            9.435892105102539,
            0.0820159912109375,
            0.010967254638671875,
            0.9670257568359375,
            0.009059906005859375,
            0.00286102294921875,
            0.006198883056640625,
            18.2340145111084,
            0.029802322387695312,
            8.635997772216797,
            0.08606910705566406,
            0.9670257568359375,
            0.0069141387939453125,
            0.03314018249511719
        ]
    }
}