{
    "(2886734945, 3741648133, 58248, 443, 'tcp', 0)": {
        "ts_list": [
            1645415290.368478,
            1645415290.368707,
            1645415290.368738,
            1645415290.376848,
            1645415290.376877,
            1645415290.37689,
            1645415290.376911,
            1645415290.376917,
            1645415290.377017,
            1645415290.377034,
            1645415290.377045,
            1645415290.377735,
            1645415290.377844,
            1645415290.377853,
            1645415290.378916,
            1645415290.378926,
            1645415290.378934,
            1645415290.37894,
            1645415290.425806,
            1645415290.708319,
            1645415290.708362,
            1645415290.716806,
            1645415290.71683,
            1645415290.717003,
            1645415290.717017,
            1645415290.717732,
            1645415290.717748,
            1645415290.717758,
            1645415290.717764,
            1645415290.814593,
            1645415290.81462,
            1645415290.823789,
            1645415290.82387,
            1645415290.823886,
            1645415290.823969,
            1645415290.823978,
            1645415290.823985,
            1645415290.82399,
            1645415290.905284,
            1645415290.905315,
            1645415290.921305,
            1645415290.921341,
            1645415290.92136,
            1645415290.921886,
            1645415290.921897,
            1645415290.921901,
            1645415290.921905,
            1645415291.200943,
            1645415291.200966,
            1645415291.209775,
            1645415291.209901,
            1645415291.209913,
            1645415291.210874,
            1645415291.210878,
            1645415291.210885,
            1645415291.21089,
            1645415291.213649,
            1645415291.213669,
            1645415291.222703,
            1645415291.223054,
            1645415291.223739,
            1645415291.22376,
            1645415291.223867,
            1645415291.266786
        ],
        "ps_list": [
            158,
            184,
            225,
            66,
            121,
            66,
            101,
            66,
            97,
            97,
            66,
            66,
            101,
            66,
            190,
            66,
            260,
            66,
            66,
            121,
            225,
            66,
            66,
            101,
            66,
            122,
            66,
            255,
            66,
            121,
            225,
            66,
            101,
            66,
            121,
            66,
            252,
            66,
            121,
            225,
            66,
            101,
            66,
            121,
            66,
            297,
            66,
            121,
            225,
            66,
            101,
            66,
            144,
            66,
            1111,
            66,
            121,
            225,
            66,
            101,
            122,
            66,
            272,
            66
        ],
        "direction_list": [
            0,
            0,
            0,
            1,
            1,
            0,
            1,
            0,
            1,
            0,
            0,
            1,
            1,
            0,
            1,
            0,
            1,
            0,
            1,
            0,
            0,
            1,
            1,
            1,
            0,
            1,
            0,
            1,
            0,
            0,
            0,
            1,
            1,
            0,
            1,
            0,
            1,
            0,
            0,
            0,
            1,
            1,
            0,
            1,
            0,
            1,
            0,
            0,
            0,
            1,
            1,
            0,
            1,
            0,
            1,
            0,
            0,
            0,
            1,
            1,
            1,
            0,
            1,
            0
        ],
        "piat_list": [
            0.3261566162109375,
            0.2288818359375,
            0.030994415283203125,
            8.11004638671875,
            0.029087066650390625,
            0.012874603271484375,
            0.0209808349609375,
            0.0059604644775390625,
            0.10013580322265625,
            0.016927719116210938,
            0.010967254638671875,
            0.6899833679199219,
            0.10919570922851562,
            0.008821487426757812,
            1.0631084442138672,
            0.010013580322265625,
            0.007867813110351562,
            0.006198883056640625,
            46.86594009399414,
            282.512903213501,
            0.04315376281738281,
            8.443832397460938,
            0.024080276489257812,
            0.17309188842773438,
            0.013828277587890625,
            0.7150173187255859,
            0.015974044799804688,
            0.010013580322265625,
            0.0059604644775390625,
            96.82917594909668,
            0.026941299438476562,
            9.168863296508789,
            0.08106231689453125,
            0.015974044799804688,
            0.08296966552734375,
            0.009059906005859375,
            0.007152557373046875,
            0.0050067901611328125,
            81.29382133483887,
            0.030994415283203125,
            15.990018844604492,
            0.03600120544433594,
            0.019073486328125,
            0.5259513854980469,
            0.010967254638671875,
            0.0040531158447265625,
            0.0040531158447265625,
            279.0379524230957,
            0.02288818359375,
            8.809089660644531,
            0.12612342834472656,
            0.011920928955078125,
            0.9610652923583984,
            0.003814697265625,
            0.007152557373046875,
            0.0050067901611328125,
            2.7589797973632812,
            0.02002716064453125,
            9.033918380737305,
            0.3509521484375,
            0.6849765777587891,
            0.0209808349609375,
            0.10704994201660156,
            42.919158935546875
        ]
    }
}