{
    "(2886734945, 3741648133, 60984, 443, 'tcp', 0)": {
        "ts_list": [
            1644863531.996107,
            1644863531.996265,
            1644863531.996282,
            1644863532.004302,
            1644863532.00439,
            1644863532.004398,
            1644863532.004406,
            1644863532.004411,
            1644863532.004415,
            1644863532.004418,
            1644863532.004486,
            1644863532.00537,
            1644863532.005375,
            1644863532.005469,
            1644863532.005474,
            1644863532.052333,
            1644863532.25306,
            1644863532.253096,
            1644863532.262281,
            1644863532.262306,
            1644863532.26252,
            1644863532.262532,
            1644863532.263453,
            1644863532.263458,
            1644863532.263551,
            1644863532.263556,
            1644863532.319519,
            1644863532.319544,
            1644863532.327439,
            1644863532.327523,
            1644863532.32753,
            1644863532.328374,
            1644863532.328385,
            1644863532.328472,
            1644863532.328479,
            1644863532.573132,
            1644863532.573167,
            1644863532.581729,
            1644863532.581825,
            1644863532.581837,
            1644863532.582345,
            1644863532.582349,
            1644863532.582441,
            1644863532.582445,
            1644863532.660862,
            1644863532.660888,
            1644863532.669309,
            1644863532.669393,
            1644863532.669405,
            1644863532.670328,
            1644863532.670333,
            1644863532.670339,
            1644863532.670342,
            1644863532.708588,
            1644863532.708612,
            1644863532.717359,
            1644863532.717447,
            1644863532.717455,
            1644863532.718347,
            1644863532.718356,
            1644863532.718444,
            1644863532.718448,
            1644863532.779171,
            1644863532.779195,
            1644863532.788309,
            1644863532.788335,
            1644863532.788346,
            1644863532.78933,
            1644863532.789366,
            1644863532.789428,
            1644863532.789452
        ],
        "ps_list": [
            158,
            184,
            225,
            66,
            121,
            66,
            110,
            66,
            101,
            66,
            97,
            191,
            66,
            260,
            66,
            66,
            121,
            225,
            66,
            66,
            101,
            66,
            145,
            66,
            255,
            66,
            121,
            225,
            66,
            101,
            66,
            122,
            66,
            252,
            66,
            121,
            225,
            66,
            101,
            66,
            120,
            66,
            297,
            66,
            121,
            225,
            66,
            101,
            66,
            120,
            66,
            256,
            66,
            121,
            225,
            66,
            101,
            66,
            121,
            66,
            272,
            66,
            121,
            225,
            66,
            101,
            66,
            117,
            66,
            256,
            66
        ],
        "direction_list": [
            0,
            0,
            0,
            1,
            1,
            0,
            1,
            0,
            1,
            0,
            0,
            1,
            0,
            1,
            0,
            1,
            0,
            0,
            1,
            1,
            1,
            0,
            1,
            0,
            1,
            0,
            0,
            0,
            1,
            1,
            0,
            1,
            0,
            1,
            0,
            0,
            0,
            1,
            1,
            0,
            1,
            0,
            1,
            0,
            0,
            0,
            1,
            1,
            0,
            1,
            0,
            1,
            0,
            0,
            0,
            1,
            1,
            0,
            1,
            0,
            1,
            0,
            0,
            0,
            1,
            1,
            0,
            1,
            0,
            1,
            0
        ],
        "piat_list": [
            0.21910667419433594,
            0.15783309936523438,
            0.0171661376953125,
            8.01992416381836,
            0.08797645568847656,
            0.008106231689453125,
            0.007867813110351562,
            0.0050067901611328125,
            0.0040531158447265625,
            0.00286102294921875,
            0.06818771362304688,
            0.8838176727294922,
            0.0050067901611328125,
            0.09417533874511719,
            0.0050067901611328125,
            46.859025955200195,
            200.72698593139648,
            0.03600120544433594,
            9.184837341308594,
            0.025033950805664062,
            0.21409988403320312,
            0.011920928955078125,
            0.9210109710693359,
            0.0050067901611328125,
            0.09298324584960938,
            0.0050067901611328125,
            55.96303939819336,
            0.025033950805664062,
            7.894992828369141,
            0.08392333984375,
            0.0069141387939453125,
            0.8440017700195312,
            0.011205673217773438,
            0.08678436279296875,
            0.007152557373046875,
            244.65298652648926,
            0.03504753112792969,
            8.561849594116211,
            0.09608268737792969,
            0.011920928955078125,
            0.5080699920654297,
            0.0040531158447265625,
            0.09202957153320312,
            0.003814697265625,
            78.41706275939941,
            0.025987625122070312,
            8.420944213867188,
            0.08416175842285156,
            0.011920928955078125,
            0.9229183197021484,
            0.0050067901611328125,
            0.006198883056640625,
            0.00286102294921875,
            38.24591636657715,
            0.024080276489257812,
            8.747100830078125,
            0.08797645568847656,
            0.007867813110351562,
            0.8921623229980469,
            0.008821487426757812,
            0.08821487426757812,
            0.003814697265625,
            60.723066329956055,
            0.024080276489257812,
            9.11402702331543,
            0.025987625122070312,
            0.010967254638671875,
            0.9839534759521484,
            0.03600120544433594,
            0.06198883056640625,
            0.024080276489257812
        ]
    }
}