{
    "(2886734945, 3741713926, 43794, 443, 'tcp', 0)": {
        "ts_list": [
            1645628937.815516,
            1645628937.815713,
            1645628937.815737,
            1645628937.83028,
            1645628937.83031,
            1645628937.830413,
            1645628937.842213,
            1645628937.842259,
            1645628937.842264,
            1645628937.842268,
            1645628937.842388,
            1645628937.842391,
            1645628937.843203,
            1645628937.843211,
            1645628937.843228,
            1645628937.843231,
            1645628937.897277,
            1645628938.178661,
            1645628938.178693,
            1645628938.205227,
            1645628938.205244,
            1645628938.205298,
            1645628938.205309,
            1645628938.206226,
            1645628938.206232,
            1645628938.20624,
            1645628938.206244,
            1645628938.30868,
            1645628938.308708,
            1645628938.335288,
            1645628938.335322
        ],
        "ps_list": [
            158,
            184,
            225,
            121,
            66,
            97,
            101,
            66,
            97,
            66,
            101,
            66,
            191,
            66,
            260,
            66,
            66,
            121,
            225,
            66,
            66,
            101,
            66,
            144,
            66,
            255,
            66,
            121,
            225,
            66,
            101
        ],
        "direction_list": [
            0,
            0,
            0,
            1,
            0,
            0,
            1,
            0,
            1,
            0,
            1,
            0,
            1,
            0,
            1,
            0,
            1,
            0,
            0,
            1,
            1,
            1,
            0,
            1,
            0,
            1,
            0,
            0,
            0,
            1,
            1
        ],
        "piat_list": [
            13.007879257202148,
            0.19693374633789062,
            0.024080276489257812,
            14.54305648803711,
            0.030040740966796875,
            0.102996826171875,
            11.799812316894531,
            0.04601478576660156,
            0.0050067901611328125,
            0.0040531158447265625,
            0.11992454528808594,
            0.0030994415283203125,
            0.8120536804199219,
            0.007867813110351562,
            0.0171661376953125,
            0.00286102294921875,
            54.0461540222168,
            281.3839912414551,
            0.031948089599609375,
            26.533842086791992,
            0.0171661376953125,
            0.053882598876953125,
            0.010967254638671875,
            0.9171962738037109,
            0.0059604644775390625,
            0.007867813110351562,
            0.0040531158447265625,
            102.43606567382812,
            0.027894973754882812,
            26.580095291137695,
            0.033855438232421875
        ]
    }
}