{
    "(2886734945, 3741648133, 49658, 443, 'tcp', 0)": {
        "ts_list": [
            1644836423.236042,
            1644836423.236215,
            1644836423.236233,
            1644836423.243979,
            1644836423.243998,
            1644836423.244095,
            1644836423.244866,
            1644836423.244873,
            1644836423.244878,
            1644836423.244961,
            1644836423.244964,
            1644836423.245062,
            1644836423.245065,
            1644836423.245979,
            1644836423.245982,
            1644836423.245984,
            1644836423.245987,
            1644836423.292947,
            1644836423.531822,
            1644836423.531856,
            1644836423.53988,
            1644836423.539898,
            1644836423.54036,
            1644836423.54037,
            1644836423.54107,
            1644836423.541076,
            1644836423.541191,
            1644836423.541194,
            1644836423.643237,
            1644836423.643261,
            1644836423.651917,
            1644836423.651933
        ],
        "ps_list": [
            158,
            184,
            225,
            121,
            66,
            97,
            66,
            101,
            66,
            97,
            66,
            101,
            66,
            189,
            66,
            260,
            66,
            66,
            121,
            225,
            66,
            66,
            101,
            66,
            122,
            66,
            255,
            66,
            121,
            225,
            66,
            101
        ],
        "direction_list": [
            0,
            0,
            0,
            1,
            0,
            0,
            1,
            1,
            0,
            1,
            0,
            1,
            0,
            1,
            0,
            1,
            0,
            1,
            0,
            0,
            1,
            1,
            1,
            0,
            1,
            0,
            1,
            0,
            0,
            0,
            1,
            1
        ],
        "piat_list": [
            0.2529621124267578,
            0.17309188842773438,
            0.017881393432617188,
            7.745981216430664,
            0.019073486328125,
            0.09703636169433594,
            0.7708072662353516,
            0.007152557373046875,
            0.0050067901611328125,
            0.08296966552734375,
            0.00286102294921875,
            0.09822845458984375,
            0.00286102294921875,
            0.9140968322753906,
            0.00286102294921875,
            0.0021457672119140625,
            0.00286102294921875,
            46.96011543273926,
            238.8749122619629,
            0.03409385681152344,
            8.023977279663086,
            0.017881393432617188,
            0.4620552062988281,
            0.010013580322265625,
            0.6999969482421875,
            0.0059604644775390625,
            0.11515617370605469,
            0.00286102294921875,
            102.04315185546875,
            0.02384185791015625,
            8.656024932861328,
            0.015974044799804688
        ]
    }
}