{
    "(2886734945, 3741648133, 49754, 443, 'tcp', 0)": {
        "ts_list": [
            1644836582.802011,
            1644836582.802245,
            1644836582.802296,
            1644836582.810832,
            1644836582.810851,
            1644836582.81086,
            1644836582.81087,
            1644836582.810878,
            1644836582.81217,
            1644836582.812666,
            1644836582.812682,
            1644836582.812686,
            1644836582.812691,
            1644836582.812855,
            1644836582.812862,
            1644836582.817281,
            1644836582.866572,
            1644836583.080304,
            1644836583.080355,
            1644836583.089537,
            1644836583.089558,
            1644836583.089717,
            1644836583.089728,
            1644836583.09057,
            1644836583.090574,
            1644836583.09067,
            1644836583.090674,
            1644836583.156214,
            1644836583.156252,
            1644836583.165642,
            1644836583.165666
        ],
        "ps_list": [
            158,
            184,
            225,
            66,
            121,
            66,
            110,
            66,
            66,
            101,
            66,
            191,
            66,
            260,
            66,
            97,
            66,
            121,
            225,
            66,
            66,
            101,
            66,
            144,
            66,
            255,
            66,
            121,
            225,
            66,
            101
        ],
        "direction_list": [
            0,
            0,
            0,
            1,
            1,
            0,
            1,
            0,
            1,
            1,
            0,
            1,
            0,
            1,
            0,
            0,
            1,
            0,
            0,
            1,
            1,
            1,
            0,
            1,
            0,
            1,
            0,
            0,
            0,
            1,
            1
        ],
        "piat_list": [
            0.2989768981933594,
            0.2338886260986328,
            0.051021575927734375,
            8.536100387573242,
            0.019073486328125,
            0.008821487426757812,
            0.010013580322265625,
            0.008106231689453125,
            1.2919902801513672,
            0.49591064453125,
            0.015974044799804688,
            0.0040531158447265625,
            0.0050067901611328125,
            0.164031982421875,
            0.0069141387939453125,
            4.419088363647461,
            49.29089546203613,
            213.7320041656494,
            0.051021575927734375,
            9.181976318359375,
            0.0209808349609375,
            0.1590251922607422,
            0.011205673217773438,
            0.8418560028076172,
            0.0040531158447265625,
            0.09608268737792969,
            0.003814697265625,
            65.54007530212402,
            0.03790855407714844,
            9.390115737915039,
            0.024080276489257812
        ]
    }
}