{
    "(2886734945, 3741713926, 54022, 443, 'tcp', 0)": {
        "ts_list": [
            1644836922.111373,
            1644836922.111556,
            1644836922.111583,
            1644836922.139529,
            1644836922.139562,
            1644836922.139574,
            1644836922.139588,
            1644836922.139593,
            1644836922.139596,
            1644836922.139599,
            1644836922.13972,
            1644836922.140561,
            1644836922.140573,
            1644836922.140655,
            1644836922.14066,
            1644836922.207629,
            1644836922.373408,
            1644836922.373447,
            1644836922.401556,
            1644836922.401581,
            1644836922.401599,
            1644836922.40161,
            1644836922.402616,
            1644836922.402621,
            1644836922.402713,
            1644836922.402718,
            1644836922.449443,
            1644836922.449474,
            1644836922.477598,
            1644836922.477623,
            1644836922.477633,
            1644836922.478595,
            1644836922.4786,
            1644836922.478606,
            1644836922.47861
        ],
        "ps_list": [
            158,
            184,
            225,
            66,
            121,
            66,
            110,
            66,
            101,
            66,
            97,
            191,
            66,
            260,
            66,
            66,
            121,
            225,
            66,
            66,
            101,
            66,
            122,
            66,
            255,
            66,
            121,
            225,
            66,
            101,
            66,
            121,
            66,
            363,
            66
        ],
        "direction_list": [
            0,
            0,
            0,
            1,
            1,
            0,
            1,
            0,
            1,
            0,
            0,
            1,
            0,
            1,
            0,
            1,
            0,
            0,
            1,
            1,
            1,
            0,
            1,
            0,
            1,
            0,
            0,
            0,
            1,
            1,
            0,
            1,
            0,
            1,
            0
        ],
        "piat_list": [
            0.28204917907714844,
            0.18310546875,
            0.026941299438476562,
            27.945995330810547,
            0.032901763916015625,
            0.012159347534179688,
            0.014066696166992188,
            0.00476837158203125,
            0.0030994415283203125,
            0.0030994415283203125,
            0.12087821960449219,
            0.8411407470703125,
            0.011920928955078125,
            0.0820159912109375,
            0.0050067901611328125,
            66.96891784667969,
            165.77911376953125,
            0.03886222839355469,
            28.109073638916016,
            0.025033950805664062,
            0.017881393432617188,
            0.010967254638671875,
            1.0061264038085938,
            0.0050067901611328125,
            0.09202957153320312,
            0.0050067901611328125,
            46.72503471374512,
            0.030994415283203125,
            28.123855590820312,
            0.025033950805664062,
            0.010013580322265625,
            0.9620189666748047,
            0.0050067901611328125,
            0.0059604644775390625,
            0.0040531158447265625
        ]
    }
}