{
    "(2886734945, 3741648133, 40304, 443, 'tcp', 0)": {
        "ts_list": [
            1645648265.63466,
            1645648265.634849,
            1645648265.634875,
            1645648265.643404,
            1645648265.643429,
            1645648265.643439,
            1645648265.643455,
            1645648265.643459,
            1645648265.644051,
            1645648265.6443,
            1645648265.644523,
            1645648265.644529,
            1645648265.645376,
            1645648265.645383,
            1645648265.645558,
            1645648265.645564,
            1645648265.693471,
            1645648266.01572,
            1645648266.015756,
            1645648266.024288,
            1645648266.024313,
            1645648266.024645,
            1645648266.024659,
            1645648266.025393,
            1645648266.025397,
            1645648266.025493,
            1645648266.025497,
            1645648266.142408,
            1645648266.142436,
            1645648266.151424,
            1645648266.151455,
            1645648266.151467,
            1645648266.152317,
            1645648266.152329,
            1645648266.152338,
            1645648266.152341
        ],
        "ps_list": [
            158,
            184,
            225,
            66,
            121,
            66,
            110,
            66,
            97,
            66,
            101,
            66,
            190,
            66,
            260,
            66,
            66,
            121,
            225,
            66,
            66,
            101,
            66,
            145,
            66,
            255,
            66,
            121,
            225,
            66,
            101,
            66,
            122,
            66,
            251,
            66
        ],
        "direction_list": [
            0,
            0,
            0,
            1,
            1,
            0,
            1,
            0,
            0,
            1,
            1,
            0,
            1,
            0,
            1,
            0,
            1,
            0,
            0,
            1,
            1,
            1,
            0,
            1,
            0,
            1,
            0,
            0,
            0,
            1,
            1,
            0,
            1,
            0,
            1,
            0
        ],
        "piat_list": [
            0.26297569274902344,
            0.18906593322753906,
            0.025987625122070312,
            8.528947830200195,
            0.025033950805664062,
            0.010013580322265625,
            0.015974044799804688,
            0.0040531158447265625,
            0.5919933319091797,
            0.24890899658203125,
            0.22292137145996094,
            0.006198883056640625,
            0.84686279296875,
            0.0069141387939453125,
            0.17523765563964844,
            0.0059604644775390625,
            47.90687561035156,
            322.2489356994629,
            0.03600120544433594,
            8.532047271728516,
            0.025033950805664062,
            0.33211708068847656,
            0.013828277587890625,
            0.7340908050537109,
            0.0040531158447265625,
            0.09584426879882812,
            0.0040531158447265625,
            116.91093444824219,
            0.028133392333984375,
            8.987903594970703,
            0.030994415283203125,
            0.012159347534179688,
            0.8499622344970703,
            0.011920928955078125,
            0.009059906005859375,
            0.00286102294921875
        ]
    }
}