{
    "(2886734945, 3741648133, 40520, 443, 'tcp', 0)": {
        "ts_list": [
            1645648671.804272,
            1645648671.804453,
            1645648671.804481,
            1645648671.812566,
            1645648671.812803,
            1645648671.812824,
            1645648671.812845,
            1645648671.812851,
            1645648671.812971,
            1645648671.813524,
            1645648671.813684,
            1645648671.813692,
            1645648671.814551,
            1645648671.814563,
            1645648671.814754,
            1645648671.814773,
            1645648671.861759,
            1645648672.163358,
            1645648672.163396,
            1645648672.171629,
            1645648672.172525,
            1645648672.172631,
            1645648672.172642,
            1645648672.173574,
            1645648672.173578,
            1645648672.173584,
            1645648672.173587,
            1645648672.243845,
            1645648672.243869,
            1645648672.252635,
            1645648672.252665
        ],
        "ps_list": [
            158,
            184,
            225,
            66,
            121,
            66,
            110,
            66,
            97,
            66,
            101,
            66,
            191,
            66,
            260,
            66,
            66,
            121,
            225,
            66,
            66,
            101,
            66,
            145,
            66,
            255,
            66,
            121,
            225,
            66,
            101
        ],
        "direction_list": [
            0,
            0,
            0,
            1,
            1,
            0,
            1,
            0,
            0,
            1,
            1,
            0,
            1,
            0,
            1,
            0,
            1,
            0,
            0,
            1,
            1,
            1,
            0,
            1,
            0,
            1,
            0,
            0,
            0,
            1,
            1
        ],
        "piat_list": [
            0.2639293670654297,
            0.18095970153808594,
            0.028133392333984375,
            8.085012435913086,
            0.23698806762695312,
            0.0209808349609375,
            0.0209808349609375,
            0.0059604644775390625,
            0.1201629638671875,
            0.5528926849365234,
            0.15997886657714844,
            0.008106231689453125,
            0.8590221405029297,
            0.011920928955078125,
            0.19097328186035156,
            0.019073486328125,
            46.98586463928223,
            301.59902572631836,
            0.03790855407714844,
            8.233070373535156,
            0.8959770202636719,
            0.10609626770019531,
            0.010967254638671875,
            0.9319782257080078,
            0.0040531158447265625,
            0.0059604644775390625,
            0.0030994415283203125,
            70.25790214538574,
            0.024080276489257812,
            8.765935897827148,
            0.030040740966796875
        ]
    }
}