{
    "(2886734945, 3741713926, 58112, 443, 'tcp', 0)": {
        "ts_list": [
            1645665663.867483,
            1645665663.86765,
            1645665663.867677,
            1645665663.890845,
            1645665663.890861,
            1645665663.890867,
            1645665663.890885,
            1645665663.890888,
            1645665663.890958,
            1645665663.891854,
            1645665663.891863,
            1645665663.892871,
            1645665663.892875,
            1645665663.892879,
            1645665663.892882,
            1645665663.954868,
            1645665664.22103,
            1645665664.221062,
            1645665664.244819,
            1645665664.244836,
            1645665664.245017,
            1645665664.245024,
            1645665664.245829,
            1645665664.245836,
            1645665664.245923,
            1645665664.245928,
            1645665664.331286,
            1645665664.331313,
            1645665664.354866,
            1645665664.35495
        ],
        "ps_list": [
            158,
            184,
            225,
            66,
            121,
            66,
            110,
            66,
            97,
            101,
            66,
            191,
            66,
            260,
            66,
            66,
            121,
            225,
            66,
            66,
            101,
            66,
            143,
            66,
            255,
            66,
            121,
            225,
            66,
            101
        ],
        "direction_list": [
            0,
            0,
            0,
            1,
            1,
            0,
            1,
            0,
            0,
            1,
            0,
            1,
            0,
            1,
            0,
            1,
            0,
            0,
            1,
            1,
            1,
            0,
            1,
            0,
            1,
            0,
            0,
            0,
            1,
            1
        ],
        "piat_list": [
            0.2658367156982422,
            0.1671314239501953,
            0.026941299438476562,
            23.168087005615234,
            0.015974044799804688,
            0.0059604644775390625,
            0.01811981201171875,
            0.00286102294921875,
            0.07009506225585938,
            0.8959770202636719,
            0.009059906005859375,
            1.0077953338623047,
            0.0040531158447265625,
            0.0040531158447265625,
            0.0030994415283203125,
            61.98596954345703,
            266.1619186401367,
            0.031948089599609375,
            23.756980895996094,
            0.0171661376953125,
            0.18095970153808594,
            0.0069141387939453125,
            0.8051395416259766,
            0.0069141387939453125,
            0.08702278137207031,
            0.0050067901611328125,
            85.3579044342041,
            0.026941299438476562,
            23.553133010864258,
            0.08392333984375
        ]
    }
}