{
    "(2886734945, 3741713926, 58210, 443, 'tcp', 0)": {
        "ts_list": [
            1645665844.62002,
            1645665844.620179,
            1645665844.620202,
            1645665844.649112,
            1645665844.649152,
            1645665844.649166,
            1645665844.649174,
            1645665844.649178,
            1645665844.649181,
            1645665844.64919,
            1645665844.649194,
            1645665844.649197,
            1645665844.649277,
            1645665844.649282,
            1645665844.649391,
            1645665844.649395,
            1645665844.649983,
            1645665844.718603,
            1645665844.947961,
            1645665844.947996,
            1645665844.976862,
            1645665844.976944,
            1645665844.977041,
            1645665844.977052,
            1645665844.977062,
            1645665844.977066,
            1645665844.977069,
            1645665844.977072,
            1645665845.042695,
            1645665845.04272,
            1645665845.071736,
            1645665845.071775
        ],
        "ps_list": [
            158,
            184,
            225,
            121,
            66,
            101,
            66,
            97,
            66,
            66,
            101,
            66,
            190,
            66,
            260,
            66,
            97,
            66,
            121,
            225,
            66,
            66,
            101,
            66,
            121,
            66,
            255,
            66,
            121,
            225,
            66,
            101
        ],
        "direction_list": [
            0,
            0,
            0,
            1,
            0,
            1,
            0,
            1,
            0,
            1,
            1,
            0,
            1,
            0,
            1,
            0,
            0,
            1,
            0,
            0,
            1,
            1,
            1,
            0,
            1,
            0,
            1,
            0,
            0,
            0,
            1,
            1
        ],
        "piat_list": [
            0.2579689025878906,
            0.1590251922607422,
            0.023126602172851562,
            28.909921646118164,
            0.0400543212890625,
            0.014066696166992188,
            0.007867813110351562,
            0.0040531158447265625,
            0.00286102294921875,
            0.009059906005859375,
            0.0040531158447265625,
            0.0030994415283203125,
            0.07987022399902344,
            0.0050067901611328125,
            0.10895729064941406,
            0.0040531158447265625,
            0.5879402160644531,
            68.61996650695801,
            229.35819625854492,
            0.034809112548828125,
            28.866052627563477,
            0.0820159912109375,
            0.09703636169433594,
            0.010967254638671875,
            0.010013580322265625,
            0.0040531158447265625,
            0.00286102294921875,
            0.0030994415283203125,
            65.62304496765137,
            0.025033950805664062,
            29.01601791381836,
            0.03886222839355469
        ]
    }
}