{
    "(2886734945, 3741648133, 53210, 443, 'tcp', 0)": {
        "ts_list": [
            1645473782.221485,
            1645473782.221664,
            1645473782.221686,
            1645473782.229588,
            1645473782.229612,
            1645473782.229623,
            1645473782.229705,
            1645473782.229798,
            1645473782.229803,
            1645473782.229809,
            1645473782.229812,
            1645473782.230521,
            1645473782.230684,
            1645473782.23069,
            1645473782.231575,
            1645473782.231585,
            1645473782.231679,
            1645473782.231684,
            1645473782.278668,
            1645473782.537247,
            1645473782.537287,
            1645473782.545542,
            1645473782.545562,
            1645473782.545723,
            1645473782.545732,
            1645473782.546649,
            1645473782.546653,
            1645473782.546658,
            1645473782.546662,
            1645473782.646805,
            1645473782.646837,
            1645473782.655644,
            1645473782.655718,
            1645473782.655729,
            1645473782.657541,
            1645473782.65755,
            1645473782.657557,
            1645473782.65756,
            1645473783.567619,
            1645473783.567651,
            1645473783.576769,
            1645473783.576786,
            1645473783.576795,
            1645473783.577564,
            1645473783.577568,
            1645473783.577662,
            1645473783.577666,
            1645473783.583841,
            1645473783.583865,
            1645473783.592626,
            1645473783.592813,
            1645473783.593634,
            1645473783.593639,
            1645473783.597312
        ],
        "ps_list": [
            158,
            184,
            225,
            66,
            121,
            66,
            97,
            101,
            66,
            97,
            66,
            66,
            101,
            66,
            191,
            66,
            260,
            66,
            66,
            121,
            225,
            66,
            66,
            101,
            66,
            122,
            66,
            255,
            66,
            121,
            225,
            66,
            101,
            66,
            121,
            66,
            332,
            66,
            121,
            225,
            66,
            101,
            66,
            144,
            66,
            297,
            66,
            121,
            225,
            66,
            101,
            121,
            272,
            66
        ],
        "direction_list": [
            0,
            0,
            0,
            1,
            1,
            0,
            0,
            1,
            0,
            1,
            0,
            1,
            1,
            0,
            1,
            0,
            1,
            0,
            1,
            0,
            0,
            1,
            1,
            1,
            0,
            1,
            0,
            1,
            0,
            0,
            0,
            1,
            1,
            0,
            1,
            0,
            1,
            0,
            0,
            0,
            1,
            1,
            0,
            1,
            0,
            1,
            0,
            0,
            0,
            1,
            1,
            1,
            1,
            0
        ],
        "piat_list": [
            0.27179718017578125,
            0.17905235290527344,
            0.02193450927734375,
            7.9021453857421875,
            0.024080276489257812,
            0.010967254638671875,
            0.0820159912109375,
            0.09298324584960938,
            0.0050067901611328125,
            0.0059604644775390625,
            0.00286102294921875,
            0.7090568542480469,
            0.16307830810546875,
            0.0059604644775390625,
            0.885009765625,
            0.010013580322265625,
            0.09393692016601562,
            0.0050067901611328125,
            46.983957290649414,
            258.5790157318115,
            0.0400543212890625,
            8.2550048828125,
            0.02002716064453125,
            0.1609325408935547,
            0.009059906005859375,
            0.9169578552246094,
            0.0040531158447265625,
            0.0050067901611328125,
            0.0040531158447265625,
            100.1429557800293,
            0.031948089599609375,
            8.806943893432617,
            0.07414817810058594,
            0.010967254638671875,
            1.811981201171875,
            0.009059906005859375,
            0.0069141387939453125,
            0.0030994415283203125,
            910.0589752197266,
            0.031948089599609375,
            9.118080139160156,
            0.016927719116210938,
            0.009059906005859375,
            0.7688999176025391,
            0.0040531158447265625,
            0.09393692016601562,
            0.0040531158447265625,
            6.175041198730469,
            0.02384185791015625,
            8.761167526245117,
            0.186920166015625,
            0.8208751678466797,
            0.0050067901611328125,
            3.673076629638672
        ]
    }
}