{
    "(2886734945, 3741648133, 53356, 443, 'tcp', 0)": {
        "ts_list": [
            1645473996.827036,
            1645473996.827233,
            1645473996.827252,
            1645473996.835544,
            1645473996.835569,
            1645473996.835578,
            1645473996.83559,
            1645473996.835595,
            1645473996.835673,
            1645473996.835729,
            1645473996.835736,
            1645473996.836516,
            1645473996.836525,
            1645473996.836613,
            1645473996.836618,
            1645473996.883564,
            1645473997.192476,
            1645473997.192513,
            1645473997.200509,
            1645473997.200536,
            1645473997.200589,
            1645473997.200601,
            1645473997.201495,
            1645473997.2015,
            1645473997.201593,
            1645473997.201598,
            1645473997.308595,
            1645473997.308624,
            1645473997.316466,
            1645473997.316591,
            1645473997.316601,
            1645473997.31751,
            1645473997.317515,
            1645473997.31761,
            1645473997.317614,
            1645473998.402003,
            1645473998.402051,
            1645473998.410434,
            1645473998.410555,
            1645473998.410566,
            1645473998.411621,
            1645473998.411626,
            1645473998.411717,
            1645473998.411722,
            1645473998.418723,
            1645473998.418749,
            1645473998.426541,
            1645473998.426569,
            1645473998.427499,
            1645473998.427538,
            1645473998.427597,
            1645473998.470795
        ],
        "ps_list": [
            158,
            184,
            225,
            66,
            121,
            66,
            110,
            66,
            97,
            101,
            66,
            191,
            66,
            260,
            66,
            66,
            121,
            225,
            66,
            66,
            101,
            66,
            145,
            66,
            255,
            66,
            121,
            225,
            66,
            101,
            66,
            120,
            66,
            332,
            66,
            121,
            225,
            66,
            101,
            66,
            142,
            66,
            297,
            66,
            121,
            225,
            66,
            101,
            122,
            66,
            272,
            66
        ],
        "direction_list": [
            0,
            0,
            0,
            1,
            1,
            0,
            1,
            0,
            0,
            1,
            0,
            1,
            0,
            1,
            0,
            1,
            0,
            0,
            1,
            1,
            1,
            0,
            1,
            0,
            1,
            0,
            0,
            0,
            1,
            1,
            0,
            1,
            0,
            1,
            0,
            0,
            0,
            1,
            1,
            0,
            1,
            0,
            1,
            0,
            0,
            0,
            1,
            1,
            1,
            0,
            1,
            0
        ],
        "piat_list": [
            0.308990478515625,
            0.1971721649169922,
            0.018835067749023438,
            8.292198181152344,
            0.0247955322265625,
            0.009059906005859375,
            0.011920928955078125,
            0.0050067901611328125,
            0.0782012939453125,
            0.055789947509765625,
            0.007152557373046875,
            0.7798671722412109,
            0.009059906005859375,
            0.08797645568847656,
            0.0050067901611328125,
            46.946048736572266,
            308.9120388031006,
            0.03695487976074219,
            7.996082305908203,
            0.026941299438476562,
            0.052928924560546875,
            0.012159347534179688,
            0.8938312530517578,
            0.0050067901611328125,
            0.09298324584960938,
            0.0050067901611328125,
            106.99701309204102,
            0.029087066650390625,
            7.842063903808594,
            0.12493133544921875,
            0.010013580322265625,
            0.9088516235351562,
            0.0050067901611328125,
            0.09512901306152344,
            0.0040531158447265625,
            1084.3889713287354,
            0.04792213439941406,
            8.383035659790039,
            0.12087821960449219,
            0.011205673217773438,
            1.055002212524414,
            0.0050067901611328125,
            0.09083747863769531,
            0.0050067901611328125,
            7.001161575317383,
            0.025987625122070312,
            7.791996002197266,
            0.027894973754882812,
            0.9300708770751953,
            0.03886222839355469,
            0.0591278076171875,
            43.1978702545166
        ]
    }
}