{
    "(2886734945, 3741648133, 38014, 443, 'tcp', 0)": {
        "ts_list": [
            1645047622.619874,
            1645047622.620056,
            1645047622.620101,
            1645047622.628525,
            1645047622.628616,
            1645047622.628634,
            1645047622.628637,
            1645047622.628641,
            1645047622.628715,
            1645047622.628717,
            1645047622.628729,
            1645047622.629394,
            1645047622.6294,
            1645047622.629493,
            1645047622.629497,
            1645047622.676445,
            1645047622.93726,
            1645047622.93731,
            1645047622.945376,
            1645047622.945396,
            1645047622.945556,
            1645047622.945567,
            1645047622.946587,
            1645047622.946592,
            1645047622.946597,
            1645047622.946601,
            1645047623.012314,
            1645047623.012355,
            1645047623.020393,
            1645047623.020481,
            1645047623.020489,
            1645047623.021398,
            1645047623.021406,
            1645047623.021492,
            1645047623.021497,
            1645047623.323356,
            1645047623.3234,
            1645047623.323419,
            1645047623.323488,
            1645047623.329405,
            1645047623.329425,
            1645047623.331449,
            1645047623.331537,
            1645047623.331542,
            1645047623.331546,
            1645047623.331552,
            1645047623.332383,
            1645047623.332387,
            1645047623.332479,
            1645047623.332484,
            1645047623.33339,
            1645047623.333396,
            1645047623.333517,
            1645047623.333522,
            1645047623.33742,
            1645047623.337523,
            1645047623.337531,
            1645047623.338392,
            1645047623.338395,
            1645047623.338488,
            1645047623.338492
        ],
        "ps_list": [
            158,
            184,
            225,
            66,
            121,
            66,
            110,
            66,
            97,
            101,
            66,
            191,
            66,
            260,
            66,
            66,
            121,
            225,
            66,
            66,
            101,
            66,
            121,
            66,
            255,
            66,
            121,
            225,
            66,
            101,
            66,
            145,
            66,
            256,
            66,
            121,
            121,
            225,
            225,
            121,
            225,
            66,
            101,
            66,
            101,
            66,
            121,
            66,
            385,
            66,
            121,
            66,
            964,
            66,
            66,
            101,
            66,
            121,
            66,
            345,
            66
        ],
        "direction_list": [
            0,
            0,
            0,
            1,
            1,
            0,
            1,
            0,
            0,
            1,
            0,
            1,
            0,
            1,
            0,
            1,
            0,
            0,
            1,
            1,
            1,
            0,
            1,
            0,
            1,
            0,
            0,
            0,
            1,
            1,
            0,
            1,
            0,
            1,
            0,
            0,
            0,
            0,
            0,
            0,
            0,
            1,
            1,
            0,
            1,
            0,
            1,
            0,
            1,
            0,
            1,
            0,
            1,
            0,
            1,
            1,
            0,
            1,
            0,
            1,
            0
        ],
        "piat_list": [
            0.24390220642089844,
            0.1819133758544922,
            0.04506111145019531,
            8.424043655395508,
            0.09107589721679688,
            0.017881393432617188,
            0.0030994415283203125,
            0.003814697265625,
            0.07414817810058594,
            0.0019073486328125,
            0.012159347534179688,
            0.6649494171142578,
            0.0059604644775390625,
            0.09298324584960938,
            0.0040531158447265625,
            46.94795608520508,
            260.814905166626,
            0.050067901611328125,
            8.065938949584961,
            0.02002716064453125,
            0.15997886657714844,
            0.010967254638671875,
            1.020193099975586,
            0.0050067901611328125,
            0.0050067901611328125,
            0.003814697265625,
            65.71316719055176,
            0.04100799560546875,
            8.037805557250977,
            0.08821487426757812,
            0.007867813110351562,
            0.9090900421142578,
            0.007867813110351562,
            0.08606910705566406,
            0.0050067901611328125,
            301.85890197753906,
            0.04410743713378906,
            0.019073486328125,
            0.06890296936035156,
            5.917072296142578,
            0.02002716064453125,
            2.023935317993164,
            0.08797645568847656,
            0.0050067901611328125,
            0.0040531158447265625,
            0.0059604644775390625,
            0.8308887481689453,
            0.0040531158447265625,
            0.09202957153320312,
            0.0050067901611328125,
            0.9059906005859375,
            0.0059604644775390625,
            0.12111663818359375,
            0.0050067901611328125,
            3.8979053497314453,
            0.102996826171875,
            0.008106231689453125,
            0.8609294891357422,
            0.0030994415283203125,
            0.09298324584960938,
            0.003814697265625
        ]
    }
}