{
    "(2886734945, 3741648133, 38096, 443, 'tcp', 0)": {
        "ts_list": [
            1645047726.910027,
            1645047726.910208,
            1645047726.910231,
            1645047726.918669,
            1645047726.91869,
            1645047726.918795,
            1645047726.919329,
            1645047726.919336,
            1645047726.91934,
            1645047726.919527,
            1645047726.919531,
            1645047726.919628,
            1645047726.919632,
            1645047726.920458,
            1645047726.920464,
            1645047726.920473,
            1645047726.920477,
            1645047726.967545,
            1645047727.193921,
            1645047727.193956,
            1645047727.202447,
            1645047727.20247,
            1645047727.202625,
            1645047727.202637,
            1645047727.20344,
            1645047727.203447,
            1645047727.203452,
            1645047727.203456,
            1645047727.297467,
            1645047727.297498,
            1645047727.306528,
            1645047727.306608,
            1645047727.306619,
            1645047727.307515,
            1645047727.307532,
            1645047727.307542,
            1645047727.307546,
            1645047727.626467,
            1645047727.62652,
            1645047727.626533,
            1645047727.626649,
            1645047727.635456,
            1645047727.63554,
            1645047727.635549,
            1645047727.635554,
            1645047727.635558,
            1645047727.636575,
            1645047727.636581,
            1645047727.636583,
            1645047727.636588,
            1645047727.646486,
            1645047727.646508,
            1645047727.655607,
            1645047727.655625,
            1645047727.656425,
            1645047727.65646,
            1645047727.656525,
            1645047727.698797
        ],
        "ps_list": [
            158,
            184,
            225,
            121,
            66,
            97,
            66,
            101,
            66,
            97,
            66,
            101,
            66,
            190,
            66,
            260,
            66,
            66,
            121,
            225,
            66,
            66,
            101,
            66,
            145,
            66,
            255,
            66,
            121,
            225,
            66,
            101,
            66,
            122,
            66,
            256,
            66,
            121,
            121,
            225,
            225,
            66,
            101,
            66,
            101,
            66,
            451,
            66,
            964,
            66,
            121,
            225,
            66,
            101,
            122,
            66,
            345,
            66
        ],
        "direction_list": [
            0,
            0,
            0,
            1,
            0,
            0,
            1,
            1,
            0,
            1,
            0,
            1,
            0,
            1,
            0,
            1,
            0,
            1,
            0,
            0,
            1,
            1,
            1,
            0,
            1,
            0,
            1,
            0,
            0,
            0,
            1,
            1,
            0,
            1,
            0,
            1,
            0,
            0,
            0,
            0,
            0,
            1,
            1,
            0,
            1,
            0,
            1,
            0,
            1,
            0,
            0,
            0,
            1,
            1,
            1,
            0,
            1,
            0
        ],
        "piat_list": [
            0.23603439331054688,
            0.18095970153808594,
            0.023126602172851562,
            8.437871932983398,
            0.0209808349609375,
            0.10514259338378906,
            0.5338191986083984,
            0.007152557373046875,
            0.003814697265625,
            0.18715858459472656,
            0.0040531158447265625,
            0.09679794311523438,
            0.0040531158447265625,
            0.8261203765869141,
            0.0059604644775390625,
            0.009059906005859375,
            0.003814697265625,
            47.068119049072266,
            226.37605667114258,
            0.034809112548828125,
            8.491039276123047,
            0.023126602172851562,
            0.15497207641601562,
            0.011920928955078125,
            0.8029937744140625,
            0.007152557373046875,
            0.0050067901611328125,
            0.003814697265625,
            94.01106834411621,
            0.030994415283203125,
            9.03010368347168,
            0.07987022399902344,
            0.010967254638671875,
            0.8959770202636719,
            0.0171661376953125,
            0.010013580322265625,
            0.003814697265625,
            318.9210891723633,
            0.052928924560546875,
            0.013113021850585938,
            0.11587142944335938,
            8.807182312011719,
            0.08392333984375,
            0.009059906005859375,
            0.0050067901611328125,
            0.003814697265625,
            1.0170936584472656,
            0.0059604644775390625,
            0.0021457672119140625,
            0.0050067901611328125,
            9.897947311401367,
            0.02193450927734375,
            9.099006652832031,
            0.01811981201171875,
            0.7998943328857422,
            0.03504753112792969,
            0.064849853515625,
            42.272090911865234
        ]
    }
}