{
    "(2886734945, 3741713926, 60336, 443, 'tcp', 0)": {
        "ts_list": [
            1645082138.020185,
            1645082138.020354,
            1645082138.020381,
            1645082138.048714,
            1645082138.048741,
            1645082138.048752,
            1645082138.048761,
            1645082138.048765,
            1645082138.048773,
            1645082138.048777,
            1645082138.048968,
            1645082138.049738,
            1645082138.049742,
            1645082138.049837,
            1645082138.049842,
            1645082138.117674,
            1645082138.262868,
            1645082138.262908,
            1645082138.291689,
            1645082138.29171,
            1645082138.291713,
            1645082138.291724,
            1645082138.292762,
            1645082138.292765,
            1645082138.292771,
            1645082138.292776,
            1645082138.382233,
            1645082138.382283,
            1645082138.410876,
            1645082138.410955,
            1645082138.410965,
            1645082138.411651,
            1645082138.411662,
            1645082138.41167,
            1645082138.411674,
            1645082138.584932,
            1645082138.584967,
            1645082138.613711,
            1645082138.613787,
            1645082138.613796,
            1645082138.61481,
            1645082138.614815,
            1645082138.61482,
            1645082138.614824,
            1645082138.885296,
            1645082138.885321,
            1645082138.913713,
            1645082138.913799,
            1645082138.913807,
            1645082138.914808,
            1645082138.914818,
            1645082138.914957,
            1645082138.914961
        ],
        "ps_list": [
            158,
            184,
            225,
            66,
            121,
            66,
            110,
            66,
            101,
            66,
            97,
            191,
            66,
            260,
            66,
            66,
            121,
            225,
            66,
            66,
            101,
            66,
            122,
            66,
            255,
            66,
            121,
            225,
            66,
            101,
            66,
            121,
            66,
            249,
            66,
            121,
            225,
            66,
            101,
            66,
            121,
            66,
            344,
            66,
            121,
            225,
            66,
            101,
            66,
            121,
            66,
            1215,
            66
        ],
        "direction_list": [
            0,
            0,
            0,
            1,
            1,
            0,
            1,
            0,
            1,
            0,
            0,
            1,
            0,
            1,
            0,
            1,
            0,
            0,
            1,
            1,
            1,
            0,
            1,
            0,
            1,
            0,
            0,
            0,
            1,
            1,
            0,
            1,
            0,
            1,
            0,
            0,
            0,
            1,
            1,
            0,
            1,
            0,
            1,
            0,
            0,
            0,
            1,
            1,
            0,
            1,
            0,
            1,
            0
        ],
        "piat_list": [
            0.3070831298828125,
            0.1690387725830078,
            0.026941299438476562,
            28.332948684692383,
            0.027179718017578125,
            0.010967254638671875,
            0.008821487426757812,
            0.0040531158447265625,
            0.008106231689453125,
            0.0040531158447265625,
            0.19097328186035156,
            0.7698535919189453,
            0.0040531158447265625,
            0.09512901306152344,
            0.00476837158203125,
            67.83223152160645,
            145.19381523132324,
            0.0400543212890625,
            28.78093719482422,
            0.0209808349609375,
            0.0030994415283203125,
            0.010967254638671875,
            1.0380744934082031,
            0.00286102294921875,
            0.006198883056640625,
            0.0050067901611328125,
            89.45679664611816,
            0.050067901611328125,
            28.593063354492188,
            0.07891654968261719,
            0.010013580322265625,
            0.6859302520751953,
            0.011205673217773438,
            0.007867813110351562,
            0.0040531158447265625,
            173.25806617736816,
            0.034809112548828125,
            28.744220733642578,
            0.07581710815429688,
            0.009059906005859375,
            1.0139942169189453,
            0.0050067901611328125,
            0.0050067901611328125,
            0.0040531158447265625,
            270.47204971313477,
            0.0247955322265625,
            28.39207649230957,
            0.08606910705566406,
            0.007867813110351562,
            1.001119613647461,
            0.010013580322265625,
            0.13899803161621094,
            0.0040531158447265625
        ]
    }
}