{
    "(2886734945, 3741713926, 40426, 443, 'tcp', 0)": {
        "ts_list": [
            1644882245.067778,
            1644882245.067944,
            1644882245.067965,
            1644882245.096076,
            1644882245.0961,
            1644882245.096113,
            1644882245.096123,
            1644882245.096126,
            1644882245.096236,
            1644882245.096304,
            1644882245.096308,
            1644882245.097118,
            1644882245.097123,
            1644882245.097218,
            1644882245.097222,
            1644882245.164117,
            1644882245.308733,
            1644882245.30877,
            1644882245.337084,
            1644882245.337102,
            1644882245.337161,
            1644882245.337171,
            1644882245.337978,
            1644882245.337991,
            1644882245.338008,
            1644882245.338013,
            1644882245.372613,
            1644882245.372638,
            1644882245.373983,
            1644882245.374007,
            1644882245.401072,
            1644882245.401089,
            1644882245.402012,
            1644882245.402106,
            1644882245.40212,
            1644882245.402146,
            1644882245.403153,
            1644882245.403171,
            1644882245.403194,
            1644882245.616513,
            1644882245.616544,
            1644882245.645045,
            1644882245.645072,
            1644882245.646061,
            1644882245.646161,
            1644882245.647083,
            1644882245.839119,
            1644882245.839193,
            1644882245.839292,
            1644882245.839308,
            1644882245.867144,
            1644882245.867169,
            1644882245.868047,
            1644882245.868051,
            1644882245.868084,
            1644882245.868145,
            1644882245.86815,
            1644882245.868165,
            1644882245.869084,
            1644882245.86909,
            1644882245.86911
        ],
        "ps_list": [
            158,
            184,
            225,
            66,
            121,
            66,
            110,
            66,
            97,
            101,
            66,
            190,
            66,
            260,
            66,
            66,
            121,
            225,
            66,
            66,
            101,
            66,
            122,
            66,
            255,
            66,
            121,
            225,
            121,
            225,
            66,
            101,
            66,
            135,
            253,
            66,
            121,
            257,
            66,
            121,
            225,
            66,
            101,
            121,
            297,
            66,
            121,
            225,
            121,
            225,
            66,
            101,
            66,
            101,
            66,
            121,
            332,
            66,
            121,
            652,
            66
        ],
        "direction_list": [
            0,
            0,
            0,
            1,
            1,
            0,
            1,
            0,
            0,
            1,
            0,
            1,
            0,
            1,
            0,
            1,
            0,
            0,
            1,
            1,
            1,
            0,
            1,
            0,
            1,
            0,
            0,
            0,
            0,
            0,
            1,
            1,
            1,
            1,
            1,
            0,
            1,
            1,
            0,
            0,
            0,
            1,
            1,
            1,
            1,
            0,
            0,
            0,
            0,
            0,
            1,
            1,
            1,
            1,
            0,
            1,
            1,
            0,
            1,
            1,
            0
        ],
        "piat_list": [
            0.2732276916503906,
            0.1659393310546875,
            0.0209808349609375,
            28.110980987548828,
            0.024080276489257812,
            0.012874603271484375,
            0.010013580322265625,
            0.0030994415283203125,
            0.10991096496582031,
            0.06794929504394531,
            0.0040531158447265625,
            0.8099079132080078,
            0.0050067901611328125,
            0.09512901306152344,
            0.0040531158447265625,
            66.8950080871582,
            144.61588859558105,
            0.03695487976074219,
            28.31411361694336,
            0.017881393432617188,
            0.0591278076171875,
            0.010013580322265625,
            0.8068084716796875,
            0.013113021850585938,
            0.016927719116210938,
            0.0050067901611328125,
            34.600019454956055,
            0.025033950805664062,
            1.344919204711914,
            0.024080276489257812,
            27.065038681030273,
            0.016927719116210938,
            0.92315673828125,
            0.09393692016601562,
            0.014066696166992188,
            0.025987625122070312,
            1.0068416595458984,
            0.01811981201171875,
            0.02288818359375,
            213.3190631866455,
            0.030994415283203125,
            28.501033782958984,
            0.026941299438476562,
            0.9889602661132812,
            0.10013580322265625,
            0.9219646453857422,
            192.03591346740723,
            0.07414817810058594,
            0.09894371032714844,
            0.015974044799804688,
            27.836084365844727,
            0.0247955322265625,
            0.8780956268310547,
            0.0040531158447265625,
            0.032901763916015625,
            0.06103515625,
            0.0050067901611328125,
            0.015020370483398438,
            0.9188652038574219,
            0.006198883056640625,
            0.02002716064453125
        ]
    }
}