{
    "(2886734945, 3741648133, 47204, 443, 'tcp', 0)": {
        "ts_list": [
            1644832436.147145,
            1644832436.1473,
            1644832436.147325,
            1644832436.15635,
            1644832436.156444,
            1644832436.156456,
            1644832436.156465,
            1644832436.156469,
            1644832436.156535,
            1644832436.15654,
            1644832436.156556,
            1644832436.157403,
            1644832436.157413,
            1644832436.157421,
            1644832436.157426,
            1644832436.205369,
            1644832436.433684,
            1644832436.433725,
            1644832436.443333,
            1644832436.443354,
            1644832436.443513,
            1644832436.443525,
            1644832436.444483,
            1644832436.444491,
            1644832436.444496,
            1644832436.4445,
            1644832436.551375,
            1644832436.551415,
            1644832436.561476,
            1644832436.561554,
            1644832436.561568,
            1644832436.562428,
            1644832436.56244,
            1644832436.562444,
            1644832436.562448
        ],
        "ps_list": [
            164,
            184,
            225,
            66,
            121,
            66,
            110,
            66,
            101,
            66,
            97,
            191,
            66,
            260,
            66,
            66,
            121,
            225,
            66,
            66,
            101,
            66,
            122,
            66,
            255,
            66,
            121,
            225,
            66,
            101,
            66,
            120,
            66,
            277,
            66
        ],
        "direction_list": [
            0,
            0,
            0,
            1,
            1,
            0,
            1,
            0,
            1,
            0,
            0,
            1,
            0,
            1,
            0,
            1,
            0,
            0,
            1,
            1,
            1,
            0,
            1,
            0,
            1,
            0,
            0,
            0,
            1,
            1,
            0,
            1,
            0,
            1,
            0
        ],
        "piat_list": [
            0.26297569274902344,
            0.15497207641601562,
            0.025033950805664062,
            9.024858474731445,
            0.09417533874511719,
            0.011920928955078125,
            0.009059906005859375,
            0.0040531158447265625,
            0.06580352783203125,
            0.0050067901611328125,
            0.015974044799804688,
            0.8471012115478516,
            0.010013580322265625,
            0.008106231689453125,
            0.0050067901611328125,
            47.9428768157959,
            228.3151149749756,
            0.04100799560546875,
            9.607791900634766,
            0.0209808349609375,
            0.1590251922607422,
            0.012159347534179688,
            0.9579658508300781,
            0.007867813110351562,
            0.0050067901611328125,
            0.0040531158447265625,
            106.87494277954102,
            0.0400543212890625,
            10.061025619506836,
            0.07796287536621094,
            0.014066696166992188,
            0.8599758148193359,
            0.011920928955078125,
            0.0040531158447265625,
            0.0040531158447265625
        ]
    }
}