{
    "(2886734945, 3741648133, 47258, 443, 'tcp', 0)": {
        "ts_list": [
            1644832619.678898,
            1644832619.679088,
            1644832619.679109,
            1644832619.688266,
            1644832619.688291,
            1644832619.688316,
            1644832619.68833,
            1644832619.688334,
            1644832619.688426,
            1644832619.688446,
            1644832619.688452,
            1644832619.689246,
            1644832619.689258,
            1644832619.68927,
            1644832619.689274,
            1644832619.737242,
            1644832619.968205,
            1644832619.96824,
            1644832619.977253,
            1644832619.977271,
            1644832619.977433,
            1644832619.977443,
            1644832619.978296,
            1644832619.978301,
            1644832619.978306,
            1644832619.97831,
            1644832620.028561,
            1644832620.02859,
            1644832620.037337,
            1644832620.037425,
            1644832620.037438,
            1644832620.038309,
            1644832620.03832,
            1644832620.03833,
            1644832620.038336
        ],
        "ps_list": [
            158,
            184,
            225,
            66,
            121,
            66,
            110,
            66,
            97,
            101,
            66,
            191,
            66,
            260,
            66,
            66,
            121,
            225,
            66,
            66,
            101,
            66,
            122,
            66,
            255,
            66,
            121,
            225,
            66,
            101,
            66,
            143,
            66,
            277,
            66
        ],
        "direction_list": [
            0,
            0,
            0,
            1,
            1,
            0,
            1,
            0,
            0,
            1,
            0,
            1,
            0,
            1,
            0,
            1,
            0,
            0,
            1,
            1,
            1,
            0,
            1,
            0,
            1,
            0,
            0,
            0,
            1,
            1,
            0,
            1,
            0,
            1,
            0
        ],
        "piat_list": [
            0.2620220184326172,
            0.1900196075439453,
            0.0209808349609375,
            9.156942367553711,
            0.025033950805664062,
            0.025033950805664062,
            0.013828277587890625,
            0.0040531158447265625,
            0.09202957153320312,
            0.02002716064453125,
            0.0059604644775390625,
            0.7939338684082031,
            0.012159347534179688,
            0.011920928955078125,
            0.0040531158447265625,
            47.96791076660156,
            230.96299171447754,
            0.03504753112792969,
            9.012937545776367,
            0.01811981201171875,
            0.16188621520996094,
            0.010013580322265625,
            0.8530616760253906,
            0.0050067901611328125,
            0.0050067901611328125,
            0.0040531158447265625,
            50.251007080078125,
            0.028848648071289062,
            8.747100830078125,
            0.08797645568847656,
            0.012874603271484375,
            0.8711814880371094,
            0.010967254638671875,
            0.010013580322265625,
            0.0059604644775390625
        ]
    }
}