{
    "(2886734945, 3741648133, 36214, 443, 'tcp', 0)": {
        "ts_list": [
            1645209508.804327,
            1645209508.804583,
            1645209508.80463,
            1645209508.81269,
            1645209508.812708,
            1645209508.812716,
            1645209508.812735,
            1645209508.812739,
            1645209508.812844,
            1645209508.813653,
            1645209508.813751,
            1645209508.813756,
            1645209508.814683,
            1645209508.814689,
            1645209508.814781,
            1645209508.814786,
            1645209508.861685,
            1645209509.12911,
            1645209509.129161,
            1645209509.137713,
            1645209509.13774,
            1645209509.137743,
            1645209509.137754,
            1645209509.138713,
            1645209509.138729,
            1645209509.138806,
            1645209509.138814,
            1645209509.234919,
            1645209509.234948,
            1645209509.236916,
            1645209509.236945,
            1645209509.243741,
            1645209509.243823,
            1645209509.243833,
            1645209509.244789,
            1645209509.244802,
            1645209509.244893,
            1645209509.244899,
            1645209509.246638,
            1645209509.246735,
            1645209509.246746,
            1645209509.247679,
            1645209509.247693,
            1645209509.247779,
            1645209509.247787,
            1645209510.819442,
            1645209510.819481,
            1645209510.827805,
            1645209510.831704,
            1645209510.83172,
            1645209510.833768,
            1645209510.833779,
            1645209510.833862,
            1645209510.833867,
            1645209510.88678,
            1645209510.88681,
            1645209510.896786,
            1645209510.896899,
            1645209510.896911,
            1645209510.898741,
            1645209510.898753,
            1645209510.898757,
            1645209510.89876,
            1645209511.00462,
            1645209511.004649,
            1645209511.013855,
            1645209511.013956
        ],
        "ps_list": [
            158,
            184,
            225,
            66,
            121,
            66,
            110,
            66,
            97,
            66,
            101,
            66,
            191,
            66,
            260,
            66,
            66,
            121,
            225,
            66,
            66,
            101,
            66,
            131,
            66,
            255,
            66,
            121,
            225,
            121,
            225,
            66,
            101,
            66,
            120,
            66,
            338,
            66,
            66,
            101,
            66,
            121,
            66,
            354,
            66,
            121,
            225,
            66,
            101,
            66,
            144,
            66,
            312,
            66,
            121,
            225,
            66,
            101,
            66,
            121,
            66,
            340,
            66,
            121,
            225,
            66,
            101
        ],
        "direction_list": [
            0,
            0,
            0,
            1,
            1,
            0,
            1,
            0,
            0,
            1,
            1,
            0,
            1,
            0,
            1,
            0,
            1,
            0,
            0,
            1,
            1,
            1,
            0,
            1,
            0,
            1,
            0,
            0,
            0,
            0,
            0,
            1,
            1,
            0,
            1,
            0,
            1,
            0,
            1,
            1,
            0,
            1,
            0,
            1,
            0,
            0,
            0,
            1,
            1,
            0,
            1,
            0,
            1,
            0,
            0,
            0,
            1,
            1,
            0,
            1,
            0,
            1,
            0,
            0,
            0,
            1,
            1
        ],
        "piat_list": [
            0.3299713134765625,
            0.2560615539550781,
            0.04696846008300781,
            8.059978485107422,
            0.017881393432617188,
            0.008106231689453125,
            0.019073486328125,
            0.003814697265625,
            0.10514259338378906,
            0.8089542388916016,
            0.09799003601074219,
            0.0050067901611328125,
            0.926971435546875,
            0.0059604644775390625,
            0.09202957153320312,
            0.0050067901611328125,
            46.89908027648926,
            267.4250602722168,
            0.05078315734863281,
            8.552074432373047,
            0.026941299438476562,
            0.0030994415283203125,
            0.010967254638671875,
            0.9589195251464844,
            0.01621246337890625,
            0.07700920104980469,
            0.007867813110351562,
            96.10509872436523,
            0.028848648071289062,
            1.9681453704833984,
            0.028848648071289062,
            6.796121597290039,
            0.0820159912109375,
            0.010013580322265625,
            0.9558200836181641,
            0.013113021850585938,
            0.09107589721679688,
            0.0059604644775390625,
            1.7390251159667969,
            0.09703636169433594,
            0.010967254638671875,
            0.9329319000244141,
            0.014066696166992188,
            0.0858306884765625,
            0.008106231689453125,
            1571.655035018921,
            0.03886222839355469,
            8.324146270751953,
            3.8988590240478516,
            0.01621246337890625,
            2.0477771759033203,
            0.011205673217773438,
            0.08296966552734375,
            0.0050067901611328125,
            52.91295051574707,
            0.030040740966796875,
            9.975910186767578,
            0.11301040649414062,
            0.011920928955078125,
            1.8301010131835938,
            0.011920928955078125,
            0.0040531158447265625,
            0.0030994415283203125,
            105.85999488830566,
            0.028848648071289062,
            9.206056594848633,
            0.1010894775390625
        ]
    }
}