{
    "(2886734945, 3741713926, 49718, 443, 'tcp', 0)": {
        "ts_list": [
            1645651980.965166,
            1645651980.965318,
            1645651980.965341,
            1645651980.991141,
            1645651980.991179,
            1645651980.99128,
            1645651980.992055,
            1645651980.992084,
            1645651980.992151,
            1645651980.992159,
            1645651980.992166,
            1645651980.992172,
            1645651980.993081,
            1645651980.993092,
            1645651980.993103,
            1645651980.99311,
            1645651981.058305,
            1645651981.318405,
            1645651981.318441,
            1645651981.345017,
            1645651981.345038,
            1645651981.345309,
            1645651981.345318,
            1645651981.346061,
            1645651981.346067,
            1645651981.346076,
            1645651981.346081,
            1645651981.426804,
            1645651981.426835,
            1645651981.453086,
            1645651981.453117,
            1645651981.45313,
            1645651981.454135,
            1645651981.454151,
            1645651981.454162,
            1645651981.454168,
            1645651981.744461,
            1645651981.744496,
            1645651981.771208,
            1645651981.771226,
            1645651981.771236,
            1645651981.772313,
            1645651981.772324,
            1645651981.772327,
            1645651981.772331,
            1645651982.076306,
            1645651982.076338,
            1645651982.103099,
            1645651982.103121,
            1645651982.103129,
            1645651982.104124,
            1645651982.10413,
            1645651982.104132,
            1645651982.104136
        ],
        "ps_list": [
            158,
            184,
            225,
            121,
            66,
            97,
            101,
            66,
            97,
            66,
            101,
            66,
            191,
            66,
            260,
            66,
            66,
            121,
            225,
            66,
            66,
            101,
            66,
            144,
            66,
            255,
            66,
            121,
            225,
            66,
            101,
            66,
            122,
            66,
            365,
            66,
            121,
            225,
            66,
            101,
            66,
            122,
            66,
            274,
            66,
            121,
            225,
            66,
            101,
            66,
            145,
            66,
            272,
            66
        ],
        "direction_list": [
            0,
            0,
            0,
            1,
            0,
            0,
            1,
            0,
            1,
            0,
            1,
            0,
            1,
            0,
            1,
            0,
            1,
            0,
            0,
            1,
            1,
            1,
            0,
            1,
            0,
            1,
            0,
            0,
            0,
            1,
            1,
            0,
            1,
            0,
            1,
            0,
            0,
            0,
            1,
            1,
            0,
            1,
            0,
            1,
            0,
            0,
            0,
            1,
            1,
            0,
            1,
            0,
            1,
            0
        ],
        "piat_list": [
            0.26798248291015625,
            0.1518726348876953,
            0.023126602172851562,
            25.799989700317383,
            0.03790855407714844,
            0.1010894775390625,
            0.7748603820800781,
            0.029087066650390625,
            0.06699562072753906,
            0.007867813110351562,
            0.007152557373046875,
            0.0059604644775390625,
            0.9090900421142578,
            0.010967254638671875,
            0.010967254638671875,
            0.0069141387939453125,
            65.19508361816406,
            260.0998878479004,
            0.03600120544433594,
            26.57604217529297,
            0.0209808349609375,
            0.27108192443847656,
            0.009059906005859375,
            0.7429122924804688,
            0.0059604644775390625,
            0.009059906005859375,
            0.0050067901611328125,
            80.72304725646973,
            0.030994415283203125,
            26.250839233398438,
            0.030994415283203125,
            0.013113021850585938,
            1.004934310913086,
            0.015974044799804688,
            0.010967254638671875,
            0.006198883056640625,
            290.29297828674316,
            0.03504753112792969,
            26.71194076538086,
            0.017881393432617188,
            0.010013580322265625,
            1.0771751403808594,
            0.010967254638671875,
            0.00286102294921875,
            0.0040531158447265625,
            303.97510528564453,
            0.031948089599609375,
            26.76105499267578,
            0.02193450927734375,
            0.007867813110351562,
            0.9951591491699219,
            0.0059604644775390625,
            0.0019073486328125,
            0.0040531158447265625
        ]
    }
}