{
    "(2886734945, 3741713926, 49852, 443, 'tcp', 0)": {
        "ts_list": [
            1645652160.997364,
            1645652160.997539,
            1645652160.997562,
            1645652161.021201,
            1645652161.021236,
            1645652161.021255,
            1645652161.021261,
            1645652161.021351,
            1645652161.021385,
            1645652161.021392,
            1645652161.021486,
            1645652161.021497,
            1645652161.021501,
            1645652161.021586,
            1645652161.02159,
            1645652161.021599,
            1645652161.021603,
            1645652161.084293,
            1645652161.31772,
            1645652161.317757,
            1645652161.341582,
            1645652161.341601,
            1645652161.341657,
            1645652161.341666,
            1645652161.341677,
            1645652161.341682,
            1645652161.341857,
            1645652161.341861,
            1645652161.405101,
            1645652161.405127,
            1645652161.429161,
            1645652161.429193,
            1645652161.429206,
            1645652161.429238,
            1645652161.429243,
            1645652161.429334,
            1645652161.42934,
            1645652161.721213,
            1645652161.721254,
            1645652161.745163,
            1645652161.745191,
            1645652161.745201,
            1645652161.745211,
            1645652161.745215,
            1645652161.745337,
            1645652161.745344,
            1645652162.075185,
            1645652162.075223,
            1645652162.099193,
            1645652162.099216,
            1645652162.099227,
            1645652162.099371,
            1645652162.099377,
            1645652162.099384,
            1645652162.099389
        ],
        "ps_list": [
            158,
            184,
            225,
            121,
            66,
            101,
            66,
            97,
            97,
            66,
            66,
            101,
            66,
            191,
            66,
            260,
            66,
            66,
            121,
            225,
            66,
            66,
            101,
            66,
            145,
            66,
            255,
            66,
            121,
            225,
            66,
            101,
            66,
            121,
            66,
            365,
            66,
            121,
            225,
            66,
            101,
            66,
            122,
            66,
            274,
            66,
            121,
            225,
            66,
            101,
            66,
            144,
            66,
            272,
            66
        ],
        "direction_list": [
            0,
            0,
            0,
            1,
            0,
            1,
            0,
            0,
            1,
            0,
            1,
            1,
            0,
            1,
            0,
            1,
            0,
            1,
            0,
            0,
            1,
            1,
            1,
            0,
            1,
            0,
            1,
            0,
            0,
            0,
            1,
            1,
            0,
            1,
            0,
            1,
            0,
            0,
            0,
            1,
            1,
            0,
            1,
            0,
            1,
            0,
            0,
            0,
            1,
            1,
            0,
            1,
            0,
            1,
            0
        ],
        "piat_list": [
            0.2880096435546875,
            0.17499923706054688,
            0.02288818359375,
            23.63896369934082,
            0.03504753112792969,
            0.019073486328125,
            0.0059604644775390625,
            0.09012222290039062,
            0.033855438232421875,
            0.007152557373046875,
            0.09393692016601562,
            0.010967254638671875,
            0.0040531158447265625,
            0.08487701416015625,
            0.0040531158447265625,
            0.009059906005859375,
            0.0040531158447265625,
            62.689781188964844,
            233.4270477294922,
            0.03695487976074219,
            23.82516860961914,
            0.018835067749023438,
            0.05602836608886719,
            0.009059906005859375,
            0.010967254638671875,
            0.0050067901611328125,
            0.17499923706054688,
            0.0040531158447265625,
            63.24005126953125,
            0.025987625122070312,
            24.03402328491211,
            0.031948089599609375,
            0.012874603271484375,
            0.03218650817871094,
            0.0050067901611328125,
            0.09083747863769531,
            0.0059604644775390625,
            291.8732166290283,
            0.04100799560546875,
            23.90885353088379,
            0.028133392333984375,
            0.010013580322265625,
            0.009775161743164062,
            0.0040531158447265625,
            0.1220703125,
            0.0069141387939453125,
            329.84113693237305,
            0.03790855407714844,
            23.97012710571289,
            0.02288818359375,
            0.010967254638671875,
            0.14400482177734375,
            0.0059604644775390625,
            0.007152557373046875,
            0.0050067901611328125
        ]
    }
}