{
    "(2886734945, 3741648133, 59224, 443, 'tcp', 0)": {
        "ts_list": [
            1645037429.294701,
            1645037429.294964,
            1645037429.295008,
            1645037429.303346,
            1645037429.303375,
            1645037429.303385,
            1645037429.303504,
            1645037429.303506,
            1645037429.303518,
            1645037429.303604,
            1645037429.303609,
            1645037429.304343,
            1645037429.304347,
            1645037429.304472,
            1645037429.304476,
            1645037429.351406,
            1645037429.627486,
            1645037429.627535,
            1645037429.637408,
            1645037429.637434,
            1645037429.637674,
            1645037429.637687,
            1645037429.639225,
            1645037429.63923,
            1645037429.639324,
            1645037429.639329,
            1645037429.734559,
            1645037429.734593,
            1645037429.736307,
            1645037429.736328,
            1645037429.743395,
            1645037429.743462,
            1645037429.743474,
            1645037429.744353,
            1645037429.744452,
            1645037429.744457,
            1645037429.744462,
            1645037429.744466,
            1645037429.747017,
            1645037429.747026,
            1645037429.747115,
            1645037429.747119,
            1645037431.593982,
            1645037431.594021,
            1645037431.602403,
            1645037431.602489,
            1645037431.602499,
            1645037431.603336,
            1645037431.603341,
            1645037431.603435,
            1645037431.603439
        ],
        "ps_list": [
            158,
            184,
            225,
            66,
            121,
            66,
            110,
            97,
            66,
            101,
            66,
            191,
            66,
            260,
            66,
            66,
            121,
            225,
            66,
            66,
            101,
            66,
            122,
            66,
            255,
            66,
            121,
            225,
            121,
            225,
            66,
            101,
            66,
            66,
            136,
            66,
            252,
            66,
            119,
            66,
            304,
            66,
            121,
            225,
            66,
            101,
            66,
            143,
            66,
            529,
            66
        ],
        "direction_list": [
            0,
            0,
            0,
            1,
            1,
            0,
            1,
            0,
            0,
            1,
            0,
            1,
            0,
            1,
            0,
            1,
            0,
            0,
            1,
            1,
            1,
            0,
            1,
            0,
            1,
            0,
            0,
            0,
            0,
            0,
            1,
            1,
            0,
            1,
            1,
            0,
            1,
            0,
            1,
            0,
            1,
            0,
            0,
            0,
            1,
            1,
            0,
            1,
            0,
            1,
            0
        ],
        "piat_list": [
            0.2830028533935547,
            0.26297569274902344,
            0.0438690185546875,
            8.337974548339844,
            0.029087066650390625,
            0.010013580322265625,
            0.11897087097167969,
            0.0019073486328125,
            0.012159347534179688,
            0.0858306884765625,
            0.0050067901611328125,
            0.7340908050537109,
            0.0040531158447265625,
            0.12493133544921875,
            0.0040531158447265625,
            46.93007469177246,
            276.0798931121826,
            0.049114227294921875,
            9.872913360595703,
            0.025987625122070312,
            0.24008750915527344,
            0.012874603271484375,
            1.5380382537841797,
            0.0050067901611328125,
            0.09393692016601562,
            0.0050067901611328125,
            95.2301025390625,
            0.033855438232421875,
            1.7139911651611328,
            0.0209808349609375,
            7.067203521728516,
            0.06699562072753906,
            0.011920928955078125,
            0.8790493011474609,
            0.09894371032714844,
            0.0050067901611328125,
            0.0050067901611328125,
            0.0040531158447265625,
            2.550840377807617,
            0.009059906005859375,
            0.08893013000488281,
            0.0040531158447265625,
            1846.863031387329,
            0.03910064697265625,
            8.381843566894531,
            0.08606910705566406,
            0.010013580322265625,
            0.8370876312255859,
            0.0050067901611328125,
            0.09393692016601562,
            0.0040531158447265625
        ]
    }
}