{
    "(2886734945, 3741648133, 55720, 443, 'tcp', 0)": {
        "ts_list": [
            1645614227.376604,
            1645614227.37679,
            1645614227.376817,
            1645614227.386584,
            1645614227.386609,
            1645614227.38662,
            1645614227.386633,
            1645614227.386639,
            1645614227.386717,
            1645614227.395658,
            1645614227.395686,
            1645614227.3957,
            1645614227.396476,
            1645614227.396482,
            1645614227.396577,
            1645614227.396581,
            1645614227.712963,
            1645614227.712999,
            1645614227.72244,
            1645614227.722574,
            1645614227.722587,
            1645614227.723517,
            1645614227.723523,
            1645614227.723528,
            1645614227.723532,
            1645614227.790905,
            1645614227.790936,
            1645614227.800679,
            1645614227.800699,
            1645614227.800709,
            1645614227.801473,
            1645614227.80148,
            1645614227.80149,
            1645614227.801494,
            1645614227.892115,
            1645614227.892137,
            1645614227.90163,
            1645614227.901721,
            1645614227.901732,
            1645614227.902425,
            1645614227.902432,
            1645614227.902438,
            1645614227.902442,
            1645614228.344462,
            1645614228.344495,
            1645614228.355117,
            1645614228.355134,
            1645614228.355145,
            1645614228.355299,
            1645614228.355303,
            1645614228.355309,
            1645614228.355312
        ],
        "ps_list": [
            164,
            184,
            225,
            66,
            121,
            66,
            110,
            66,
            97,
            66,
            101,
            66,
            191,
            66,
            260,
            66,
            121,
            225,
            66,
            101,
            66,
            121,
            66,
            255,
            66,
            121,
            225,
            66,
            101,
            66,
            122,
            66,
            252,
            66,
            121,
            225,
            66,
            101,
            66,
            108,
            66,
            256,
            66,
            121,
            225,
            66,
            101,
            66,
            144,
            66,
            297,
            66
        ],
        "direction_list": [
            0,
            0,
            0,
            1,
            1,
            0,
            1,
            0,
            0,
            1,
            1,
            0,
            1,
            0,
            1,
            0,
            0,
            0,
            1,
            1,
            0,
            1,
            0,
            1,
            0,
            0,
            0,
            1,
            1,
            0,
            1,
            0,
            1,
            0,
            0,
            0,
            1,
            1,
            0,
            1,
            0,
            1,
            0,
            0,
            0,
            1,
            1,
            0,
            1,
            0,
            1,
            0
        ],
        "piat_list": [
            0.26607513427734375,
            0.18596649169921875,
            0.026941299438476562,
            9.76705551147461,
            0.025033950805664062,
            0.010967254638671875,
            0.012874603271484375,
            0.006198883056640625,
            0.07796287536621094,
            8.940935134887695,
            0.027894973754882812,
            0.014066696166992188,
            0.7760524749755859,
            0.0059604644775390625,
            0.09489059448242188,
            0.0040531158447265625,
            316.38216972351074,
            0.03600120544433594,
            9.440898895263672,
            0.13399124145507812,
            0.013113021850585938,
            0.9298324584960938,
            0.0059604644775390625,
            0.0050067901611328125,
            0.0040531158447265625,
            67.37303733825684,
            0.030994415283203125,
            9.742975234985352,
            0.02002716064453125,
            0.010013580322265625,
            0.7638931274414062,
            0.007152557373046875,
            0.010013580322265625,
            0.003814697265625,
            90.6212329864502,
            0.02193450927734375,
            9.492874145507812,
            0.09107589721679688,
            0.010967254638671875,
            0.6930828094482422,
            0.0069141387939453125,
            0.0059604644775390625,
            0.0040531158447265625,
            442.0199394226074,
            0.03314018249511719,
            10.622024536132812,
            0.016927719116210938,
            0.010967254638671875,
            0.15401840209960938,
            0.0040531158447265625,
            0.0059604644775390625,
            0.0030994415283203125
        ]
    }
}