{
    "(2886734945, 3741648133, 45024, 443, 'tcp', 0)": {
        "ts_list": [
            1645592924.069628,
            1645592924.069805,
            1645592924.069829,
            1645592924.078886,
            1645592924.078916,
            1645592924.079094,
            1645592924.079099,
            1645592924.079194,
            1645592924.079198,
            1645592924.079296,
            1645592924.079309,
            1645592924.07932,
            1645592924.079324,
            1645592924.079397,
            1645592924.0794,
            1645592924.080033,
            1645592924.128488,
            1645592924.423281,
            1645592924.423316,
            1645592924.432476,
            1645592924.432501,
            1645592924.432654,
            1645592924.432665,
            1645592924.432676,
            1645592924.432679,
            1645592924.432683,
            1645592924.432686,
            1645592924.582949,
            1645592924.582977,
            1645592924.592237,
            1645592924.592267
        ],
        "ps_list": [
            158,
            184,
            225,
            121,
            66,
            101,
            66,
            97,
            66,
            101,
            66,
            190,
            66,
            260,
            66,
            97,
            66,
            121,
            225,
            66,
            66,
            101,
            66,
            121,
            66,
            255,
            66,
            121,
            225,
            66,
            101
        ],
        "direction_list": [
            0,
            0,
            0,
            1,
            0,
            1,
            0,
            1,
            0,
            1,
            0,
            1,
            0,
            1,
            0,
            0,
            1,
            0,
            0,
            1,
            1,
            1,
            0,
            1,
            0,
            1,
            0,
            0,
            0,
            1,
            1
        ],
        "piat_list": [
            0.2779960632324219,
            0.17690658569335938,
            0.024080276489257812,
            9.057044982910156,
            0.030040740966796875,
            0.17786026000976562,
            0.0050067901611328125,
            0.09512901306152344,
            0.003814697265625,
            0.09822845458984375,
            0.012874603271484375,
            0.010967254638671875,
            0.0040531158447265625,
            0.07295608520507812,
            0.0030994415283203125,
            0.6330013275146484,
            48.454999923706055,
            294.79289054870605,
            0.03504753112792969,
            9.160041809082031,
            0.025033950805664062,
            0.15282630920410156,
            0.011205673217773438,
            0.010967254638671875,
            0.00286102294921875,
            0.0040531158447265625,
            0.0030994415283203125,
            150.26283264160156,
            0.028133392333984375,
            9.259939193725586,
            0.030040740966796875
        ]
    }
}