{
    "(2886734945, 3741648133, 45216, 443, 'tcp', 0)": {
        "ts_list": [
            1645593226.337282,
            1645593226.337511,
            1645593226.337537,
            1645593226.346016,
            1645593226.34604,
            1645593226.34605,
            1645593226.346074,
            1645593226.346078,
            1645593226.346184,
            1645593226.346194,
            1645593226.346198,
            1645593226.347,
            1645593226.347005,
            1645593226.347014,
            1645593226.347018,
            1645593226.394027,
            1645593226.668106,
            1645593226.668139,
            1645593226.676115,
            1645593226.676147,
            1645593226.676292,
            1645593226.676306,
            1645593226.67703,
            1645593226.677034,
            1645593226.677042,
            1645593226.677045,
            1645593226.790343,
            1645593226.790377,
            1645593226.799046,
            1645593226.799195
        ],
        "ps_list": [
            158,
            184,
            225,
            66,
            121,
            66,
            110,
            66,
            97,
            101,
            66,
            190,
            66,
            260,
            66,
            66,
            121,
            225,
            66,
            66,
            101,
            66,
            121,
            66,
            255,
            66,
            121,
            225,
            66,
            101
        ],
        "direction_list": [
            0,
            0,
            0,
            1,
            1,
            0,
            1,
            0,
            0,
            1,
            0,
            1,
            0,
            1,
            0,
            1,
            0,
            0,
            1,
            1,
            1,
            0,
            1,
            0,
            1,
            0,
            0,
            0,
            1,
            1
        ],
        "piat_list": [
            0.2639293670654297,
            0.22912025451660156,
            0.025987625122070312,
            8.478879928588867,
            0.024080276489257812,
            0.010013580322265625,
            0.024080276489257812,
            0.003814697265625,
            0.10609626770019531,
            0.010013580322265625,
            0.0040531158447265625,
            0.8018016815185547,
            0.0050067901611328125,
            0.009059906005859375,
            0.0040531158447265625,
            47.00899124145508,
            274.0790843963623,
            0.032901763916015625,
            7.976055145263672,
            0.031948089599609375,
            0.14495849609375,
            0.014066696166992188,
            0.7240772247314453,
            0.003814697265625,
            0.008106231689453125,
            0.0030994415283203125,
            113.29793930053711,
            0.033855438232421875,
            8.669137954711914,
            0.14901161193847656
        ]
    }
}