{
    "(2886734945, 3741648133, 43980, 443, 'tcp', 0)": {
        "ts_list": [
            1645388730.861409,
            1645388730.861571,
            1645388730.861597,
            1645388730.86999,
            1645388730.870008,
            1645388730.870015,
            1645388730.870034,
            1645388730.870038,
            1645388730.870176,
            1645388730.87018,
            1645388730.87093,
            1645388730.870976,
            1645388730.870987,
            1645388730.871,
            1645388730.871004,
            1645388730.920016,
            1645388731.152968,
            1645388731.153005,
            1645388731.160936,
            1645388731.160955,
            1645388731.161143,
            1645388731.161153,
            1645388731.162037,
            1645388731.162042,
            1645388731.162047,
            1645388731.162053,
            1645388731.257333,
            1645388731.257363,
            1645388731.259442,
            1645388731.259467,
            1645388731.266027,
            1645388731.266052,
            1645388731.266061,
            1645388731.266999,
            1645388731.267014,
            1645388731.267027,
            1645388731.267032,
            1645388731.267973,
            1645388731.267983,
            1645388731.267989,
            1645388731.26897,
            1645388731.268975,
            1645388731.268982,
            1645388731.268985
        ],
        "ps_list": [
            158,
            184,
            225,
            66,
            121,
            66,
            110,
            66,
            101,
            66,
            97,
            190,
            66,
            260,
            66,
            66,
            121,
            225,
            66,
            66,
            101,
            66,
            144,
            66,
            255,
            66,
            121,
            225,
            121,
            225,
            66,
            101,
            66,
            120,
            66,
            611,
            66,
            66,
            101,
            66,
            108,
            66,
            651,
            66
        ],
        "direction_list": [
            0,
            0,
            0,
            1,
            1,
            0,
            1,
            0,
            1,
            0,
            0,
            1,
            0,
            1,
            0,
            1,
            0,
            0,
            1,
            1,
            1,
            0,
            1,
            0,
            1,
            0,
            0,
            0,
            0,
            0,
            1,
            1,
            0,
            1,
            0,
            1,
            0,
            1,
            1,
            0,
            1,
            0,
            1,
            0
        ],
        "piat_list": [
            0.2548694610595703,
            0.1621246337890625,
            0.025987625122070312,
            8.393049240112305,
            0.017881393432617188,
            0.0069141387939453125,
            0.019073486328125,
            0.0040531158447265625,
            0.1380443572998047,
            0.003814697265625,
            0.7500648498535156,
            0.04601478576660156,
            0.010967254638671875,
            0.013113021850585938,
            0.0040531158447265625,
            49.011945724487305,
            232.95187950134277,
            0.03695487976074219,
            7.931232452392578,
            0.018835067749023438,
            0.1881122589111328,
            0.010013580322265625,
            0.8838176727294922,
            0.0050067901611328125,
            0.0050067901611328125,
            0.006198883056640625,
            95.27993202209473,
            0.030040740966796875,
            2.079010009765625,
            0.0247955322265625,
            6.560087203979492,
            0.025033950805664062,
            0.009059906005859375,
            0.9379386901855469,
            0.015020370483398438,
            0.012874603271484375,
            0.0050067901611328125,
            0.9410381317138672,
            0.010013580322265625,
            0.0059604644775390625,
            0.9810924530029297,
            0.0050067901611328125,
            0.0069141387939453125,
            0.0030994415283203125
        ]
    }
}