{
    "(2886734945, 3741648133, 44124, 443, 'tcp', 0)": {
        "ts_list": [
            1645389161.443105,
            1645389161.443284,
            1645389161.443319,
            1645389161.451735,
            1645389161.451758,
            1645389161.451875,
            1645389161.452644,
            1645389161.452654,
            1645389161.452659,
            1645389161.452741,
            1645389161.452747,
            1645389161.452754,
            1645389161.452759,
            1645389161.45377,
            1645389161.453774,
            1645389161.45378,
            1645389161.453784,
            1645389161.50071,
            1645389161.770123,
            1645389161.77016,
            1645389161.778576,
            1645389161.778601,
            1645389161.778761,
            1645389161.778773,
            1645389161.779674,
            1645389161.779679,
            1645389161.779685,
            1645389161.77969,
            1645389161.862436,
            1645389161.86247,
            1645389161.8716,
            1645389161.871626,
            1645389161.87174,
            1645389161.871823,
            1645389161.871834,
            1645389161.872709,
            1645389161.872725,
            1645389161.872736,
            1645389161.87274,
            1645389161.880751,
            1645389161.880768,
            1645389161.880776,
            1645389161.881686,
            1645389161.881691,
            1645389161.881792,
            1645389161.881796
        ],
        "ps_list": [
            158,
            184,
            225,
            121,
            66,
            97,
            66,
            101,
            66,
            97,
            66,
            101,
            66,
            191,
            66,
            260,
            66,
            66,
            121,
            225,
            66,
            66,
            101,
            66,
            121,
            66,
            255,
            66,
            121,
            225,
            121,
            225,
            66,
            101,
            66,
            119,
            66,
            317,
            66,
            66,
            101,
            66,
            121,
            66,
            651,
            66
        ],
        "direction_list": [
            0,
            0,
            0,
            1,
            0,
            0,
            1,
            1,
            0,
            1,
            0,
            1,
            0,
            1,
            0,
            1,
            0,
            1,
            0,
            0,
            1,
            1,
            1,
            0,
            1,
            0,
            1,
            0,
            0,
            0,
            0,
            0,
            1,
            1,
            0,
            1,
            0,
            1,
            0,
            1,
            1,
            0,
            1,
            0,
            1,
            0
        ],
        "piat_list": [
            0.2620220184326172,
            0.17905235290527344,
            0.03504753112792969,
            8.415937423706055,
            0.02288818359375,
            0.11706352233886719,
            0.7691383361816406,
            0.009775161743164062,
            0.0050067901611328125,
            0.0820159912109375,
            0.006198883056640625,
            0.0069141387939453125,
            0.0050067901611328125,
            1.010894775390625,
            0.0040531158447265625,
            0.0059604644775390625,
            0.0040531158447265625,
            46.926021575927734,
            269.4129943847656,
            0.03695487976074219,
            8.415937423706055,
            0.025033950805664062,
            0.15997886657714844,
            0.012159347534179688,
            0.9009838104248047,
            0.0050067901611328125,
            0.0059604644775390625,
            0.0050067901611328125,
            82.74602890014648,
            0.033855438232421875,
            9.130001068115234,
            0.025987625122070312,
            0.11420249938964844,
            0.08296966552734375,
            0.010967254638671875,
            0.8749961853027344,
            0.015974044799804688,
            0.010967254638671875,
            0.0040531158447265625,
            8.0108642578125,
            0.0171661376953125,
            0.007867813110351562,
            0.9100437164306641,
            0.0050067901611328125,
            0.1010894775390625,
            0.003814697265625
        ]
    }
}