{
    "(2886734945, 3741648133, 49372, 443, 'tcp', 0)": {
        "ts_list": [
            1645532146.518657,
            1645532146.518871,
            1645532146.518893,
            1645532146.527012,
            1645532146.527036,
            1645532146.527046,
            1645532146.527061,
            1645532146.527066,
            1645532146.527127,
            1645532146.527194,
            1645532146.527199,
            1645532146.528049,
            1645532146.528057,
            1645532146.528184,
            1645532146.528189,
            1645532146.574856,
            1645532146.855759,
            1645532146.855795,
            1645532146.863942,
            1645532146.863975,
            1645532146.864117,
            1645532146.86413,
            1645532146.864953,
            1645532146.864958,
            1645532146.865063,
            1645532146.865067,
            1645532146.971216,
            1645532146.971245,
            1645532146.979009,
            1645532146.979981,
            1645532146.98,
            1645532146.981602,
            1645532146.981614,
            1645532146.981701,
            1645532146.981706
        ],
        "ps_list": [
            158,
            184,
            225,
            66,
            121,
            66,
            110,
            66,
            97,
            101,
            66,
            190,
            66,
            260,
            66,
            66,
            121,
            225,
            66,
            66,
            101,
            66,
            121,
            66,
            255,
            66,
            121,
            225,
            66,
            101,
            66,
            122,
            66,
            253,
            66
        ],
        "direction_list": [
            0,
            0,
            0,
            1,
            1,
            0,
            1,
            0,
            0,
            1,
            0,
            1,
            0,
            1,
            0,
            1,
            0,
            0,
            1,
            1,
            1,
            0,
            1,
            0,
            1,
            0,
            0,
            0,
            1,
            1,
            0,
            1,
            0,
            1,
            0
        ],
        "piat_list": [
            0.2560615539550781,
            0.21409988403320312,
            0.02193450927734375,
            8.11910629272461,
            0.02384185791015625,
            0.010013580322265625,
            0.015020370483398438,
            0.0050067901611328125,
            0.06103515625,
            0.06699562072753906,
            0.0050067901611328125,
            0.8499622344970703,
            0.008106231689453125,
            0.12683868408203125,
            0.0050067901611328125,
            46.66709899902344,
            280.9028625488281,
            0.03600120544433594,
            8.147001266479492,
            0.03314018249511719,
            0.1418590545654297,
            0.013113021850585938,
            0.8230209350585938,
            0.0050067901611328125,
            0.1049041748046875,
            0.0040531158447265625,
            106.14895820617676,
            0.029087066650390625,
            7.763862609863281,
            0.9720325469970703,
            0.019073486328125,
            1.6019344329833984,
            0.012159347534179688,
            0.08678436279296875,
            0.0050067901611328125
        ]
    }
}