{
    "(2886734945, 3741713926, 53060, 443, 'tcp', 0)": {
        "ts_list": [
            1645257736.577447,
            1645257736.577639,
            1645257736.577658,
            1645257736.606212,
            1645257736.606243,
            1645257736.606272,
            1645257736.606278,
            1645257736.606284,
            1645257736.606293,
            1645257736.606296,
            1645257736.606425,
            1645257736.60677,
            1645257736.606774,
            1645257736.606868,
            1645257736.606872,
            1645257736.672823,
            1645257736.831062,
            1645257736.831101,
            1645257736.857866,
            1645257736.857888,
            1645257736.858038,
            1645257736.85805,
            1645257736.858809,
            1645257736.858813,
            1645257736.858907,
            1645257736.858911,
            1645257736.901945,
            1645257736.901971,
            1645257736.928925,
            1645257736.928949
        ],
        "ps_list": [
            158,
            184,
            225,
            66,
            121,
            66,
            110,
            66,
            101,
            66,
            97,
            191,
            66,
            260,
            66,
            66,
            121,
            225,
            66,
            66,
            101,
            66,
            122,
            66,
            255,
            66,
            121,
            225,
            66,
            101
        ],
        "direction_list": [
            0,
            0,
            0,
            1,
            1,
            0,
            1,
            0,
            1,
            0,
            0,
            1,
            0,
            1,
            0,
            1,
            0,
            0,
            1,
            1,
            1,
            0,
            1,
            0,
            1,
            0,
            0,
            0,
            1,
            1
        ],
        "piat_list": [
            0.29397010803222656,
            0.19216537475585938,
            0.018835067749023438,
            28.55396270751953,
            0.030994415283203125,
            0.029087066650390625,
            0.0059604644775390625,
            0.0059604644775390625,
            0.009059906005859375,
            0.0030994415283203125,
            0.1289844512939453,
            0.34499168395996094,
            0.0040531158447265625,
            0.09393692016601562,
            0.0040531158447265625,
            65.95087051391602,
            158.23912620544434,
            0.03886222839355469,
            26.765108108520508,
            0.02193450927734375,
            0.1499652862548828,
            0.012159347534179688,
            0.7588863372802734,
            0.0040531158447265625,
            0.09393692016601562,
            0.0040531158447265625,
            43.03407669067383,
            0.025987625122070312,
            26.953935623168945,
            0.024080276489257812
        ]
    }
}