{
    "(2886734945, 3741713926, 53444, 443, 'tcp', 0)": {
        "ts_list": [
            1645258399.106179,
            1645258399.106389,
            1645258399.106417,
            1645258399.123523,
            1645258399.123553,
            1645258399.123687,
            1645258399.132477,
            1645258399.132494,
            1645258399.132502,
            1645258399.132514,
            1645258399.132518,
            1645258399.132666,
            1645258399.132669,
            1645258399.133533,
            1645258399.133536,
            1645258399.133632,
            1645258399.133636,
            1645258399.190593,
            1645258399.39832,
            1645258399.398373,
            1645258399.424452,
            1645258399.42447,
            1645258399.424713,
            1645258399.424724,
            1645258399.425464,
            1645258399.425468,
            1645258399.425472,
            1645258399.425475,
            1645258399.510212,
            1645258399.510243,
            1645258399.536485,
            1645258399.536522,
            1645258399.536538,
            1645258399.53751,
            1645258399.537514,
            1645258399.537518,
            1645258399.537521,
            1645258400.890504,
            1645258400.89055,
            1645258400.91753,
            1645258400.91756,
            1645258400.917576,
            1645258400.91846,
            1645258400.918465,
            1645258400.918472,
            1645258400.918475,
            1645258401.365148,
            1645258401.365186,
            1645258401.391554,
            1645258401.391591,
            1645258401.391606,
            1645258401.392481,
            1645258401.392485,
            1645258401.392489,
            1645258401.392492,
            1645258401.48689,
            1645258401.486919,
            1645258401.513521,
            1645258401.513606,
            1645258401.513616,
            1645258401.514519,
            1645258401.514525,
            1645258401.51453,
            1645258401.514534
        ],
        "ps_list": [
            158,
            184,
            225,
            121,
            66,
            97,
            66,
            101,
            66,
            97,
            66,
            101,
            66,
            191,
            66,
            260,
            66,
            66,
            121,
            225,
            66,
            66,
            101,
            66,
            121,
            66,
            255,
            66,
            121,
            225,
            66,
            101,
            66,
            123,
            66,
            256,
            66,
            121,
            225,
            66,
            101,
            66,
            145,
            66,
            272,
            66,
            121,
            225,
            66,
            101,
            66,
            144,
            66,
            345,
            66,
            121,
            225,
            66,
            101,
            66,
            122,
            66,
            257,
            66
        ],
        "direction_list": [
            0,
            0,
            0,
            1,
            0,
            0,
            1,
            1,
            0,
            1,
            0,
            1,
            0,
            1,
            0,
            1,
            0,
            1,
            0,
            0,
            1,
            1,
            1,
            0,
            1,
            0,
            1,
            0,
            0,
            0,
            1,
            1,
            0,
            1,
            0,
            1,
            0,
            0,
            0,
            1,
            1,
            0,
            1,
            0,
            1,
            0,
            0,
            0,
            1,
            1,
            0,
            1,
            0,
            1,
            0,
            0,
            0,
            1,
            1,
            0,
            1,
            0,
            1,
            0
        ],
        "piat_list": [
            8.991003036499023,
            0.21004676818847656,
            0.027894973754882812,
            17.106056213378906,
            0.030040740966796875,
            0.13399124145507812,
            8.790016174316406,
            0.016927719116210938,
            0.008106231689453125,
            0.011920928955078125,
            0.0040531158447265625,
            0.1480579376220703,
            0.00286102294921875,
            0.8640289306640625,
            0.0030994415283203125,
            0.09584426879882812,
            0.0040531158447265625,
            56.95700645446777,
            207.72695541381836,
            0.052928924560546875,
            26.079177856445312,
            0.017881393432617188,
            0.2429485321044922,
            0.011205673217773438,
            0.7398128509521484,
            0.0040531158447265625,
            0.0040531158447265625,
            0.00286102294921875,
            84.73706245422363,
            0.030994415283203125,
            26.24201774597168,
            0.03695487976074219,
            0.015974044799804688,
            0.9720325469970703,
            0.0040531158447265625,
            0.0040531158447265625,
            0.00286102294921875,
            1352.982997894287,
            0.04601478576660156,
            26.980161666870117,
            0.030040740966796875,
            0.015974044799804688,
            0.8838176727294922,
            0.0050067901611328125,
            0.007152557373046875,
            0.00286102294921875,
            446.6731548309326,
            0.03790855407714844,
            26.368141174316406,
            0.03695487976074219,
            0.015020370483398438,
            0.8749961853027344,
            0.003814697265625,
            0.0040531158447265625,
            0.0030994415283203125,
            94.39802169799805,
            0.028848648071289062,
            26.60202980041504,
            0.08511543273925781,
            0.010013580322265625,
            0.9028911590576172,
            0.0059604644775390625,
            0.0050067901611328125,
            0.0040531158447265625
        ]
    }
}