{
    "(2886734945, 3741713926, 53678, 443, 'tcp', 0)": {
        "ts_list": [
            1645258734.674234,
            1645258734.674413,
            1645258734.674439,
            1645258734.701991,
            1645258734.702022,
            1645258734.70204,
            1645258734.702061,
            1645258734.702065,
            1645258734.702067,
            1645258734.70207,
            1645258734.702072,
            1645258734.702074,
            1645258734.702156,
            1645258734.703039,
            1645258734.703043,
            1645258734.703048,
            1645258734.703052,
            1645258734.770057,
            1645258734.950927,
            1645258734.950969,
            1645258734.979253,
            1645258734.979273,
            1645258734.979276,
            1645258734.979286,
            1645258734.979986,
            1645258734.979992,
            1645258734.98,
            1645258734.980004,
            1645258735.068833,
            1645258735.068865,
            1645258735.097074,
            1645258735.097107,
            1645258735.097122,
            1645258735.097974,
            1645258735.097986,
            1645258735.097995,
            1645258735.097999,
            1645258736.636333,
            1645258736.636368,
            1645258736.664492,
            1645258736.664505,
            1645258736.664513,
            1645258736.665302,
            1645258736.665306,
            1645258736.665311,
            1645258736.665315,
            1645258736.680447,
            1645258736.68047,
            1645258736.70802,
            1645258736.708036,
            1645258736.709416,
            1645258736.709449,
            1645258736.709512,
            1645258736.750786,
            1645258736.790271,
            1645258736.790296,
            1645258736.818101,
            1645258736.818116,
            1645258736.818125,
            1645258736.819244,
            1645258736.81925,
            1645258736.819255,
            1645258736.819259
        ],
        "ps_list": [
            158,
            184,
            225,
            66,
            121,
            66,
            101,
            66,
            97,
            66,
            101,
            66,
            97,
            190,
            66,
            260,
            66,
            66,
            121,
            225,
            66,
            66,
            101,
            66,
            121,
            66,
            255,
            66,
            121,
            225,
            66,
            101,
            66,
            145,
            66,
            256,
            66,
            121,
            225,
            66,
            101,
            66,
            144,
            66,
            272,
            66,
            121,
            225,
            66,
            101,
            121,
            66,
            345,
            66,
            121,
            225,
            66,
            101,
            66,
            121,
            66,
            257,
            66
        ],
        "direction_list": [
            0,
            0,
            0,
            1,
            1,
            0,
            1,
            0,
            1,
            0,
            1,
            0,
            0,
            1,
            0,
            1,
            0,
            1,
            0,
            0,
            1,
            1,
            1,
            0,
            1,
            0,
            1,
            0,
            0,
            0,
            1,
            1,
            0,
            1,
            0,
            1,
            0,
            0,
            0,
            1,
            1,
            0,
            1,
            0,
            1,
            0,
            0,
            0,
            1,
            1,
            1,
            0,
            1,
            0,
            0,
            0,
            1,
            1,
            0,
            1,
            0,
            1,
            0
        ],
        "piat_list": [
            0.2808570861816406,
            0.17905235290527344,
            0.025987625122070312,
            27.552127838134766,
            0.030994415283203125,
            0.017881393432617188,
            0.0209808349609375,
            0.0040531158447265625,
            0.0019073486328125,
            0.0030994415283203125,
            0.0019073486328125,
            0.0021457672119140625,
            0.0820159912109375,
            0.8828639984130859,
            0.0040531158447265625,
            0.0050067901611328125,
            0.0040531158447265625,
            67.00491905212402,
            180.87005615234375,
            0.041961669921875,
            28.284072875976562,
            0.02002716064453125,
            0.00286102294921875,
            0.010013580322265625,
            0.6999969482421875,
            0.0059604644775390625,
            0.008106231689453125,
            0.0040531158447265625,
            88.82904052734375,
            0.031948089599609375,
            28.20897102355957,
            0.032901763916015625,
            0.015020370483398438,
            0.8521080017089844,
            0.011920928955078125,
            0.009059906005859375,
            0.0040531158447265625,
            1538.3338928222656,
            0.03504753112792969,
            28.123855590820312,
            0.013113021850585938,
            0.008106231689453125,
            0.7889270782470703,
            0.0040531158447265625,
            0.0050067901611328125,
            0.003814697265625,
            15.13218879699707,
            0.02288818359375,
            27.54998207092285,
            0.015974044799804688,
            1.3799667358398438,
            0.03314018249511719,
            0.0629425048828125,
            41.274070739746094,
            39.48497772216797,
            0.025033950805664062,
            27.804851531982422,
            0.015020370483398438,
            0.009059906005859375,
            1.1188983917236328,
            0.006198883056640625,
            0.0050067901611328125,
            0.003814697265625
        ]
    }
}