{
    "(2886734945, 3741713926, 33738, 443, 'tcp', 0)": {
        "ts_list": [
            1645583133.806744,
            1645583133.806943,
            1645583133.806963,
            1645583133.8311,
            1645583133.831149,
            1645583133.831162,
            1645583133.831178,
            1645583133.831182,
            1645583133.831185,
            1645583133.831189,
            1645583133.832124,
            1645583133.832133,
            1645583133.832135,
            1645583133.832139,
            1645583133.849722,
            1645583133.914255,
            1645583134.106965,
            1645583134.107,
            1645583134.131161,
            1645583134.131187,
            1645583134.131323,
            1645583134.131337,
            1645583134.132086,
            1645583134.13209,
            1645583134.132096,
            1645583134.1321,
            1645583134.26416,
            1645583134.264187,
            1645583134.289166,
            1645583134.289196,
            1645583134.289211,
            1645583134.290045,
            1645583134.29005,
            1645583134.290055,
            1645583134.290059
        ],
        "ps_list": [
            158,
            184,
            225,
            66,
            121,
            66,
            110,
            66,
            101,
            66,
            190,
            66,
            260,
            66,
            97,
            66,
            121,
            225,
            66,
            66,
            101,
            66,
            144,
            66,
            255,
            66,
            121,
            225,
            66,
            101,
            66,
            120,
            66,
            253,
            66
        ],
        "direction_list": [
            0,
            0,
            0,
            1,
            1,
            0,
            1,
            0,
            1,
            0,
            1,
            0,
            1,
            0,
            0,
            1,
            0,
            0,
            1,
            1,
            1,
            0,
            1,
            0,
            1,
            0,
            0,
            0,
            1,
            1,
            0,
            1,
            0,
            1,
            0
        ],
        "piat_list": [
            0.2911090850830078,
            0.19884109497070312,
            0.02002716064453125,
            24.137020111083984,
            0.049114227294921875,
            0.012874603271484375,
            0.015974044799804688,
            0.0040531158447265625,
            0.0030994415283203125,
            0.003814697265625,
            0.9350776672363281,
            0.009059906005859375,
            0.0019073486328125,
            0.0040531158447265625,
            17.58289337158203,
            64.53299522399902,
            192.71016120910645,
            0.03504753112792969,
            24.16086196899414,
            0.025987625122070312,
            0.1361370086669922,
            0.013828277587890625,
            0.7491111755371094,
            0.0040531158447265625,
            0.0059604644775390625,
            0.0040531158447265625,
            132.05981254577637,
            0.027179718017578125,
            24.9788761138916,
            0.030040740966796875,
            0.015020370483398438,
            0.8339881896972656,
            0.0050067901611328125,
            0.0050067901611328125,
            0.0040531158447265625
        ]
    }
}