{
    "(2886734945, 3741648133, 54556, 443, 'tcp', 0)": {
        "ts_list": [
            1645475839.399522,
            1645475839.399723,
            1645475839.399756,
            1645475839.408603,
            1645475839.408687,
            1645475839.408706,
            1645475839.40871,
            1645475839.408714,
            1645475839.408812,
            1645475839.408841,
            1645475839.408845,
            1645475839.409763,
            1645475839.409769,
            1645475839.409773,
            1645475839.409777,
            1645475839.457684,
            1645475839.741062,
            1645475839.741094,
            1645475839.749759,
            1645475839.74978,
            1645475839.749788,
            1645475839.749797,
            1645475839.750638,
            1645475839.750654,
            1645475839.750731,
            1645475839.750736,
            1645475839.864992,
            1645475839.865019,
            1645475839.873625,
            1645475839.873932,
            1645475839.87394,
            1645475839.874651,
            1645475839.874657,
            1645475839.874661,
            1645475839.874665,
            1645475840.174588,
            1645475840.174615,
            1645475840.183639,
            1645475840.183788,
            1645475840.183797,
            1645475840.184694,
            1645475840.184708,
            1645475840.184919,
            1645475840.184926,
            1645475840.250642,
            1645475840.250666,
            1645475840.259613,
            1645475840.259906,
            1645475840.259914,
            1645475840.260712,
            1645475840.260716,
            1645475840.260827,
            1645475840.260831,
            1645475840.356329,
            1645475840.356353,
            1645475840.364859,
            1645475840.365666,
            1645475840.365673,
            1645475840.366947,
            1645475840.366955,
            1645475840.367461,
            1645475840.367468,
            1645475840.729281,
            1645475840.729304,
            1645475840.73865,
            1645475840.738661,
            1645475840.738668,
            1645475840.739727,
            1645475840.739737,
            1645475840.73974,
            1645475840.739743
        ],
        "ps_list": [
            158,
            184,
            225,
            66,
            121,
            66,
            110,
            66,
            97,
            101,
            66,
            191,
            66,
            260,
            66,
            66,
            121,
            225,
            66,
            66,
            101,
            66,
            121,
            66,
            255,
            66,
            121,
            225,
            66,
            101,
            66,
            121,
            66,
            304,
            66,
            121,
            225,
            66,
            101,
            66,
            144,
            66,
            389,
            66,
            121,
            225,
            66,
            101,
            66,
            122,
            66,
            384,
            66,
            121,
            225,
            66,
            101,
            66,
            119,
            66,
            310,
            66,
            121,
            225,
            66,
            101,
            66,
            122,
            66,
            272,
            66
        ],
        "direction_list": [
            0,
            0,
            0,
            1,
            1,
            0,
            1,
            0,
            0,
            1,
            0,
            1,
            0,
            1,
            0,
            1,
            0,
            0,
            1,
            1,
            1,
            0,
            1,
            0,
            1,
            0,
            0,
            0,
            1,
            1,
            0,
            1,
            0,
            1,
            0,
            0,
            0,
            1,
            1,
            0,
            1,
            0,
            1,
            0,
            0,
            0,
            1,
            1,
            0,
            1,
            0,
            1,
            0,
            0,
            0,
            1,
            1,
            0,
            1,
            0,
            1,
            0,
            0,
            0,
            1,
            1,
            0,
            1,
            0,
            1,
            0
        ],
        "piat_list": [
            0.244140625,
            0.2009868621826172,
            0.032901763916015625,
            8.84699821472168,
            0.08416175842285156,
            0.018835067749023438,
            0.0040531158447265625,
            0.0040531158447265625,
            0.09799003601074219,
            0.028848648071289062,
            0.0040531158447265625,
            0.9181499481201172,
            0.0059604644775390625,
            0.0040531158447265625,
            0.003814697265625,
            47.907114028930664,
            283.37788581848145,
            0.03218650817871094,
            8.664846420288086,
            0.0209808349609375,
            0.008106231689453125,
            0.009059906005859375,
            0.8409023284912109,
            0.015974044799804688,
            0.07700920104980469,
            0.0050067901611328125,
            114.25590515136719,
            0.027179718017578125,
            8.60595703125,
            0.30684471130371094,
            0.008106231689453125,
            0.7109642028808594,
            0.0059604644775390625,
            0.0040531158447265625,
            0.0040531158447265625,
            299.9229431152344,
            0.026941299438476562,
            9.02414321899414,
            0.14901161193847656,
            0.008821487426757812,
            0.8971691131591797,
            0.014066696166992188,
            0.2110004425048828,
            0.0069141387939453125,
            65.71602821350098,
            0.02384185791015625,
            8.947134017944336,
            0.2930164337158203,
            0.007867813110351562,
            0.7979869842529297,
            0.0040531158447265625,
            0.11110305786132812,
            0.0040531158447265625,
            95.49784660339355,
            0.024080276489257812,
            8.506059646606445,
            0.8068084716796875,
            0.007152557373046875,
            1.2738704681396484,
            0.008106231689453125,
            0.5059242248535156,
            0.007152557373046875,
            361.8128299713135,
            0.023126602172851562,
            9.34600830078125,
            0.010967254638671875,
            0.0069141387939453125,
            1.0590553283691406,
            0.010013580322265625,
            0.00286102294921875,
            0.0030994415283203125
        ]
    }
}