{
    "(2886734945, 3741648133, 54698, 443, 'tcp', 0)": {
        "ts_list": [
            1645476124.853291,
            1645476124.85348,
            1645476124.853499,
            1645476124.862815,
            1645476124.862851,
            1645476124.862864,
            1645476124.862985,
            1645476124.863036,
            1645476124.863042,
            1645476124.863048,
            1645476124.863053,
            1645476124.863802,
            1645476124.863809,
            1645476124.8639,
            1645476124.863906,
            1645476124.912823,
            1645476125.186486,
            1645476125.18652,
            1645476125.19969,
            1645476125.199711,
            1645476125.199861,
            1645476125.199872,
            1645476125.200983,
            1645476125.200991,
            1645476125.201081,
            1645476125.201085,
            1645476125.302708,
            1645476125.302736,
            1645476125.314869,
            1645476125.316745,
            1645476125.316762,
            1645476125.316781,
            1645476125.316785,
            1645476125.316787,
            1645476125.316789,
            1645476125.609375,
            1645476125.609408,
            1645476125.618871,
            1645476125.619067,
            1645476125.619076,
            1645476125.619798,
            1645476125.619803,
            1645476125.620015,
            1645476125.620019,
            1645476125.680154,
            1645476125.680186,
            1645476125.689844,
            1645476125.689873,
            1645476125.689885,
            1645476125.690853,
            1645476125.690865,
            1645476125.690872,
            1645476125.690875,
            1645476125.797473,
            1645476125.797499,
            1645476125.80695,
            1645476125.806975,
            1645476125.806983,
            1645476125.80781,
            1645476125.807816,
            1645476125.807819,
            1645476125.807822,
            1645476126.186035,
            1645476126.186062,
            1645476126.19581,
            1645476126.195889,
            1645476126.1959,
            1645476126.196854,
            1645476126.196862,
            1645476126.196943,
            1645476126.196948
        ],
        "ps_list": [
            158,
            184,
            225,
            66,
            121,
            66,
            97,
            110,
            66,
            101,
            66,
            191,
            66,
            260,
            66,
            66,
            121,
            225,
            66,
            66,
            101,
            66,
            144,
            66,
            255,
            66,
            121,
            225,
            66,
            101,
            66,
            121,
            66,
            304,
            66,
            121,
            225,
            66,
            101,
            66,
            121,
            66,
            389,
            66,
            121,
            225,
            66,
            101,
            66,
            122,
            66,
            384,
            66,
            121,
            225,
            66,
            101,
            66,
            120,
            66,
            310,
            66,
            121,
            225,
            66,
            101,
            66,
            145,
            66,
            272,
            66
        ],
        "direction_list": [
            0,
            0,
            0,
            1,
            1,
            0,
            0,
            1,
            0,
            1,
            0,
            1,
            0,
            1,
            0,
            1,
            0,
            0,
            1,
            1,
            1,
            0,
            1,
            0,
            1,
            0,
            0,
            0,
            1,
            1,
            0,
            1,
            0,
            1,
            0,
            0,
            0,
            1,
            1,
            0,
            1,
            0,
            1,
            0,
            0,
            0,
            1,
            1,
            0,
            1,
            0,
            1,
            0,
            0,
            0,
            1,
            1,
            0,
            1,
            0,
            1,
            0,
            0,
            0,
            1,
            1,
            0,
            1,
            0,
            1,
            0
        ],
        "piat_list": [
            0.2639293670654297,
            0.18906593322753906,
            0.018835067749023438,
            9.315967559814453,
            0.03600120544433594,
            0.013113021850585938,
            0.12087821960449219,
            0.051021575927734375,
            0.006198883056640625,
            0.0059604644775390625,
            0.0050067901611328125,
            0.7488727569580078,
            0.007152557373046875,
            0.09083747863769531,
            0.0059604644775390625,
            48.91705513000488,
            273.6630439758301,
            0.03409385681152344,
            13.170003890991211,
            0.0209808349609375,
            0.1499652862548828,
            0.010967254638671875,
            1.1110305786132812,
            0.007867813110351562,
            0.09012222290039062,
            0.0040531158447265625,
            101.6228199005127,
            0.028133392333984375,
            12.132883071899414,
            1.8761157989501953,
            0.016927719116210938,
            0.019073486328125,
            0.0040531158447265625,
            0.0019073486328125,
            0.0019073486328125,
            292.586088180542,
            0.032901763916015625,
            9.463071823120117,
            0.19598007202148438,
            0.009059906005859375,
            0.7219314575195312,
            0.0050067901611328125,
            0.21195411682128906,
            0.0040531158447265625,
            60.1351261138916,
            0.031948089599609375,
            9.657859802246094,
            0.029087066650390625,
            0.011920928955078125,
            0.9682178497314453,
            0.011920928955078125,
            0.0069141387939453125,
            0.0030994415283203125,
            106.597900390625,
            0.025987625122070312,
            9.451150894165039,
            0.0247955322265625,
            0.008106231689453125,
            0.8270740509033203,
            0.0059604644775390625,
            0.00286102294921875,
            0.0030994415283203125,
            378.21292877197266,
            0.027179718017578125,
            9.747982025146484,
            0.07891654968261719,
            0.010967254638671875,
            0.9541511535644531,
            0.007867813110351562,
            0.08106231689453125,
            0.0050067901611328125
        ]
    }
}