{
    "(2886734945, 3741648133, 44806, 443, 'tcp', 0)": {
        "ts_list": [
            1645162961.057199,
            1645162961.057486,
            1645162961.057526,
            1645162961.067652,
            1645162961.067683,
            1645162961.067697,
            1645162961.067704,
            1645162961.067713,
            1645162961.067719,
            1645162961.067724,
            1645162961.067736,
            1645162961.067741,
            1645162961.068602,
            1645162961.068616,
            1645162961.068625,
            1645162961.068631,
            1645162961.087266,
            1645162961.137603,
            1645162961.361266,
            1645162961.361308,
            1645162961.371594,
            1645162961.371623,
            1645162961.371665,
            1645162961.371679,
            1645162961.372677,
            1645162961.372692,
            1645162961.372708,
            1645162961.372715,
            1645162961.461879,
            1645162961.461919,
            1645162961.466141,
            1645162961.466184,
            1645162961.47169,
            1645162961.471773,
            1645162961.471783,
            1645162961.473196,
            1645162961.473205,
            1645162961.473289,
            1645162961.473293,
            1645162961.476551,
            1645162961.476673,
            1645162961.476679,
            1645162961.477618,
            1645162961.477622,
            1645162961.477715,
            1645162961.477719,
            1645162962.192646,
            1645162962.192691,
            1645162962.202608,
            1645162962.202706,
            1645162962.20272,
            1645162962.20367,
            1645162962.203683,
            1645162962.203693,
            1645162962.203696,
            1645162962.212432,
            1645162962.212456,
            1645162962.222596,
            1645162962.22271,
            1645162962.223665,
            1645162962.223686,
            1645162962.223759,
            1645162962.266799
        ],
        "ps_list": [
            158,
            184,
            225,
            66,
            121,
            66,
            101,
            66,
            97,
            66,
            101,
            66,
            191,
            66,
            260,
            66,
            97,
            66,
            121,
            225,
            66,
            66,
            101,
            66,
            121,
            66,
            255,
            66,
            121,
            225,
            121,
            225,
            66,
            101,
            66,
            122,
            66,
            250,
            66,
            66,
            101,
            66,
            122,
            66,
            254,
            66,
            121,
            225,
            66,
            101,
            66,
            144,
            66,
            332,
            66,
            121,
            225,
            66,
            101,
            122,
            66,
            272,
            66
        ],
        "direction_list": [
            0,
            0,
            0,
            1,
            1,
            0,
            1,
            0,
            1,
            0,
            1,
            0,
            1,
            0,
            1,
            0,
            0,
            1,
            0,
            0,
            1,
            1,
            1,
            0,
            1,
            0,
            1,
            0,
            0,
            0,
            0,
            0,
            1,
            1,
            0,
            1,
            0,
            1,
            0,
            1,
            1,
            0,
            1,
            0,
            1,
            0,
            0,
            0,
            1,
            1,
            0,
            1,
            0,
            1,
            0,
            0,
            0,
            1,
            1,
            1,
            0,
            1,
            0
        ],
        "piat_list": [
            0.4010200500488281,
            0.28705596923828125,
            0.0400543212890625,
            10.125875473022461,
            0.030994415283203125,
            0.014066696166992188,
            0.0069141387939453125,
            0.009059906005859375,
            0.0059604644775390625,
            0.0050067901611328125,
            0.011920928955078125,
            0.0050067901611328125,
            0.8611679077148438,
            0.013828277587890625,
            0.009059906005859375,
            0.0059604644775390625,
            18.635034561157227,
            50.33707618713379,
            223.6628532409668,
            0.04220008850097656,
            10.28585433959961,
            0.029087066650390625,
            0.041961669921875,
            0.014066696166992188,
            0.9980201721191406,
            0.015020370483398438,
            0.015974044799804688,
            0.0069141387939453125,
            89.16401863098145,
            0.0400543212890625,
            4.221916198730469,
            0.04291534423828125,
            5.506038665771484,
            0.08296966552734375,
            0.010013580322265625,
            1.413106918334961,
            0.009059906005859375,
            0.08392333984375,
            0.0040531158447265625,
            3.2579898834228516,
            0.12183189392089844,
            0.006198883056640625,
            0.9388923645019531,
            0.0040531158447265625,
            0.09298324584960938,
            0.0040531158447265625,
            714.9269580841064,
            0.04506111145019531,
            9.917020797729492,
            0.09799003601074219,
            0.013828277587890625,
            0.9500980377197266,
            0.012874603271484375,
            0.010013580322265625,
            0.0030994415283203125,
            8.735895156860352,
            0.024080276489257812,
            10.139942169189453,
            0.11396408081054688,
            0.9551048278808594,
            0.0209808349609375,
            0.07295608520507812,
            43.04003715515137
        ]
    }
}