{
    "(2886734945, 3741648133, 41018, 443, 'tcp', 0)": {
        "ts_list": [
            1645734173.609105,
            1645734173.609287,
            1645734173.609312,
            1645734173.617724,
            1645734173.617755,
            1645734173.617774,
            1645734173.617782,
            1645734173.617881,
            1645734173.617906,
            1645734173.617912,
            1645734173.625872,
            1645734173.625891,
            1645734173.625899,
            1645734173.626061,
            1645734173.626068,
            1645734173.626074,
            1645734173.626078,
            1645734173.666027,
            1645734174.000222,
            1645734174.000262,
            1645734174.008686,
            1645734174.008711,
            1645734174.008864,
            1645734174.008878,
            1645734174.008888,
            1645734174.008892,
            1645734174.008894,
            1645734174.008897,
            1645734174.110968,
            1645734174.111,
            1645734174.11941,
            1645734174.119432,
            1645734174.119443,
            1645734174.119484,
            1645734174.11949,
            1645734174.119591,
            1645734174.119597,
            1645734174.389914,
            1645734174.389973,
            1645734174.398491,
            1645734174.398511,
            1645734174.398522,
            1645734174.398531,
            1645734174.398535,
            1645734174.398537,
            1645734174.39854,
            1645734174.400448,
            1645734174.400476,
            1645734174.408813,
            1645734174.40892,
            1645734174.408931,
            1645734174.409336,
            1645734174.409342,
            1645734174.409346,
            1645734174.409351
        ],
        "ps_list": [
            158,
            184,
            225,
            121,
            66,
            101,
            66,
            97,
            97,
            66,
            66,
            101,
            66,
            191,
            66,
            260,
            66,
            66,
            121,
            225,
            66,
            66,
            101,
            66,
            122,
            66,
            255,
            66,
            121,
            225,
            66,
            101,
            66,
            142,
            66,
            249,
            66,
            121,
            225,
            66,
            101,
            66,
            121,
            66,
            297,
            66,
            121,
            225,
            66,
            101,
            66,
            120,
            66,
            298,
            66
        ],
        "direction_list": [
            0,
            0,
            0,
            1,
            0,
            1,
            0,
            0,
            1,
            0,
            1,
            1,
            0,
            1,
            0,
            1,
            0,
            1,
            0,
            0,
            1,
            1,
            1,
            0,
            1,
            0,
            1,
            0,
            0,
            0,
            1,
            1,
            0,
            1,
            0,
            1,
            0,
            0,
            0,
            1,
            1,
            0,
            1,
            0,
            1,
            0,
            0,
            0,
            1,
            1,
            0,
            1,
            0,
            1,
            0
        ],
        "piat_list": [
            0.30517578125,
            0.1819133758544922,
            0.025033950805664062,
            8.411884307861328,
            0.030994415283203125,
            0.019073486328125,
            0.008106231689453125,
            0.09894371032714844,
            0.025033950805664062,
            0.0059604644775390625,
            7.959842681884766,
            0.019073486328125,
            0.008106231689453125,
            0.16188621520996094,
            0.007152557373046875,
            0.0059604644775390625,
            0.003814697265625,
            39.94917869567871,
            334.1948986053467,
            0.0400543212890625,
            8.424043655395508,
            0.025033950805664062,
            0.15282630920410156,
            0.014066696166992188,
            0.010013580322265625,
            0.0040531158447265625,
            0.0019073486328125,
            0.0030994415283203125,
            102.07104682922363,
            0.031948089599609375,
            8.409976959228516,
            0.02193450927734375,
            0.010967254638671875,
            0.04100799560546875,
            0.0059604644775390625,
            0.1010894775390625,
            0.0059604644775390625,
            270.31707763671875,
            0.05888938903808594,
            8.517980575561523,
            0.02002716064453125,
            0.010967254638671875,
            0.009059906005859375,
            0.0040531158447265625,
            0.0019073486328125,
            0.0030994415283203125,
            1.9080638885498047,
            0.027894973754882812,
            8.337020874023438,
            0.10704994201660156,
            0.010967254638671875,
            0.4050731658935547,
            0.0059604644775390625,
            0.0040531158447265625,
            0.0050067901611328125
        ]
    }
}