{
    "(2886734945, 3741648133, 41278, 443, 'tcp', 0)": {
        "ts_list": [
            1645734506.263515,
            1645734506.263681,
            1645734506.263709,
            1645734506.271533,
            1645734506.271618,
            1645734506.271625,
            1645734506.271731,
            1645734506.271744,
            1645734506.271748,
            1645734506.271751,
            1645734506.271755,
            1645734506.27182,
            1645734506.271921,
            1645734506.271924,
            1645734506.272022,
            1645734506.272026,
            1645734506.27203,
            1645734506.272034,
            1645734506.31887,
            1645734506.588978,
            1645734506.589026,
            1645734506.596986,
            1645734506.597012,
            1645734506.597071,
            1645734506.597081,
            1645734506.597176,
            1645734506.597181,
            1645734506.597186,
            1645734506.597189,
            1645734506.668469,
            1645734506.66849,
            1645734506.676693,
            1645734506.676712,
            1645734506.676719,
            1645734506.676728,
            1645734506.676731,
            1645734506.676879,
            1645734506.676883,
            1645734506.906985,
            1645734506.907033,
            1645734506.915026,
            1645734506.915067,
            1645734506.915208,
            1645734506.915231,
            1645734506.91524,
            1645734506.915394,
            1645734506.915399,
            1645734506.915404,
            1645734506.915409,
            1645734506.923248,
            1645734506.923267,
            1645734506.923275,
            1645734506.923618,
            1645734506.923623,
            1645734506.923626,
            1645734506.92363
        ],
        "ps_list": [
            158,
            184,
            225,
            66,
            121,
            66,
            97,
            101,
            66,
            97,
            66,
            66,
            101,
            66,
            191,
            66,
            260,
            66,
            66,
            121,
            225,
            66,
            66,
            101,
            66,
            121,
            66,
            255,
            66,
            121,
            225,
            66,
            101,
            66,
            119,
            66,
            249,
            66,
            121,
            225,
            121,
            225,
            66,
            101,
            66,
            121,
            66,
            297,
            66,
            66,
            101,
            66,
            121,
            66,
            298,
            66
        ],
        "direction_list": [
            0,
            0,
            0,
            1,
            1,
            0,
            0,
            1,
            0,
            1,
            0,
            1,
            1,
            0,
            1,
            0,
            1,
            0,
            1,
            0,
            0,
            1,
            1,
            1,
            0,
            1,
            0,
            1,
            0,
            0,
            0,
            1,
            1,
            0,
            1,
            0,
            1,
            0,
            0,
            0,
            0,
            0,
            1,
            1,
            0,
            1,
            0,
            1,
            0,
            1,
            1,
            0,
            1,
            0,
            1,
            0
        ],
        "piat_list": [
            0.28204917907714844,
            0.1659393310546875,
            0.028133392333984375,
            7.823944091796875,
            0.08487701416015625,
            0.007152557373046875,
            0.10585784912109375,
            0.013113021850585938,
            0.0040531158447265625,
            0.00286102294921875,
            0.0040531158447265625,
            0.06508827209472656,
            0.10085105895996094,
            0.0030994415283203125,
            0.09799003601074219,
            0.0040531158447265625,
            0.0040531158447265625,
            0.003814697265625,
            46.836137771606445,
            270.1079845428467,
            0.04792213439941406,
            7.960081100463867,
            0.025987625122070312,
            0.05888938903808594,
            0.010013580322265625,
            0.09512901306152344,
            0.0050067901611328125,
            0.0050067901611328125,
            0.00286102294921875,
            71.28000259399414,
            0.0209808349609375,
            8.20302963256836,
            0.019073486328125,
            0.0069141387939453125,
            0.009059906005859375,
            0.0030994415283203125,
            0.14781951904296875,
            0.0040531158447265625,
            230.1020622253418,
            0.04792213439941406,
            7.992982864379883,
            0.04100799560546875,
            0.141143798828125,
            0.02288818359375,
            0.009059906005859375,
            0.15401840209960938,
            0.0050067901611328125,
            0.0050067901611328125,
            0.0050067901611328125,
            7.838964462280273,
            0.018835067749023438,
            0.008106231689453125,
            0.34308433532714844,
            0.0050067901611328125,
            0.00286102294921875,
            0.0040531158447265625
        ]
    }
}