{
    "(2886734945, 3741713926, 54120, 443, 'tcp', 0)": {
        "ts_list": [
            1645481399.426816,
            1645481399.426991,
            1645481399.427021,
            1645481399.454527,
            1645481399.454557,
            1645481399.45457,
            1645481399.454581,
            1645481399.454587,
            1645481399.454707,
            1645481399.454818,
            1645481399.454822,
            1645481399.455533,
            1645481399.455538,
            1645481399.455632,
            1645481399.455637,
            1645481399.522418,
            1645481399.67908,
            1645481399.679111,
            1645481399.706528,
            1645481399.70655,
            1645481399.706777,
            1645481399.706789,
            1645481399.707464,
            1645481399.707469,
            1645481399.707561,
            1645481399.707565,
            1645481399.778481,
            1645481399.778508,
            1645481399.80653,
            1645481399.806562,
            1645481399.806575,
            1645481399.807583,
            1645481399.807591,
            1645481399.80768,
            1645481399.807689,
            1645481400.221239,
            1645481400.221279,
            1645481400.249538,
            1645481400.249635,
            1645481400.249647,
            1645481400.25054,
            1645481400.250545,
            1645481400.250551,
            1645481400.250555,
            1645481400.448295,
            1645481400.448325,
            1645481400.475595,
            1645481400.475612,
            1645481400.47562,
            1645481400.476469,
            1645481400.476474,
            1645481400.476476,
            1645481400.476479,
            1645481400.956065,
            1645481400.956123,
            1645481400.98366,
            1645481400.983676,
            1645481400.983685,
            1645481400.984645,
            1645481400.984649,
            1645481400.984745,
            1645481400.984749,
            1645481401.405227,
            1645481401.405268,
            1645481401.433579,
            1645481401.4336,
            1645481401.433612,
            1645481401.434562,
            1645481401.434567,
            1645481401.434573,
            1645481401.434577
        ],
        "ps_list": [
            158,
            184,
            225,
            66,
            121,
            66,
            110,
            66,
            97,
            101,
            66,
            191,
            66,
            260,
            66,
            66,
            121,
            225,
            66,
            66,
            101,
            66,
            122,
            66,
            255,
            66,
            121,
            225,
            66,
            101,
            66,
            121,
            66,
            363,
            66,
            121,
            225,
            66,
            101,
            66,
            143,
            66,
            492,
            66,
            121,
            225,
            66,
            101,
            66,
            120,
            66,
            297,
            66,
            121,
            225,
            66,
            101,
            66,
            116,
            66,
            363,
            66,
            121,
            225,
            66,
            101,
            66,
            145,
            66,
            471,
            66
        ],
        "direction_list": [
            0,
            0,
            0,
            1,
            1,
            0,
            1,
            0,
            0,
            1,
            0,
            1,
            0,
            1,
            0,
            1,
            0,
            0,
            1,
            1,
            1,
            0,
            1,
            0,
            1,
            0,
            0,
            0,
            1,
            1,
            0,
            1,
            0,
            1,
            0,
            0,
            0,
            1,
            1,
            0,
            1,
            0,
            1,
            0,
            0,
            0,
            1,
            1,
            0,
            1,
            0,
            1,
            0,
            0,
            0,
            1,
            1,
            0,
            1,
            0,
            1,
            0,
            0,
            0,
            1,
            1,
            0,
            1,
            0,
            1,
            0
        ],
        "piat_list": [
            0.2810955047607422,
            0.17499923706054688,
            0.030040740966796875,
            27.505874633789062,
            0.030040740966796875,
            0.013113021850585938,
            0.010967254638671875,
            0.0059604644775390625,
            0.11992454528808594,
            0.11110305786132812,
            0.0040531158447265625,
            0.7109642028808594,
            0.0050067901611328125,
            0.09393692016601562,
            0.0050067901611328125,
            66.78104400634766,
            156.6619873046875,
            0.030994415283203125,
            27.41694450378418,
            0.02193450927734375,
            0.22721290588378906,
            0.011920928955078125,
            0.6749629974365234,
            0.0050067901611328125,
            0.09202957153320312,
            0.0040531158447265625,
            70.91593742370605,
            0.026941299438476562,
            28.022050857543945,
            0.031948089599609375,
            0.013113021850585938,
            1.0080337524414062,
            0.007867813110351562,
            0.08893013000488281,
            0.009059906005859375,
            413.55013847351074,
            0.03981590270996094,
            28.2590389251709,
            0.09703636169433594,
            0.011920928955078125,
            0.8931159973144531,
            0.0050067901611328125,
            0.0059604644775390625,
            0.0040531158447265625,
            197.7400779724121,
            0.029802322387695312,
            27.270078659057617,
            0.016927719116210938,
            0.008106231689453125,
            0.8490085601806641,
            0.0050067901611328125,
            0.0019073486328125,
            0.0030994415283203125,
            479.5858860015869,
            0.05817413330078125,
            27.536869049072266,
            0.015974044799804688,
            0.009059906005859375,
            0.9598731994628906,
            0.0040531158447265625,
            0.09608268737792969,
            0.0040531158447265625,
            420.47786712646484,
            0.04100799560546875,
            28.31101417541504,
            0.0209808349609375,
            0.012159347534179688,
            0.949859619140625,
            0.0050067901611328125,
            0.0059604644775390625,
            0.0040531158447265625
        ]
    }
}