{
    "(2886734945, 3741713926, 54058, 443, 'tcp', 0)": {
        "ts_list": [
            1645481307.968969,
            1645481307.96924,
            1645481307.969279,
            1645481307.998439,
            1645481307.998468,
            1645481307.998482,
            1645481307.9985,
            1645481307.998507,
            1645481307.998671,
            1645481307.999433,
            1645481307.999438,
            1645481307.999442,
            1645481308.000393,
            1645481308.000398,
            1645481308.000514,
            1645481308.000518,
            1645481308.068418,
            1645481308.29944,
            1645481308.299478,
            1645481308.332342,
            1645481308.33237,
            1645481308.332502,
            1645481308.332517,
            1645481308.334266,
            1645481308.334271,
            1645481308.334277,
            1645481308.33428,
            1645481308.381647,
            1645481308.381675,
            1645481308.412323,
            1645481308.412352,
            1645481308.412365,
            1645481308.44029,
            1645481308.440336,
            1645481308.440352,
            1645481308.440358,
            1645481308.701187,
            1645481308.701218,
            1645481308.731608,
            1645481308.731637,
            1645481308.73165,
            1645481308.75747,
            1645481308.757487,
            1645481308.7575,
            1645481308.757504,
            1645481308.980268,
            1645481308.980294,
            1645481309.010495,
            1645481309.010519,
            1645481309.010529,
            1645481309.011534,
            1645481309.01154,
            1645481309.011546,
            1645481309.011549,
            1645481309.462971,
            1645481309.46309,
            1645481309.492424,
            1645481309.492508,
            1645481309.492517,
            1645481309.516464,
            1645481309.516488,
            1645481309.516497,
            1645481309.5165,
            1645481310.075177,
            1645481310.075208,
            1645481310.105513,
            1645481310.105539
        ],
        "ps_list": [
            158,
            184,
            225,
            66,
            121,
            66,
            110,
            66,
            97,
            66,
            101,
            66,
            191,
            66,
            260,
            66,
            66,
            121,
            225,
            66,
            66,
            101,
            66,
            145,
            66,
            255,
            66,
            121,
            225,
            66,
            101,
            66,
            121,
            66,
            363,
            66,
            121,
            225,
            66,
            101,
            66,
            121,
            66,
            492,
            66,
            121,
            225,
            66,
            101,
            66,
            121,
            66,
            297,
            66,
            121,
            225,
            66,
            101,
            66,
            127,
            66,
            363,
            66,
            121,
            225,
            66,
            101
        ],
        "direction_list": [
            0,
            0,
            0,
            1,
            1,
            0,
            1,
            0,
            0,
            1,
            1,
            0,
            1,
            0,
            1,
            0,
            1,
            0,
            0,
            1,
            1,
            1,
            0,
            1,
            0,
            1,
            0,
            0,
            0,
            1,
            1,
            0,
            1,
            0,
            1,
            0,
            0,
            0,
            1,
            1,
            0,
            1,
            0,
            1,
            0,
            0,
            0,
            1,
            1,
            0,
            1,
            0,
            1,
            0,
            0,
            0,
            1,
            1,
            0,
            1,
            0,
            1,
            0,
            0,
            0,
            1,
            1
        ],
        "piat_list": [
            0.34999847412109375,
            0.270843505859375,
            0.03910064697265625,
            29.160022735595703,
            0.028848648071289062,
            0.014066696166992188,
            0.01811981201171875,
            0.0069141387939453125,
            0.164031982421875,
            0.7619857788085938,
            0.0050067901611328125,
            0.0040531158447265625,
            0.9508132934570312,
            0.0050067901611328125,
            0.11610984802246094,
            0.0040531158447265625,
            67.89994239807129,
            231.02188110351562,
            0.03814697265625,
            32.86385536193848,
            0.028133392333984375,
            0.13184547424316406,
            0.015020370483398438,
            1.7490386962890625,
            0.0050067901611328125,
            0.0059604644775390625,
            0.0030994415283203125,
            47.367095947265625,
            0.027894973754882812,
            30.647993087768555,
            0.029087066650390625,
            0.012874603271484375,
            27.92501449584961,
            0.04601478576660156,
            0.015974044799804688,
            0.0059604644775390625,
            260.82897186279297,
            0.030994415283203125,
            30.390024185180664,
            0.029087066650390625,
            0.013113021850585938,
            25.819778442382812,
            0.0171661376953125,
            0.012874603271484375,
            0.0040531158447265625,
            222.7640151977539,
            0.025987625122070312,
            30.200958251953125,
            0.024080276489257812,
            0.010013580322265625,
            1.004934310913086,
            0.0059604644775390625,
            0.0059604644775390625,
            0.0030994415283203125,
            451.42197608947754,
            0.11897087097167969,
            29.334068298339844,
            0.08392333984375,
            0.009059906005859375,
            23.94700050354004,
            0.024080276489257812,
            0.008821487426757812,
            0.0030994415283203125,
            558.6769580841064,
            0.030994415283203125,
            30.305147171020508,
            0.025987625122070312
        ]
    }
}