{
    "(2886734945, 3741648133, 51976, 443, 'tcp', 0)": {
        "ts_list": [
            1645609129.221554,
            1645609129.221726,
            1645609129.221753,
            1645609129.229842,
            1645609129.22987,
            1645609129.229999,
            1645609129.230005,
            1645609129.230013,
            1645609129.230019,
            1645609129.230024,
            1645609129.230101,
            1645609129.230108,
            1645609129.230112,
            1645609129.230202,
            1645609129.230207,
            1645609129.230214,
            1645609129.230219,
            1645609129.277953,
            1645609129.557515,
            1645609129.55755,
            1645609129.565936,
            1645609129.566011,
            1645609129.566113,
            1645609129.566129,
            1645609129.566145,
            1645609129.566153,
            1645609129.566158,
            1645609129.566162,
            1645609129.660912,
            1645609129.660941,
            1645609129.669245,
            1645609129.669335,
            1645609129.669354,
            1645609129.669433,
            1645609129.669439,
            1645609129.669445,
            1645609129.669449,
            1645609129.894027,
            1645609129.894057,
            1645609129.894139,
            1645609129.902377,
            1645609129.902502,
            1645609129.902519,
            1645609129.902597,
            1645609129.902601,
            1645609129.902701,
            1645609129.902705,
            1645609129.902707,
            1645609129.90271,
            1645609129.902713,
            1645609129.902717
        ],
        "ps_list": [
            158,
            184,
            225,
            121,
            66,
            97,
            101,
            66,
            97,
            66,
            66,
            101,
            66,
            191,
            66,
            260,
            66,
            66,
            121,
            225,
            66,
            66,
            101,
            66,
            122,
            66,
            255,
            66,
            121,
            225,
            66,
            101,
            66,
            120,
            66,
            299,
            66,
            121,
            225,
            280,
            66,
            101,
            66,
            134,
            66,
            385,
            66,
            121,
            66,
            734,
            66
        ],
        "direction_list": [
            0,
            0,
            0,
            1,
            0,
            0,
            1,
            0,
            1,
            0,
            1,
            1,
            0,
            1,
            0,
            1,
            0,
            1,
            0,
            0,
            1,
            1,
            1,
            0,
            1,
            0,
            1,
            0,
            0,
            0,
            1,
            1,
            0,
            1,
            0,
            1,
            0,
            0,
            0,
            0,
            1,
            1,
            0,
            1,
            0,
            1,
            0,
            1,
            0,
            1,
            0
        ],
        "piat_list": [
            0.2620220184326172,
            0.17189979553222656,
            0.026941299438476562,
            8.089065551757812,
            0.028133392333984375,
            0.1289844512939453,
            0.0059604644775390625,
            0.007867813110351562,
            0.006198883056640625,
            0.0050067901611328125,
            0.07700920104980469,
            0.0069141387939453125,
            0.0040531158447265625,
            0.08988380432128906,
            0.0050067901611328125,
            0.007152557373046875,
            0.00476837158203125,
            47.73402214050293,
            279.56199645996094,
            0.03504753112792969,
            8.38613510131836,
            0.07486343383789062,
            0.10204315185546875,
            0.015974044799804688,
            0.015974044799804688,
            0.008106231689453125,
            0.0050067901611328125,
            0.0040531158447265625,
            94.74992752075195,
            0.028848648071289062,
            8.304119110107422,
            0.08988380432128906,
            0.019073486328125,
            0.07915496826171875,
            0.0059604644775390625,
            0.0059604644775390625,
            0.0040531158447265625,
            224.5779037475586,
            0.030040740966796875,
            0.0820159912109375,
            8.237838745117188,
            0.1251697540283203,
            0.016927719116210938,
            0.07796287536621094,
            0.0040531158447265625,
            0.09989738464355469,
            0.0040531158447265625,
            0.0021457672119140625,
            0.00286102294921875,
            0.0030994415283203125,
            0.0040531158447265625
        ]
    }
}