{
    "(2886734945, 3741648133, 52112, 443, 'tcp', 0)": {
        "ts_list": [
            1645609314.910919,
            1645609314.911098,
            1645609314.911122,
            1645609314.919812,
            1645609314.919837,
            1645609314.919846,
            1645609314.919856,
            1645609314.919865,
            1645609314.91999,
            1645609314.920118,
            1645609314.920122,
            1645609314.920124,
            1645609314.920127,
            1645609314.920131,
            1645609314.920134,
            1645609314.92341,
            1645609314.971676,
            1645609315.260503,
            1645609315.260541,
            1645609315.269374,
            1645609315.269402,
            1645609315.269446,
            1645609315.269458,
            1645609315.269546,
            1645609315.26955,
            1645609315.269552,
            1645609315.269568,
            1645609315.380097,
            1645609315.380124,
            1645609315.388981,
            1645609315.389002,
            1645609315.389014,
            1645609315.389035,
            1645609315.389044,
            1645609315.389047,
            1645609315.389052,
            1645609315.709144,
            1645609315.709178,
            1645609315.709279,
            1645609315.709294,
            1645609315.717969,
            1645609315.718037,
            1645609315.718053,
            1645609315.718068,
            1645609315.718078,
            1645609315.718139,
            1645609315.718143,
            1645609315.718241,
            1645609315.718244,
            1645609315.718342,
            1645609315.718347
        ],
        "ps_list": [
            164,
            184,
            225,
            66,
            121,
            66,
            110,
            66,
            66,
            101,
            66,
            190,
            66,
            260,
            66,
            97,
            66,
            121,
            225,
            66,
            66,
            101,
            66,
            145,
            66,
            255,
            66,
            121,
            225,
            66,
            101,
            66,
            121,
            66,
            299,
            66,
            121,
            225,
            121,
            225,
            66,
            101,
            66,
            120,
            66,
            398,
            66,
            121,
            66,
            971,
            66
        ],
        "direction_list": [
            0,
            0,
            0,
            1,
            1,
            0,
            1,
            0,
            1,
            1,
            0,
            1,
            0,
            1,
            0,
            0,
            1,
            0,
            0,
            1,
            1,
            1,
            0,
            1,
            0,
            1,
            0,
            0,
            0,
            1,
            1,
            0,
            1,
            0,
            1,
            0,
            0,
            0,
            0,
            0,
            1,
            1,
            0,
            1,
            0,
            1,
            0,
            1,
            0,
            1,
            0
        ],
        "piat_list": [
            0.2880096435546875,
            0.17905235290527344,
            0.024080276489257812,
            8.68988037109375,
            0.025033950805664062,
            0.009059906005859375,
            0.010013580322265625,
            0.008821487426757812,
            0.1251697540283203,
            0.12803077697753906,
            0.003814697265625,
            0.0021457672119140625,
            0.00286102294921875,
            0.0040531158447265625,
            0.0030994415283203125,
            3.2758712768554688,
            48.26617240905762,
            288.82694244384766,
            0.03790855407714844,
            8.832931518554688,
            0.028133392333984375,
            0.0438690185546875,
            0.012159347534179688,
            0.08797645568847656,
            0.0040531158447265625,
            0.0019073486328125,
            0.015974044799804688,
            110.52894592285156,
            0.027179718017578125,
            8.857011795043945,
            0.0209808349609375,
            0.011920928955078125,
            0.0209808349609375,
            0.009059906005859375,
            0.00286102294921875,
            0.0050067901611328125,
            320.09220123291016,
            0.033855438232421875,
            0.1010894775390625,
            0.015020370483398438,
            8.674860000610352,
            0.06794929504394531,
            0.01621246337890625,
            0.014781951904296875,
            0.010013580322265625,
            0.06103515625,
            0.0040531158447265625,
            0.09799003601074219,
            0.0030994415283203125,
            0.09799003601074219,
            0.0050067901611328125
        ]
    }
}