{
    "(2886734945, 3741713926, 42570, 443, 'tcp', 0)": {
        "ts_list": [
            1644889197.547926,
            1644889197.548098,
            1644889197.548124,
            1644889197.573982,
            1644889197.574009,
            1644889197.574033,
            1644889197.574037,
            1644889197.574041,
            1644889197.574159,
            1644889197.574162,
            1644889197.574177,
            1644889197.574966,
            1644889197.574973,
            1644889197.575062,
            1644889197.575067,
            1644889197.640006,
            1644889197.790864,
            1644889197.790901,
            1644889197.816962,
            1644889197.816983,
            1644889197.817034,
            1644889197.817044,
            1644889197.818003,
            1644889197.818008,
            1644889197.818104,
            1644889197.818108,
            1644889197.873983,
            1644889197.874016,
            1644889197.899976,
            1644889197.899999,
            1644889197.900009,
            1644889197.900937,
            1644889197.900946,
            1644889197.901034,
            1644889197.901038,
            1644889197.94791,
            1644889197.947941,
            1644889197.974018,
            1644889197.974045,
            1644889197.974057,
            1644889197.974999,
            1644889197.975013,
            1644889197.97502,
            1644889197.975024,
            1644889198.1832,
            1644889198.183228,
            1644889198.209034,
            1644889198.209137,
            1644889198.209146,
            1644889198.209989,
            1644889198.21003,
            1644889198.210088,
            1644889198.21013,
            1644889198.233432,
            1644889198.233455,
            1644889198.260024,
            1644889198.26014,
            1644889198.261339,
            1644889198.261365,
            1644889198.261436,
            1644889198.30278
        ],
        "ps_list": [
            158,
            184,
            225,
            66,
            121,
            66,
            110,
            66,
            101,
            97,
            66,
            191,
            66,
            260,
            66,
            66,
            121,
            225,
            66,
            66,
            101,
            66,
            121,
            66,
            255,
            66,
            121,
            225,
            66,
            101,
            66,
            120,
            66,
            325,
            66,
            121,
            225,
            66,
            101,
            66,
            108,
            66,
            334,
            66,
            121,
            225,
            66,
            101,
            66,
            144,
            66,
            297,
            66,
            121,
            225,
            66,
            101,
            120,
            66,
            337,
            66
        ],
        "direction_list": [
            0,
            0,
            0,
            1,
            1,
            0,
            1,
            0,
            1,
            0,
            0,
            1,
            0,
            1,
            0,
            1,
            0,
            0,
            1,
            1,
            1,
            0,
            1,
            0,
            1,
            0,
            0,
            0,
            1,
            1,
            0,
            1,
            0,
            1,
            0,
            0,
            0,
            1,
            1,
            0,
            1,
            0,
            1,
            0,
            0,
            0,
            1,
            1,
            0,
            1,
            0,
            1,
            0,
            0,
            0,
            1,
            1,
            1,
            0,
            1,
            0
        ],
        "piat_list": [
            0.2608299255371094,
            0.17213821411132812,
            0.025987625122070312,
            25.857925415039062,
            0.026941299438476562,
            0.024080276489257812,
            0.0040531158447265625,
            0.003814697265625,
            0.11801719665527344,
            0.0030994415283203125,
            0.015020370483398438,
            0.7889270782470703,
            0.007152557373046875,
            0.08893013000488281,
            0.0050067901611328125,
            64.93902206420898,
            150.85792541503906,
            0.03695487976074219,
            26.061058044433594,
            0.0209808349609375,
            0.051021575927734375,
            0.010013580322265625,
            0.9589195251464844,
            0.0050067901611328125,
            0.09608268737792969,
            0.0040531158447265625,
            55.87482452392578,
            0.03314018249511719,
            25.95996856689453,
            0.02288818359375,
            0.010013580322265625,
            0.9281635284423828,
            0.008821487426757812,
            0.08821487426757812,
            0.003814697265625,
            46.87213897705078,
            0.030994415283203125,
            26.0770320892334,
            0.026941299438476562,
            0.011920928955078125,
            0.9419918060302734,
            0.014066696166992188,
            0.0069141387939453125,
            0.0040531158447265625,
            208.1758975982666,
            0.028133392333984375,
            25.805950164794922,
            0.102996826171875,
            0.009059906005859375,
            0.843048095703125,
            0.04100799560546875,
            0.05793571472167969,
            0.041961669921875,
            23.302078247070312,
            0.02288818359375,
            26.569128036499023,
            0.11587142944335938,
            1.1990070343017578,
            0.025987625122070312,
            0.07104873657226562,
            41.34392738342285
        ]
    }
}