{
    "(2886734945, 3741648133, 54964, 443, 'tcp', 0)": {
        "ts_list": [
            1645703038.637546,
            1645703038.637707,
            1645703038.637735,
            1645703038.646394,
            1645703038.646417,
            1645703038.646481,
            1645703038.646485,
            1645703038.646489,
            1645703038.64649,
            1645703038.646495,
            1645703038.646579,
            1645703038.646582,
            1645703038.646681,
            1645703038.646684,
            1645703038.646687,
            1645703038.646689,
            1645703038.649266,
            1645703038.697586,
            1645703038.997086,
            1645703038.997119,
            1645703039.005775,
            1645703039.00579,
            1645703039.005937,
            1645703039.005946,
            1645703039.005957,
            1645703039.00596,
            1645703039.006039,
            1645703039.006042,
            1645703039.114678,
            1645703039.114705,
            1645703039.123431,
            1645703039.123515
        ],
        "ps_list": [
            158,
            184,
            225,
            121,
            66,
            66,
            101,
            66,
            97,
            66,
            101,
            66,
            191,
            66,
            260,
            66,
            97,
            66,
            121,
            225,
            66,
            66,
            101,
            66,
            121,
            66,
            255,
            66,
            121,
            225,
            66,
            101
        ],
        "direction_list": [
            0,
            0,
            0,
            1,
            0,
            1,
            1,
            0,
            1,
            0,
            1,
            0,
            1,
            0,
            1,
            0,
            0,
            1,
            0,
            0,
            1,
            1,
            1,
            0,
            1,
            0,
            1,
            0,
            0,
            0,
            1,
            1
        ],
        "piat_list": [
            0.247955322265625,
            0.1609325408935547,
            0.027894973754882812,
            8.659124374389648,
            0.02288818359375,
            0.06413459777832031,
            0.0040531158447265625,
            0.003814697265625,
            0.0011920928955078125,
            0.0050067901611328125,
            0.08392333984375,
            0.00286102294921875,
            0.09918212890625,
            0.00286102294921875,
            0.0030994415283203125,
            0.0019073486328125,
            2.577066421508789,
            48.32005500793457,
            299.4999885559082,
            0.032901763916015625,
            8.656024932861328,
            0.015020370483398438,
            0.14710426330566406,
            0.008821487426757812,
            0.010967254638671875,
            0.0030994415283203125,
            0.07891654968261719,
            0.0030994415283203125,
            108.63590240478516,
            0.027179718017578125,
            8.725881576538086,
            0.08392333984375
        ]
    }
}