{
    "(2886734945, 3741648133, 33992, 443, 'tcp', 0)": {
        "ts_list": [
            1645493335.815848,
            1645493335.816019,
            1645493335.816046,
            1645493335.82448,
            1645493335.8245,
            1645493335.824508,
            1645493335.824567,
            1645493335.824571,
            1645493335.82462,
            1645493335.825421,
            1645493335.825549,
            1645493335.825553,
            1645493335.826438,
            1645493335.826443,
            1645493335.826538,
            1645493335.826543,
            1645493335.87338,
            1645493336.126666,
            1645493336.126705,
            1645493336.135603,
            1645493336.135635,
            1645493336.135677,
            1645493336.135692,
            1645493336.13652,
            1645493336.136528,
            1645493336.136535,
            1645493336.13654,
            1645493336.274834,
            1645493336.274866,
            1645493336.283598,
            1645493336.283639,
            1645493336.283652,
            1645493336.284459,
            1645493336.284475,
            1645493336.284483,
            1645493336.284488,
            1645493336.322149,
            1645493336.322175,
            1645493336.331487,
            1645493336.331573,
            1645493336.332416,
            1645493336.332424,
            1645493336.334812,
            1645493336.595886,
            1645493336.59591,
            1645493336.604449,
            1645493336.604543,
            1645493336.605534,
            1645493336.605541,
            1645493336.606237,
            1645493336.927939,
            1645493336.927981,
            1645493336.937492,
            1645493336.937571,
            1645493336.938535,
            1645493336.93857,
            1645493336.938635,
            1645493336.978808,
            1645493337.30427,
            1645493337.304299,
            1645493337.313521,
            1645493337.313641,
            1645493337.313653,
            1645493337.314467,
            1645493337.314475,
            1645493337.314564,
            1645493337.31457
        ],
        "ps_list": [
            158,
            184,
            225,
            66,
            121,
            66,
            110,
            66,
            97,
            66,
            101,
            66,
            191,
            66,
            260,
            66,
            66,
            121,
            225,
            66,
            66,
            101,
            66,
            145,
            66,
            255,
            66,
            121,
            225,
            66,
            101,
            66,
            121,
            66,
            487,
            66,
            121,
            225,
            66,
            101,
            117,
            255,
            66,
            121,
            225,
            66,
            101,
            108,
            1024,
            66,
            121,
            225,
            66,
            101,
            121,
            66,
            297,
            66,
            121,
            225,
            66,
            101,
            66,
            145,
            66,
            272,
            66
        ],
        "direction_list": [
            0,
            0,
            0,
            1,
            1,
            0,
            1,
            0,
            0,
            1,
            1,
            0,
            1,
            0,
            1,
            0,
            1,
            0,
            0,
            1,
            1,
            1,
            0,
            1,
            0,
            1,
            0,
            0,
            0,
            1,
            1,
            0,
            1,
            0,
            1,
            0,
            0,
            0,
            1,
            1,
            1,
            1,
            0,
            0,
            0,
            1,
            1,
            1,
            1,
            0,
            0,
            0,
            1,
            1,
            1,
            0,
            1,
            0,
            0,
            0,
            1,
            1,
            0,
            1,
            0,
            1,
            0
        ],
        "piat_list": [
            0.25010108947753906,
            0.1709461212158203,
            0.026941299438476562,
            8.434057235717773,
            0.02002716064453125,
            0.007867813110351562,
            0.0591278076171875,
            0.003814697265625,
            0.049114227294921875,
            0.80108642578125,
            0.1277923583984375,
            0.0040531158447265625,
            0.885009765625,
            0.0050067901611328125,
            0.09512901306152344,
            0.0050067901611328125,
            46.83685302734375,
            253.28612327575684,
            0.03886222839355469,
            8.898019790649414,
            0.031948089599609375,
            0.04220008850097656,
            0.014781951904296875,
            0.8280277252197266,
            0.008106231689453125,
            0.0069141387939453125,
            0.0050067901611328125,
            138.29398155212402,
            0.03218650817871094,
            8.731842041015625,
            0.04100799560546875,
            0.013113021850585938,
            0.8070468902587891,
            0.015974044799804688,
            0.007867813110351562,
            0.0050067901611328125,
            37.661075592041016,
            0.025987625122070312,
            9.311914443969727,
            0.08606910705566406,
            0.843048095703125,
            0.007867813110351562,
            2.38800048828125,
            261.0740661621094,
            0.024080276489257812,
            8.538961410522461,
            0.09393692016601562,
            0.9911060333251953,
            0.0069141387939453125,
            0.6959438323974609,
            321.7020034790039,
            0.041961669921875,
            9.510993957519531,
            0.07915496826171875,
            0.9639263153076172,
            0.03504753112792969,
            0.06508827209472656,
            40.17281532287598,
            325.46210289001465,
            0.029087066650390625,
            9.221792221069336,
            0.1201629638671875,
            0.011920928955078125,
            0.8139610290527344,
            0.008106231689453125,
            0.08893013000488281,
            0.0059604644775390625
        ]
    }
}