{
    "(2886734945, 3741648133, 34326, 443, 'tcp', 0)": {
        "ts_list": [
            1645493781.025921,
            1645493781.026092,
            1645493781.026122,
            1645493781.03449,
            1645493781.034519,
            1645493781.034535,
            1645493781.034574,
            1645493781.034578,
            1645493781.03468,
            1645493781.034687,
            1645493781.034737,
            1645493781.035547,
            1645493781.035556,
            1645493781.035563,
            1645493781.035568,
            1645493781.083531,
            1645493781.347807,
            1645493781.347851,
            1645493781.356515,
            1645493781.356595,
            1645493781.356697,
            1645493781.356706,
            1645493781.357482,
            1645493781.35749,
            1645493781.357574,
            1645493781.35758,
            1645493781.46916,
            1645493781.469187,
            1645493781.477546,
            1645493781.477634,
            1645493781.477643,
            1645493781.478643,
            1645493781.478651,
            1645493781.478656,
            1645493781.478661,
            1645493781.503624,
            1645493781.503651,
            1645493781.512493,
            1645493781.512583,
            1645493781.514536,
            1645493781.514572,
            1645493781.51465,
            1645493781.558799,
            1645493781.777014,
            1645493781.777037,
            1645493781.785508,
            1645493781.785613,
            1645493781.785622,
            1645493781.786562,
            1645493781.786567,
            1645493781.786661,
            1645493781.786665,
            1645493782.052446,
            1645493782.05249,
            1645493782.061756,
            1645493782.061776,
            1645493782.061786,
            1645493782.062593,
            1645493782.062601,
            1645493782.062604,
            1645493782.062608,
            1645493782.407089,
            1645493782.407113,
            1645493782.415617,
            1645493782.415693,
            1645493782.415703,
            1645493782.416578,
            1645493782.416584,
            1645493782.41659,
            1645493782.416594
        ],
        "ps_list": [
            164,
            184,
            225,
            66,
            121,
            66,
            110,
            66,
            101,
            66,
            97,
            191,
            66,
            260,
            66,
            66,
            121,
            225,
            66,
            66,
            101,
            66,
            121,
            66,
            255,
            66,
            121,
            225,
            66,
            101,
            66,
            120,
            66,
            487,
            66,
            121,
            225,
            66,
            101,
            118,
            66,
            255,
            66,
            121,
            225,
            66,
            101,
            66,
            121,
            66,
            1024,
            66,
            121,
            225,
            66,
            101,
            66,
            142,
            66,
            297,
            66,
            121,
            225,
            66,
            101,
            66,
            122,
            66,
            272,
            66
        ],
        "direction_list": [
            0,
            0,
            0,
            1,
            1,
            0,
            1,
            0,
            1,
            0,
            0,
            1,
            0,
            1,
            0,
            1,
            0,
            0,
            1,
            1,
            1,
            0,
            1,
            0,
            1,
            0,
            0,
            0,
            1,
            1,
            0,
            1,
            0,
            1,
            0,
            0,
            0,
            1,
            1,
            1,
            0,
            1,
            0,
            0,
            0,
            1,
            1,
            0,
            1,
            0,
            1,
            0,
            0,
            0,
            1,
            1,
            0,
            1,
            0,
            1,
            0,
            0,
            0,
            1,
            1,
            0,
            1,
            0,
            1,
            0
        ],
        "piat_list": [
            0.2601146697998047,
            0.1709461212158203,
            0.030040740966796875,
            8.36801528930664,
            0.028848648071289062,
            0.015974044799804688,
            0.03910064697265625,
            0.0040531158447265625,
            0.10180473327636719,
            0.007152557373046875,
            0.050067901611328125,
            0.8099079132080078,
            0.009059906005859375,
            0.0069141387939453125,
            0.0050067901611328125,
            47.96290397644043,
            264.27602767944336,
            0.04410743713378906,
            8.66389274597168,
            0.080108642578125,
            0.10204315185546875,
            0.008821487426757812,
            0.7760524749755859,
            0.008106231689453125,
            0.08392333984375,
            0.0059604644775390625,
            111.58013343811035,
            0.026941299438476562,
            8.358955383300781,
            0.08797645568847656,
            0.009059906005859375,
            0.9999275207519531,
            0.008106231689453125,
            0.0050067901611328125,
            0.0050067901611328125,
            24.962902069091797,
            0.026941299438476562,
            8.841991424560547,
            0.09012222290039062,
            1.9528865814208984,
            0.03600120544433594,
            0.0782012939453125,
            44.148921966552734,
            218.2149887084961,
            0.02288818359375,
            8.471012115478516,
            0.10514259338378906,
            0.008821487426757812,
            0.9400844573974609,
            0.0050067901611328125,
            0.09393692016601562,
            0.0040531158447265625,
            265.7809257507324,
            0.04410743713378906,
            9.265899658203125,
            0.02002716064453125,
            0.010013580322265625,
            0.8070468902587891,
            0.008106231689453125,
            0.00286102294921875,
            0.0040531158447265625,
            344.4809913635254,
            0.024080276489257812,
            8.503913879394531,
            0.07605552673339844,
            0.010013580322265625,
            0.8749961853027344,
            0.0059604644775390625,
            0.0059604644775390625,
            0.0040531158447265625
        ]
    }
}