{
    "(2886734945, 3741648133, 45976, 443, 'tcp', 0)": {
        "ts_list": [
            1645391791.016979,
            1645391791.017157,
            1645391791.017176,
            1645391791.025515,
            1645391791.02553,
            1645391791.025546,
            1645391791.025604,
            1645391791.025607,
            1645391791.025613,
            1645391791.02562,
            1645391791.025625,
            1645391791.026551,
            1645391791.026558,
            1645391791.026564,
            1645391791.026569,
            1645391791.073516,
            1645391791.368174,
            1645391791.368208,
            1645391791.376543,
            1645391791.376563,
            1645391791.376733,
            1645391791.376744,
            1645391791.377562,
            1645391791.377567,
            1645391791.377573,
            1645391791.377577,
            1645391791.467388,
            1645391791.467414,
            1645391791.475662,
            1645391791.475743,
            1645391791.475754,
            1645391791.476727,
            1645391791.476732,
            1645391791.476739,
            1645391791.476743,
            1645391792.173188,
            1645391792.17322,
            1645391792.181759,
            1645391792.181777,
            1645391792.181785,
            1645391792.182536,
            1645391792.182542,
            1645391792.182548,
            1645391792.182552,
            1645391792.256051,
            1645391792.256072,
            1645391792.264586,
            1645391792.264601,
            1645391792.264608,
            1645391792.265521,
            1645391792.265526,
            1645391792.265673,
            1645391792.265678
        ],
        "ps_list": [
            158,
            184,
            225,
            66,
            121,
            66,
            97,
            110,
            66,
            101,
            66,
            190,
            66,
            260,
            66,
            66,
            121,
            225,
            66,
            66,
            101,
            66,
            122,
            66,
            255,
            66,
            121,
            225,
            66,
            101,
            66,
            121,
            66,
            363,
            66,
            121,
            225,
            66,
            101,
            66,
            142,
            66,
            367,
            66,
            121,
            225,
            66,
            101,
            66,
            122,
            66,
            344,
            66
        ],
        "direction_list": [
            0,
            0,
            0,
            1,
            1,
            0,
            0,
            1,
            0,
            1,
            0,
            1,
            0,
            1,
            0,
            1,
            0,
            0,
            1,
            1,
            1,
            0,
            1,
            0,
            1,
            0,
            0,
            0,
            1,
            1,
            0,
            1,
            0,
            1,
            0,
            0,
            0,
            1,
            1,
            0,
            1,
            0,
            1,
            0,
            0,
            0,
            1,
            1,
            0,
            1,
            0,
            1,
            0
        ],
        "piat_list": [
            0.2338886260986328,
            0.1780986785888672,
            0.018835067749023438,
            8.339166641235352,
            0.015020370483398438,
            0.015974044799804688,
            0.05793571472167969,
            0.0030994415283203125,
            0.0059604644775390625,
            0.0069141387939453125,
            0.0050067901611328125,
            0.9260177612304688,
            0.0069141387939453125,
            0.0059604644775390625,
            0.0050067901611328125,
            46.94700241088867,
            294.6581840515137,
            0.033855438232421875,
            8.335113525390625,
            0.02002716064453125,
            0.16999244689941406,
            0.010967254638671875,
            0.8180141448974609,
            0.0050067901611328125,
            0.0059604644775390625,
            0.0040531158447265625,
            89.81084823608398,
            0.025987625122070312,
            8.248090744018555,
            0.08106231689453125,
            0.010967254638671875,
            0.9729862213134766,
            0.0050067901611328125,
            0.0069141387939453125,
            0.0040531158447265625,
            696.4449882507324,
            0.031948089599609375,
            8.539199829101562,
            0.017881393432617188,
            0.008106231689453125,
            0.7507801055908203,
            0.006198883056640625,
            0.0059604644775390625,
            0.0040531158447265625,
            73.49896430969238,
            0.0209808349609375,
            8.513927459716797,
            0.015020370483398438,
            0.0069141387939453125,
            0.9131431579589844,
            0.0050067901611328125,
            0.1468658447265625,
            0.0050067901611328125
        ]
    }
}