{
    "(2886734945, 3741648133, 37896, 443, 'tcp', 0)": {
        "ts_list": [
            1645640320.495582,
            1645640320.495757,
            1645640320.495778,
            1645640320.504224,
            1645640320.504257,
            1645640320.504269,
            1645640320.504287,
            1645640320.504291,
            1645640320.504293,
            1645640320.504299,
            1645640320.504424,
            1645640320.50443,
            1645640320.504526,
            1645640320.50453,
            1645640320.504533,
            1645640320.504536,
            1645640320.508822,
            1645640320.5571,
            1645640320.877747,
            1645640320.877788,
            1645640320.886376,
            1645640320.886458,
            1645640320.886462,
            1645640320.886473,
            1645640320.886555,
            1645640320.886559,
            1645640320.886563,
            1645640320.886567,
            1645640320.998327,
            1645640320.998357,
            1645640321.007024,
            1645640321.007055,
            1645640321.007066,
            1645640321.007075,
            1645640321.00708,
            1645640321.0072,
            1645640321.007204
        ],
        "ps_list": [
            158,
            184,
            225,
            66,
            121,
            66,
            101,
            66,
            97,
            66,
            101,
            66,
            190,
            66,
            260,
            66,
            97,
            66,
            121,
            225,
            66,
            66,
            101,
            66,
            121,
            66,
            255,
            66,
            121,
            225,
            66,
            101,
            66,
            121,
            66,
            257,
            66
        ],
        "direction_list": [
            0,
            0,
            0,
            1,
            1,
            0,
            1,
            0,
            1,
            0,
            1,
            0,
            1,
            0,
            1,
            0,
            0,
            1,
            0,
            0,
            1,
            1,
            1,
            0,
            1,
            0,
            1,
            0,
            0,
            0,
            1,
            1,
            0,
            1,
            0,
            1,
            0
        ],
        "piat_list": [
            0.2911090850830078,
            0.17499923706054688,
            0.0209808349609375,
            8.445978164672852,
            0.032901763916015625,
            0.011920928955078125,
            0.01811981201171875,
            0.0040531158447265625,
            0.0019073486328125,
            0.0059604644775390625,
            0.1251697540283203,
            0.0059604644775390625,
            0.09584426879882812,
            0.0040531158447265625,
            0.0030994415283203125,
            0.00286102294921875,
            4.286050796508789,
            48.278093338012695,
            320.6470012664795,
            0.04100799560546875,
            8.587837219238281,
            0.0820159912109375,
            0.0040531158447265625,
            0.010967254638671875,
            0.0820159912109375,
            0.0040531158447265625,
            0.0040531158447265625,
            0.0040531158447265625,
            111.75990104675293,
            0.030040740966796875,
            8.6669921875,
            0.030994415283203125,
            0.010967254638671875,
            0.009059906005859375,
            0.0050067901611328125,
            0.11992454528808594,
            0.0040531158447265625
        ]
    }
}