{
    "(2886734945, 3741648133, 37946, 443, 'tcp', 0)": {
        "ts_list": [
            1645640493.960474,
            1645640493.960665,
            1645640493.960684,
            1645640493.968745,
            1645640493.968776,
            1645640493.968921,
            1645640493.969644,
            1645640493.969741,
            1645640493.969746,
            1645640493.969752,
            1645640493.969757,
            1645640493.969934,
            1645640493.969938,
            1645640493.970673,
            1645640493.970678,
            1645640493.970685,
            1645640493.970689,
            1645640494.017712,
            1645640494.362912,
            1645640494.362948,
            1645640494.371663,
            1645640494.37169,
            1645640494.371818,
            1645640494.371829,
            1645640494.37279,
            1645640494.372799,
            1645640494.37281,
            1645640494.372815,
            1645640494.471276,
            1645640494.471304,
            1645640494.479703,
            1645640494.479871,
            1645640494.479883,
            1645640494.480746,
            1645640494.480751,
            1645640494.480753,
            1645640494.480755
        ],
        "ps_list": [
            164,
            184,
            225,
            121,
            66,
            97,
            66,
            101,
            66,
            97,
            66,
            101,
            66,
            190,
            66,
            260,
            66,
            66,
            121,
            225,
            66,
            66,
            101,
            66,
            144,
            66,
            255,
            66,
            121,
            225,
            66,
            101,
            66,
            121,
            66,
            257,
            66
        ],
        "direction_list": [
            0,
            0,
            0,
            1,
            0,
            0,
            1,
            1,
            0,
            1,
            0,
            1,
            0,
            1,
            0,
            1,
            0,
            1,
            0,
            0,
            1,
            1,
            1,
            0,
            1,
            0,
            1,
            0,
            0,
            0,
            1,
            1,
            0,
            1,
            0,
            1,
            0
        ],
        "piat_list": [
            0.4420280456542969,
            0.19097328186035156,
            0.019073486328125,
            8.060932159423828,
            0.030994415283203125,
            0.14495849609375,
            0.7231235504150391,
            0.09703636169433594,
            0.0050067901611328125,
            0.0059604644775390625,
            0.0050067901611328125,
            0.17690658569335938,
            0.0040531158447265625,
            0.7350444793701172,
            0.0050067901611328125,
            0.0069141387939453125,
            0.0040531158447265625,
            47.02305793762207,
            345.1998233795166,
            0.03600120544433594,
            8.715152740478516,
            0.026941299438476562,
            0.12803077697753906,
            0.010967254638671875,
            0.9610652923583984,
            0.008821487426757812,
            0.010967254638671875,
            0.0050067901611328125,
            98.46115112304688,
            0.027894973754882812,
            8.399009704589844,
            0.16808509826660156,
            0.011920928955078125,
            0.8630752563476562,
            0.0050067901611328125,
            0.0019073486328125,
            0.0021457672119140625
        ]
    }
}