{
    "(2886734945, 3741648133, 59280, 443, 'tcp', 0)": {
        "ts_list": [
            1644972480.728215,
            1644972480.728379,
            1644972480.728402,
            1644972480.731855,
            1644972480.731878,
            1644972480.735358,
            1644972480.737799,
            1644972480.737818,
            1644972480.737825,
            1644972480.737833,
            1644972480.737837,
            1644972480.737966,
            1644972480.73797,
            1644972480.738804,
            1644972480.738808,
            1644972480.738901,
            1644972480.738905,
            1644972480.784816,
            1644972480.99,
            1644972480.990037,
            1644972480.998798,
            1644972480.99882,
            1644972480.998983,
            1644972480.998992,
            1644972480.999814,
            1644972480.999819,
            1644972480.999912,
            1644972480.999916,
            1644972481.048825,
            1644972481.048854,
            1644972481.05792,
            1644972481.058002,
            1644972481.058013,
            1644972481.058836,
            1644972481.058848,
            1644972481.058859,
            1644972481.058863
        ],
        "ps_list": [
            158,
            184,
            225,
            121,
            66,
            97,
            66,
            101,
            66,
            97,
            66,
            101,
            66,
            190,
            66,
            260,
            66,
            66,
            121,
            225,
            66,
            66,
            101,
            66,
            121,
            66,
            255,
            66,
            121,
            225,
            66,
            101,
            66,
            144,
            66,
            251,
            66
        ],
        "direction_list": [
            0,
            0,
            0,
            1,
            0,
            0,
            1,
            1,
            0,
            1,
            0,
            1,
            0,
            1,
            0,
            1,
            0,
            1,
            0,
            0,
            1,
            1,
            1,
            0,
            1,
            0,
            1,
            0,
            0,
            0,
            1,
            1,
            0,
            1,
            0,
            1,
            0
        ],
        "piat_list": [
            5.888938903808594,
            0.164031982421875,
            0.02288818359375,
            3.4530162811279297,
            0.023126602172851562,
            3.4799575805664062,
            2.440929412841797,
            0.019073486328125,
            0.0069141387939453125,
            0.008106231689453125,
            0.0040531158447265625,
            0.1289844512939453,
            0.0040531158447265625,
            0.8339881896972656,
            0.003814697265625,
            0.09298324584960938,
            0.0040531158447265625,
            45.91107368469238,
            205.1839828491211,
            0.03695487976074219,
            8.760929107666016,
            0.022172927856445312,
            0.1628398895263672,
            0.009059906005859375,
            0.8220672607421875,
            0.0050067901611328125,
            0.09298324584960938,
            0.0040531158447265625,
            48.90894889831543,
            0.029087066650390625,
            9.065866470336914,
            0.0820159912109375,
            0.010967254638671875,
            0.8230209350585938,
            0.011920928955078125,
            0.011205673217773438,
            0.003814697265625
        ]
    }
}