{
    "(2886734945, 3741648133, 36450, 443, 'tcp', 0)": {
        "ts_list": [
            1645129677.937048,
            1645129677.93722,
            1645129677.937244,
            1645129677.946197,
            1645129677.946225,
            1645129677.946234,
            1645129677.946251,
            1645129677.946256,
            1645129677.946258,
            1645129677.946261,
            1645129677.946336,
            1645129677.946382,
            1645129677.946386,
            1645129677.947258,
            1645129677.947265,
            1645129677.947356,
            1645129677.947361,
            1645129677.995284,
            1645129678.230703,
            1645129678.230741,
            1645129678.240235,
            1645129678.240264,
            1645129678.240268,
            1645129678.240277,
            1645129678.241258,
            1645129678.241264,
            1645129678.241356,
            1645129678.24136,
            1645129678.334149,
            1645129678.334181,
            1645129678.343362,
            1645129678.343393,
            1645129678.343405,
            1645129678.344203,
            1645129678.344213,
            1645129678.3443,
            1645129678.344305,
            1645129678.873009,
            1645129678.873042,
            1645129678.877233,
            1645129678.877276,
            1645129678.882667,
            1645129678.882692,
            1645129678.882707,
            1645129678.88328,
            1645129678.883288,
            1645129678.883411,
            1645129678.88342,
            1645129678.886278,
            1645129678.886359,
            1645129678.886376,
            1645129678.887275,
            1645129678.887294,
            1645129678.887314,
            1645129678.887323,
            1645129678.901841,
            1645129678.90187,
            1645129678.911268,
            1645129678.911352,
            1645129678.912349,
            1645129678.912376,
            1645129678.912445,
            1645129678.954788
        ],
        "ps_list": [
            158,
            184,
            225,
            66,
            121,
            66,
            101,
            66,
            97,
            66,
            97,
            101,
            66,
            191,
            66,
            260,
            66,
            66,
            121,
            225,
            66,
            66,
            101,
            66,
            143,
            66,
            255,
            66,
            121,
            225,
            66,
            101,
            66,
            122,
            66,
            252,
            66,
            121,
            225,
            121,
            225,
            66,
            101,
            66,
            122,
            66,
            272,
            66,
            66,
            101,
            66,
            120,
            66,
            369,
            66,
            121,
            225,
            66,
            101,
            108,
            66,
            344,
            66
        ],
        "direction_list": [
            0,
            0,
            0,
            1,
            1,
            0,
            1,
            0,
            1,
            0,
            0,
            1,
            0,
            1,
            0,
            1,
            0,
            1,
            0,
            0,
            1,
            1,
            1,
            0,
            1,
            0,
            1,
            0,
            0,
            0,
            1,
            1,
            0,
            1,
            0,
            1,
            0,
            0,
            0,
            0,
            0,
            1,
            1,
            0,
            1,
            0,
            1,
            0,
            1,
            1,
            0,
            1,
            0,
            1,
            0,
            0,
            0,
            1,
            1,
            1,
            0,
            1,
            0
        ],
        "piat_list": [
            0.2410411834716797,
            0.17213821411132812,
            0.02384185791015625,
            8.953094482421875,
            0.027894973754882812,
            0.009059906005859375,
            0.016927719116210938,
            0.0050067901611328125,
            0.0021457672119140625,
            0.00286102294921875,
            0.07510185241699219,
            0.04601478576660156,
            0.0040531158447265625,
            0.8718967437744141,
            0.0069141387939453125,
            0.09107589721679688,
            0.0050067901611328125,
            47.92308807373047,
            235.41903495788574,
            0.03790855407714844,
            9.49406623840332,
            0.028848648071289062,
            0.0040531158447265625,
            0.009059906005859375,
            0.9808540344238281,
            0.006198883056640625,
            0.09179115295410156,
            0.0040531158447265625,
            92.7889347076416,
            0.03218650817871094,
            9.181022644042969,
            0.030994415283203125,
            0.011920928955078125,
            0.7979869842529297,
            0.010013580322265625,
            0.08702278137207031,
            0.0050067901611328125,
            528.7039279937744,
            0.03314018249511719,
            4.190921783447266,
            0.04291534423828125,
            5.391120910644531,
            0.025033950805664062,
            0.015020370483398438,
            0.5729198455810547,
            0.007867813110351562,
            0.12302398681640625,
            0.009059906005859375,
            2.8579235076904297,
            0.08106231689453125,
            0.016927719116210938,
            0.8990764617919922,
            0.019073486328125,
            0.02002716064453125,
            0.008821487426757812,
            14.518022537231445,
            0.029087066650390625,
            9.39798355102539,
            0.08392333984375,
            0.9970664978027344,
            0.026941299438476562,
            0.06914138793945312,
            42.3429012298584
        ]
    }
}