{
    "(2886734945, 3741648133, 58994, 443, 'tcp', 0)": {
        "ts_list": [
            1645419298.064829,
            1645419298.065017,
            1645419298.065035,
            1645419298.074481,
            1645419298.074502,
            1645419298.074517,
            1645419298.074526,
            1645419298.074531,
            1645419298.074617,
            1645419298.074663,
            1645419298.074667,
            1645419298.075495,
            1645419298.075501,
            1645419298.075592,
            1645419298.075596,
            1645419298.12342,
            1645419298.396271,
            1645419298.396306,
            1645419298.405373,
            1645419298.405398,
            1645419298.405548,
            1645419298.405562,
            1645419298.406409,
            1645419298.406413,
            1645419298.406416,
            1645419298.40642,
            1645419298.468322,
            1645419298.46835,
            1645419298.477441,
            1645419298.477466,
            1645419298.477475,
            1645419298.478436,
            1645419298.478441,
            1645419298.478446,
            1645419298.478449,
            1645419299.008159,
            1645419299.008193,
            1645419299.017462,
            1645419299.017544,
            1645419299.017556,
            1645419299.018513,
            1645419299.018519,
            1645419299.018523,
            1645419299.018526,
            1645419299.028356,
            1645419299.028381,
            1645419299.037418,
            1645419299.037539,
            1645419299.039565,
            1645419299.039574,
            1645419299.041078
        ],
        "ps_list": [
            158,
            184,
            225,
            66,
            121,
            66,
            110,
            66,
            97,
            101,
            66,
            191,
            66,
            260,
            66,
            66,
            121,
            225,
            66,
            66,
            101,
            66,
            122,
            66,
            255,
            66,
            121,
            225,
            66,
            101,
            66,
            121,
            66,
            259,
            66,
            121,
            225,
            66,
            101,
            66,
            130,
            66,
            297,
            66,
            121,
            225,
            66,
            101,
            121,
            272,
            66
        ],
        "direction_list": [
            0,
            0,
            0,
            1,
            1,
            0,
            1,
            0,
            0,
            1,
            0,
            1,
            0,
            1,
            0,
            1,
            0,
            0,
            1,
            1,
            1,
            0,
            1,
            0,
            1,
            0,
            0,
            0,
            1,
            1,
            0,
            1,
            0,
            1,
            0,
            0,
            0,
            1,
            1,
            0,
            1,
            0,
            1,
            0,
            0,
            0,
            1,
            1,
            1,
            1,
            0
        ],
        "piat_list": [
            0.24008750915527344,
            0.18787384033203125,
            0.01811981201171875,
            9.445905685424805,
            0.0209808349609375,
            0.015020370483398438,
            0.009059906005859375,
            0.0050067901611328125,
            0.0858306884765625,
            0.04601478576660156,
            0.0040531158447265625,
            0.8280277252197266,
            0.0059604644775390625,
            0.09107589721679688,
            0.0040531158447265625,
            47.82390594482422,
            272.85099029541016,
            0.03504753112792969,
            9.067058563232422,
            0.0247955322265625,
            0.15020370483398438,
            0.013828277587890625,
            0.8471012115478516,
            0.0040531158447265625,
            0.00286102294921875,
            0.0040531158447265625,
            61.90204620361328,
            0.027894973754882812,
            9.09113883972168,
            0.025033950805664062,
            0.008821487426757812,
            0.9610652923583984,
            0.0050067901611328125,
            0.0050067901611328125,
            0.0030994415283203125,
            529.7098159790039,
            0.03409385681152344,
            9.268999099731445,
            0.0820159912109375,
            0.011920928955078125,
            0.9570121765136719,
            0.0059604644775390625,
            0.0040531158447265625,
            0.0030994415283203125,
            9.829998016357422,
            0.025033950805664062,
            9.036779403686523,
            0.12111663818359375,
            2.026081085205078,
            0.008821487426757812,
            1.5041828155517578
        ]
    }
}