{
    "(2886734945, 3741648133, 52462, 443, 'tcp', 0)": {
        "ts_list": [
            1645401529.102683,
            1645401529.103291,
            1645401529.103363,
            1645401529.110986,
            1645401529.111072,
            1645401529.11108,
            1645401529.111318,
            1645401529.111323,
            1645401529.111965,
            1645401529.112066,
            1645401529.112071,
            1645401529.11304,
            1645401529.113057,
            1645401529.113207,
            1645401529.113211,
            1645401529.118411,
            1645401529.167135,
            1645401529.418711,
            1645401529.418747,
            1645401529.426959,
            1645401529.426981,
            1645401529.427133,
            1645401529.427146,
            1645401529.428011,
            1645401529.428019,
            1645401529.428265,
            1645401529.428271,
            1645401529.489052,
            1645401529.48908,
            1645401529.497029,
            1645401529.497054,
            1645401529.497063,
            1645401529.498025,
            1645401529.498035,
            1645401529.498044,
            1645401529.498048,
            1645401530.00496,
            1645401530.004992,
            1645401530.013958,
            1645401530.01407,
            1645401530.01408,
            1645401530.014981,
            1645401530.014986,
            1645401530.01517,
            1645401530.015174,
            1645401530.020069,
            1645401530.020091,
            1645401530.027967,
            1645401530.028033,
            1645401530.028059,
            1645401530.028098,
            1645401530.029018,
            1645401530.029032,
            1645401530.029048,
            1645401530.036067,
            1645401530.036079,
            1645401530.03698,
            1645401530.03699,
            1645401530.037024,
            1645401530.2897,
            1645401530.289723,
            1645401530.297949,
            1645401530.29815,
            1645401530.299005,
            1645401530.299007,
            1645401530.299703,
            1645401532.028567,
            1645401532.028612,
            1645401532.037012,
            1645401532.03709,
            1645401532.037974,
            1645401532.037981,
            1645401532.037998
        ],
        "ps_list": [
            158,
            184,
            225,
            66,
            121,
            66,
            110,
            66,
            66,
            101,
            66,
            190,
            66,
            260,
            66,
            97,
            66,
            121,
            225,
            66,
            66,
            101,
            66,
            122,
            66,
            255,
            66,
            121,
            225,
            66,
            101,
            66,
            120,
            66,
            334,
            66,
            121,
            225,
            66,
            101,
            66,
            121,
            66,
            298,
            66,
            121,
            225,
            66,
            121,
            225,
            101,
            144,
            309,
            66,
            66,
            101,
            122,
            272,
            66,
            121,
            225,
            66,
            101,
            121,
            403,
            66,
            121,
            225,
            66,
            101,
            127,
            309,
            66
        ],
        "direction_list": [
            0,
            0,
            0,
            1,
            1,
            0,
            1,
            0,
            1,
            1,
            0,
            1,
            0,
            1,
            0,
            0,
            1,
            0,
            0,
            1,
            1,
            1,
            0,
            1,
            0,
            1,
            0,
            0,
            0,
            1,
            1,
            0,
            1,
            0,
            1,
            0,
            0,
            0,
            1,
            1,
            0,
            1,
            0,
            1,
            0,
            0,
            0,
            1,
            0,
            0,
            1,
            1,
            1,
            0,
            1,
            1,
            1,
            1,
            0,
            0,
            0,
            1,
            1,
            1,
            1,
            0,
            0,
            0,
            1,
            1,
            1,
            1,
            0
        ],
        "piat_list": [
            0.5409717559814453,
            0.6079673767089844,
            0.07200241088867188,
            7.622957229614258,
            0.08606910705566406,
            0.007867813110351562,
            0.23818016052246094,
            0.0050067901611328125,
            0.6418228149414062,
            0.1010894775390625,
            0.0050067901611328125,
            0.96893310546875,
            0.016927719116210938,
            0.15020370483398438,
            0.003814697265625,
            5.20014762878418,
            48.72393608093262,
            251.57594680786133,
            0.03600120544433594,
            8.212089538574219,
            0.02193450927734375,
            0.15211105346679688,
            0.012874603271484375,
            0.8649826049804688,
            0.008106231689453125,
            0.2460479736328125,
            0.0059604644775390625,
            60.781002044677734,
            0.027894973754882812,
            7.949113845825195,
            0.025033950805664062,
            0.008821487426757812,
            0.9620189666748047,
            0.010013580322265625,
            0.009059906005859375,
            0.0040531158447265625,
            506.9119930267334,
            0.031948089599609375,
            8.96596908569336,
            0.11205673217773438,
            0.010013580322265625,
            0.9009838104248047,
            0.0050067901611328125,
            0.18405914306640625,
            0.003814697265625,
            4.89497184753418,
            0.022172927856445312,
            7.875919342041016,
            0.06604194641113281,
            0.025987625122070312,
            0.03910064697265625,
            0.9198188781738281,
            0.014066696166992188,
            0.015974044799804688,
            7.01904296875,
            0.011920928955078125,
            0.9009838104248047,
            0.010013580322265625,
            0.03409385681152344,
            252.67601013183594,
            0.02288818359375,
            8.226156234741211,
            0.2009868621826172,
            0.8549690246582031,
            0.0019073486328125,
            0.6959438323974609,
            1728.8641929626465,
            0.04482269287109375,
            8.400201797485352,
            0.07796287536621094,
            0.8840560913085938,
            0.0069141387939453125,
            0.016927719116210938
        ]
    }
}