{
    "(2886734945, 3741713926, 47276, 443, 'tcp', 0)": {
        "ts_list": [
            1644728990.037143,
            1644728990.037317,
            1644728990.03734,
            1644728990.063908,
            1644728990.064032,
            1644728990.064043,
            1644728990.064133,
            1644728990.064138,
            1644728990.064159,
            1644728990.064234,
            1644728990.064239,
            1644728990.064987,
            1644728990.064995,
            1644728990.065,
            1644728990.065005,
            1644728990.130836,
            1644728990.268365,
            1644728990.268399,
            1644728990.294878,
            1644728990.294906,
            1644728990.294915,
            1644728990.294929,
            1644728990.295781,
            1644728990.295794,
            1644728990.295871,
            1644728990.295953,
            1644728990.354452,
            1644728990.354479,
            1644728990.355946,
            1644728990.355969,
            1644728990.38085,
            1644728990.380878,
            1644728990.380949,
            1644728990.381835,
            1644728990.381936,
            1644728990.381943,
            1644728990.381978,
            1644728990.382808,
            1644728990.382818,
            1644728990.382848,
            1644728991.14144,
            1644728991.141475,
            1644728991.167818,
            1644728991.167941,
            1644728991.167959,
            1644728991.16883,
            1644728991.168842,
            1644728991.168844,
            1644728991.16885,
            1644728992.116263,
            1644728992.11632,
            1644728992.117266,
            1644728992.117297,
            1644728992.142783,
            1644728992.142851,
            1644728992.142861,
            1644728992.1438,
            1644728992.143901,
            1644728992.143907,
            1644728992.143909,
            1644728992.143913,
            1644728992.143914,
            1644728992.143918,
            1644728992.144867,
            1644728992.144871,
            1644728992.144965,
            1644728992.14497
        ],
        "ps_list": [
            158,
            184,
            225,
            66,
            121,
            66,
            110,
            66,
            97,
            101,
            66,
            191,
            66,
            260,
            66,
            66,
            121,
            225,
            66,
            66,
            101,
            66,
            121,
            66,
            255,
            66,
            121,
            225,
            121,
            225,
            66,
            101,
            66,
            66,
            122,
            264,
            66,
            120,
            343,
            66,
            121,
            225,
            66,
            101,
            66,
            130,
            66,
            349,
            66,
            121,
            225,
            121,
            225,
            66,
            101,
            66,
            66,
            101,
            66,
            144,
            66,
            248,
            66,
            122,
            66,
            254,
            66
        ],
        "direction_list": [
            0,
            0,
            0,
            1,
            1,
            0,
            1,
            0,
            0,
            1,
            0,
            1,
            0,
            1,
            0,
            1,
            0,
            0,
            1,
            1,
            1,
            0,
            1,
            0,
            1,
            0,
            0,
            0,
            0,
            0,
            1,
            1,
            0,
            1,
            1,
            1,
            0,
            1,
            1,
            0,
            0,
            0,
            1,
            1,
            0,
            1,
            0,
            1,
            0,
            0,
            0,
            0,
            0,
            1,
            1,
            0,
            1,
            1,
            0,
            1,
            0,
            1,
            0,
            1,
            0,
            1,
            0
        ],
        "piat_list": [
            0.31304359436035156,
            0.17404556274414062,
            0.02288818359375,
            26.568174362182617,
            0.1239776611328125,
            0.010967254638671875,
            0.08988380432128906,
            0.0050067901611328125,
            0.0209808349609375,
            0.07510185241699219,
            0.0050067901611328125,
            0.7479190826416016,
            0.008106231689453125,
            0.0050067901611328125,
            0.0050067901611328125,
            65.83094596862793,
            137.5288963317871,
            0.03409385681152344,
            26.479005813598633,
            0.027894973754882812,
            0.009059906005859375,
            0.014066696166992188,
            0.8518695831298828,
            0.013113021850585938,
            0.07700920104980469,
            0.0820159912109375,
            58.49885940551758,
            0.027179718017578125,
            1.466989517211914,
            0.02288818359375,
            24.88112449645996,
            0.027894973754882812,
            0.07104873657226562,
            0.8859634399414062,
            0.1010894775390625,
            0.0069141387939453125,
            0.03504753112792969,
            0.8299350738525391,
            0.010013580322265625,
            0.030040740966796875,
            758.591890335083,
            0.03504753112792969,
            26.343107223510742,
            0.12302398681640625,
            0.017881393432617188,
            0.8709430694580078,
            0.012159347534179688,
            0.0019073486328125,
            0.0059604644775390625,
            947.4129676818848,
            0.05698204040527344,
            0.946044921875,
            0.030994415283203125,
            25.485992431640625,
            0.06818771362304688,
            0.009775161743164062,
            0.9391307830810547,
            0.1010894775390625,
            0.0059604644775390625,
            0.0019073486328125,
            0.0040531158447265625,
            0.00095367431640625,
            0.0040531158447265625,
            0.9489059448242188,
            0.0040531158447265625,
            0.09393692016601562,
            0.0050067901611328125
        ]
    }
}