{
    "(2886734945, 3741713926, 59500, 443, 'tcp', 0)": {
        "ts_list": [
            1644753259.798104,
            1644753259.79829,
            1644753259.798316,
            1644753259.824316,
            1644753259.824343,
            1644753259.824347,
            1644753259.824361,
            1644753259.824375,
            1644753259.824379,
            1644753259.824392,
            1644753259.824395,
            1644753259.824559,
            1644753259.825368,
            1644753259.825372,
            1644753259.825379,
            1644753259.825383,
            1644753259.891349,
            1644753260.052757,
            1644753260.052792,
            1644753260.079346,
            1644753260.07937,
            1644753260.079373,
            1644753260.079385,
            1644753260.08043,
            1644753260.080437,
            1644753260.080445,
            1644753260.080448,
            1644753260.163279,
            1644753260.163317,
            1644753260.189304,
            1644753260.189324,
            1644753260.189335,
            1644753260.190268,
            1644753260.190275,
            1644753260.190278,
            1644753260.190284,
            1644753260.452029,
            1644753260.452072,
            1644753260.455134,
            1644753260.455158,
            1644753260.478398,
            1644753260.478419,
            1644753260.478429,
            1644753260.479275,
            1644753260.47928,
            1644753260.479287,
            1644753260.479292,
            1644753260.481272,
            1644753260.481279,
            1644753260.481284,
            1644753260.482264,
            1644753260.48227,
            1644753260.482277,
            1644753260.48228
        ],
        "ps_list": [
            158,
            184,
            225,
            66,
            66,
            121,
            66,
            110,
            66,
            101,
            66,
            97,
            191,
            66,
            260,
            66,
            66,
            121,
            225,
            66,
            66,
            101,
            66,
            145,
            66,
            255,
            66,
            121,
            225,
            66,
            101,
            66,
            120,
            66,
            331,
            66,
            121,
            225,
            121,
            225,
            66,
            101,
            66,
            120,
            66,
            297,
            66,
            66,
            101,
            66,
            121,
            66,
            272,
            66
        ],
        "direction_list": [
            0,
            0,
            0,
            1,
            1,
            1,
            0,
            1,
            0,
            1,
            0,
            0,
            1,
            0,
            1,
            0,
            1,
            0,
            0,
            1,
            1,
            1,
            0,
            1,
            0,
            1,
            0,
            0,
            0,
            1,
            1,
            0,
            1,
            0,
            1,
            0,
            0,
            0,
            0,
            0,
            1,
            1,
            0,
            1,
            0,
            1,
            0,
            1,
            1,
            0,
            1,
            0,
            1,
            0
        ],
        "piat_list": [
            0.2570152282714844,
            0.18596649169921875,
            0.025987625122070312,
            26.000022888183594,
            0.026941299438476562,
            0.0040531158447265625,
            0.014066696166992188,
            0.013828277587890625,
            0.0040531158447265625,
            0.013113021850585938,
            0.00286102294921875,
            0.164031982421875,
            0.8089542388916016,
            0.0040531158447265625,
            0.0069141387939453125,
            0.0040531158447265625,
            65.96612930297852,
            161.4079475402832,
            0.03504753112792969,
            26.553869247436523,
            0.024080276489257812,
            0.00286102294921875,
            0.012159347534179688,
            1.0449886322021484,
            0.0069141387939453125,
            0.008106231689453125,
            0.00286102294921875,
            82.83114433288574,
            0.03790855407714844,
            25.98714828491211,
            0.019788742065429688,
            0.011205673217773438,
            0.9329319000244141,
            0.0069141387939453125,
            0.0030994415283203125,
            0.0059604644775390625,
            261.7449760437012,
            0.04291534423828125,
            3.062009811401367,
            0.024080276489257812,
            23.240089416503906,
            0.0209808349609375,
            0.010013580322265625,
            0.8459091186523438,
            0.0050067901611328125,
            0.0069141387939453125,
            0.0050067901611328125,
            1.9800662994384766,
            0.0069141387939453125,
            0.0050067901611328125,
            0.9801387786865234,
            0.0059604644775390625,
            0.0069141387939453125,
            0.0030994415283203125
        ]
    }
}