{
    "(2886734945, 3741648133, 60434, 443, 'tcp', 0)": {
        "ts_list": [
            1645765869.856617,
            1645765869.856803,
            1645765869.856823,
            1645765869.86438,
            1645765869.8644,
            1645765869.864477,
            1645765869.864484,
            1645765869.864486,
            1645765869.864489,
            1645765869.864715,
            1645765869.864832,
            1645765869.864837,
            1645765869.864839,
            1645765869.864842,
            1645765869.864847,
            1645765869.86485,
            1645765869.870494,
            1645765869.917575,
            1645765870.247136,
            1645765870.247181,
            1645765870.254918,
            1645765870.25494,
            1645765870.255334,
            1645765870.255346,
            1645765870.255435,
            1645765870.255439,
            1645765870.255441,
            1645765870.255446,
            1645765870.354756,
            1645765870.354794,
            1645765870.36274,
            1645765870.362824,
            1645765870.362834,
            1645765870.362926,
            1645765870.362932,
            1645765870.362939,
            1645765870.362944,
            1645765870.826793,
            1645765870.826834,
            1645765870.83467,
            1645765870.834698,
            1645765870.834711,
            1645765870.834716,
            1645765870.834719,
            1645765870.834853,
            1645765870.834857,
            1645765870.961068,
            1645765870.961094,
            1645765870.968973,
            1645765870.96899,
            1645765870.969,
            1645765870.969009,
            1645765870.969013,
            1645765870.969055,
            1645765870.96906,
            1645765871.054957,
            1645765871.054984,
            1645765871.06284,
            1645765871.062852,
            1645765871.062861,
            1645765871.062928,
            1645765871.062933,
            1645765871.063028,
            1645765871.063032
        ],
        "ps_list": [
            158,
            184,
            225,
            121,
            66,
            101,
            66,
            97,
            66,
            66,
            101,
            66,
            191,
            66,
            260,
            66,
            97,
            66,
            121,
            225,
            66,
            66,
            101,
            66,
            144,
            66,
            255,
            66,
            121,
            225,
            66,
            101,
            66,
            121,
            66,
            985,
            66,
            121,
            225,
            66,
            101,
            66,
            121,
            66,
            297,
            66,
            121,
            225,
            66,
            101,
            66,
            118,
            66,
            255,
            66,
            121,
            225,
            66,
            101,
            66,
            145,
            66,
            272,
            66
        ],
        "direction_list": [
            0,
            0,
            0,
            1,
            0,
            1,
            0,
            1,
            0,
            1,
            1,
            0,
            1,
            0,
            1,
            0,
            0,
            1,
            0,
            0,
            1,
            1,
            1,
            0,
            1,
            0,
            1,
            0,
            0,
            0,
            1,
            1,
            0,
            1,
            0,
            1,
            0,
            0,
            0,
            1,
            1,
            0,
            1,
            0,
            1,
            0,
            0,
            0,
            1,
            1,
            0,
            1,
            0,
            1,
            0,
            0,
            0,
            1,
            1,
            0,
            1,
            0,
            1,
            0
        ],
        "piat_list": [
            0.25391578674316406,
            0.18596649169921875,
            0.02002716064453125,
            7.556915283203125,
            0.02002716064453125,
            0.07700920104980469,
            0.007152557373046875,
            0.0019073486328125,
            0.0030994415283203125,
            0.22602081298828125,
            0.11682510375976562,
            0.0050067901611328125,
            0.0021457672119140625,
            0.00286102294921875,
            0.0050067901611328125,
            0.0030994415283203125,
            5.6438446044921875,
            47.08099365234375,
            329.5612335205078,
            0.04482269287109375,
            7.737159729003906,
            0.02193450927734375,
            0.39386749267578125,
            0.012159347534179688,
            0.08893013000488281,
            0.0040531158447265625,
            0.0019073486328125,
            0.0050067901611328125,
            99.31015968322754,
            0.03790855407714844,
            7.946014404296875,
            0.08392333984375,
            0.010013580322265625,
            0.09202957153320312,
            0.0059604644775390625,
            0.0069141387939453125,
            0.0050067901611328125,
            463.8490676879883,
            0.04100799560546875,
            7.836103439331055,
            0.027894973754882812,
            0.013113021850585938,
            0.0050067901611328125,
            0.00286102294921875,
            0.13399124145507812,
            0.0040531158447265625,
            126.21092796325684,
            0.025987625122070312,
            7.879018783569336,
            0.0171661376953125,
            0.010013580322265625,
            0.008821487426757812,
            0.0040531158447265625,
            0.041961669921875,
            0.0050067901611328125,
            85.89696884155273,
            0.027179718017578125,
            7.855892181396484,
            0.011920928955078125,
            0.009059906005859375,
            0.06699562072753906,
            0.0050067901611328125,
            0.09512901306152344,
            0.003814697265625
        ]
    }
}