{
    "(2886734945, 3741713926, 54498, 443, 'tcp', 0)": {
        "ts_list": [
            1645766390.767128,
            1645766390.767283,
            1645766390.767305,
            1645766390.793161,
            1645766390.793201,
            1645766390.793223,
            1645766390.793229,
            1645766390.793341,
            1645766390.793342,
            1645766390.793346,
            1645766390.793358,
            1645766390.79347,
            1645766390.793475,
            1645766390.793482,
            1645766390.793487,
            1645766390.793543,
            1645766390.793548,
            1645766390.858715,
            1645766391.150797,
            1645766391.150833,
            1645766391.17681,
            1645766391.176831,
            1645766391.176987,
            1645766391.177,
            1645766391.177011,
            1645766391.177016,
            1645766391.177019,
            1645766391.177024,
            1645766391.224843,
            1645766391.224869,
            1645766391.250872,
            1645766391.250898,
            1645766391.250909,
            1645766391.251053,
            1645766391.251058,
            1645766391.251063,
            1645766391.251066,
            1645766391.513367,
            1645766391.513403,
            1645766391.539445,
            1645766391.539475,
            1645766391.539487,
            1645766391.539492,
            1645766391.539496,
            1645766391.539526,
            1645766391.53953,
            1645766391.714729,
            1645766391.71478,
            1645766391.740805,
            1645766391.740843,
            1645766391.740855,
            1645766391.740865,
            1645766391.740868,
            1645766391.740875,
            1645766391.740878,
            1645766391.812199,
            1645766391.812225,
            1645766391.838199,
            1645766391.838315,
            1645766391.838323,
            1645766391.838389,
            1645766391.838393,
            1645766391.838399,
            1645766391.838402
        ],
        "ps_list": [
            158,
            184,
            225,
            121,
            66,
            101,
            66,
            97,
            97,
            66,
            66,
            101,
            66,
            190,
            66,
            260,
            66,
            66,
            121,
            225,
            66,
            66,
            101,
            66,
            144,
            66,
            255,
            66,
            121,
            225,
            66,
            101,
            66,
            121,
            66,
            633,
            66,
            121,
            225,
            66,
            101,
            66,
            121,
            66,
            297,
            66,
            121,
            225,
            66,
            101,
            66,
            118,
            66,
            255,
            66,
            121,
            225,
            66,
            101,
            66,
            122,
            66,
            272,
            66
        ],
        "direction_list": [
            0,
            0,
            0,
            1,
            0,
            1,
            0,
            0,
            1,
            1,
            0,
            1,
            0,
            1,
            0,
            1,
            0,
            1,
            0,
            0,
            1,
            1,
            1,
            0,
            1,
            0,
            1,
            0,
            0,
            0,
            1,
            1,
            0,
            1,
            0,
            1,
            0,
            0,
            0,
            1,
            1,
            0,
            1,
            0,
            1,
            0,
            0,
            0,
            1,
            1,
            0,
            1,
            0,
            1,
            0,
            0,
            0,
            1,
            1,
            0,
            1,
            0,
            1,
            0
        ],
        "piat_list": [
            0.2570152282714844,
            0.15497207641601562,
            0.02193450927734375,
            25.85601806640625,
            0.0400543212890625,
            0.02193450927734375,
            0.006198883056640625,
            0.11181831359863281,
            0.0011920928955078125,
            0.003814697265625,
            0.012159347534179688,
            0.11181831359863281,
            0.0050067901611328125,
            0.007152557373046875,
            0.0050067901611328125,
            0.05602836608886719,
            0.0050067901611328125,
            65.16695022583008,
            292.0818328857422,
            0.03600120544433594,
            25.977134704589844,
            0.0209808349609375,
            0.15592575073242188,
            0.013113021850585938,
            0.010967254638671875,
            0.0050067901611328125,
            0.00286102294921875,
            0.0050067901611328125,
            47.81913757324219,
            0.025987625122070312,
            26.002883911132812,
            0.025987625122070312,
            0.011205673217773438,
            0.14400482177734375,
            0.0050067901611328125,
            0.0050067901611328125,
            0.00286102294921875,
            262.300968170166,
            0.03600120544433594,
            26.04198455810547,
            0.030040740966796875,
            0.011920928955078125,
            0.0050067901611328125,
            0.0040531158447265625,
            0.030040740966796875,
            0.0040531158447265625,
            175.19903182983398,
            0.051021575927734375,
            26.024818420410156,
            0.03814697265625,
            0.011920928955078125,
            0.010013580322265625,
            0.0030994415283203125,
            0.0069141387939453125,
            0.0030994415283203125,
            71.32101058959961,
            0.025987625122070312,
            25.973796844482422,
            0.11610984802246094,
            0.008106231689453125,
            0.06580352783203125,
            0.0040531158447265625,
            0.0059604644775390625,
            0.0030994415283203125
        ]
    }
}