{
    "(2886734945, 3741648133, 49752, 443, 'tcp', 0)": {
        "ts_list": [
            1645532702.045702,
            1645532702.045904,
            1645532702.045928,
            1645532702.053895,
            1645532702.053921,
            1645532702.054007,
            1645532702.054013,
            1645532702.054015,
            1645532702.054018,
            1645532702.054036,
            1645532702.05421,
            1645532702.054408,
            1645532702.054412,
            1645532702.054508,
            1645532702.054512,
            1645532702.054515,
            1645532702.054518,
            1645532702.102217,
            1645532702.382275,
            1645532702.382309,
            1645532702.390527,
            1645532702.390549,
            1645532702.390557,
            1645532702.390567,
            1645532702.390574,
            1645532702.390577,
            1645532702.390696,
            1645532702.3907,
            1645532702.500961,
            1645532702.500989,
            1645532702.509252,
            1645532702.509364,
            1645532702.509379,
            1645532702.509389,
            1645532702.509393,
            1645532702.509396,
            1645532702.509398
        ],
        "ps_list": [
            158,
            184,
            225,
            121,
            66,
            101,
            66,
            97,
            66,
            97,
            66,
            101,
            66,
            190,
            66,
            260,
            66,
            66,
            121,
            225,
            66,
            66,
            101,
            66,
            122,
            66,
            255,
            66,
            121,
            225,
            66,
            101,
            66,
            122,
            66,
            252,
            66
        ],
        "direction_list": [
            0,
            0,
            0,
            1,
            0,
            1,
            0,
            1,
            0,
            0,
            1,
            1,
            0,
            1,
            0,
            1,
            0,
            1,
            0,
            0,
            1,
            1,
            1,
            0,
            1,
            0,
            1,
            0,
            0,
            0,
            1,
            1,
            0,
            1,
            0,
            1,
            0
        ],
        "piat_list": [
            0.31304359436035156,
            0.20194053649902344,
            0.024080276489257812,
            7.9669952392578125,
            0.025987625122070312,
            0.08606910705566406,
            0.0059604644775390625,
            0.0019073486328125,
            0.0030994415283203125,
            0.017881393432617188,
            0.17404556274414062,
            0.19812583923339844,
            0.003814697265625,
            0.09608268737792969,
            0.0040531158447265625,
            0.00286102294921875,
            0.0030994415283203125,
            47.698974609375,
            280.0581455230713,
            0.033855438232421875,
            8.218050003051758,
            0.02193450927734375,
            0.008106231689453125,
            0.010013580322265625,
            0.0069141387939453125,
            0.0030994415283203125,
            0.11897087097167969,
            0.0040531158447265625,
            110.2609634399414,
            0.027894973754882812,
            8.263111114501953,
            0.11181831359863281,
            0.015020370483398438,
            0.010013580322265625,
            0.0040531158447265625,
            0.0030994415283203125,
            0.0019073486328125
        ]
    }
}