{
    "(2886734945, 3741648133, 49766, 443, 'tcp', 0)": {
        "ts_list": [
            1645532725.782075,
            1645532725.782252,
            1645532725.782278,
            1645532725.790638,
            1645532725.790779,
            1645532725.790791,
            1645532725.790876,
            1645532725.79088,
            1645532725.790882,
            1645532725.790885,
            1645532725.790934,
            1645532725.791661,
            1645532725.791673,
            1645532725.791684,
            1645532725.791688,
            1645532725.839721,
            1645532726.109148,
            1645532726.109185,
            1645532726.117595,
            1645532726.117623,
            1645532726.117796,
            1645532726.117809,
            1645532726.118646,
            1645532726.118653,
            1645532726.118757,
            1645532726.118762,
            1645532726.201104,
            1645532726.201147,
            1645532726.209724,
            1645532726.2098,
            1645532726.209815,
            1645532726.210688,
            1645532726.210695,
            1645532726.210803,
            1645532726.210808
        ],
        "ps_list": [
            158,
            184,
            225,
            66,
            121,
            66,
            110,
            66,
            101,
            66,
            97,
            190,
            66,
            260,
            66,
            66,
            121,
            225,
            66,
            66,
            101,
            66,
            144,
            66,
            255,
            66,
            121,
            225,
            66,
            101,
            66,
            122,
            66,
            252,
            66
        ],
        "direction_list": [
            0,
            0,
            0,
            1,
            1,
            0,
            1,
            0,
            1,
            0,
            0,
            1,
            0,
            1,
            0,
            1,
            0,
            0,
            1,
            1,
            1,
            0,
            1,
            0,
            1,
            0,
            0,
            0,
            1,
            1,
            0,
            1,
            0,
            1,
            0
        ],
        "piat_list": [
            0.32591819763183594,
            0.17714500427246094,
            0.025987625122070312,
            8.359909057617188,
            0.141143798828125,
            0.011920928955078125,
            0.08487701416015625,
            0.0040531158447265625,
            0.0021457672119140625,
            0.00286102294921875,
            0.049114227294921875,
            0.7269382476806641,
            0.011920928955078125,
            0.010967254638671875,
            0.0040531158447265625,
            48.03299903869629,
            269.4270610809326,
            0.03695487976074219,
            8.409976959228516,
            0.028133392333984375,
            0.1728534698486328,
            0.013113021850585938,
            0.8368492126464844,
            0.007152557373046875,
            0.10395050048828125,
            0.0050067901611328125,
            82.34190940856934,
            0.04315376281738281,
            8.57686996459961,
            0.07605552673339844,
            0.015020370483398438,
            0.8730888366699219,
            0.0069141387939453125,
            0.10800361633300781,
            0.0050067901611328125
        ]
    }
}