{
    "(2886734945, 3741648133, 49784, 443, 'tcp', 0)": {
        "ts_list": [
            1645532773.230664,
            1645532773.230903,
            1645532773.230939,
            1645532773.239866,
            1645532773.239904,
            1645532773.240052,
            1645532773.240758,
            1645532773.240853,
            1645532773.240862,
            1645532773.240873,
            1645532773.240877,
            1645532773.241053,
            1645532773.241058,
            1645532773.24192,
            1645532773.241928,
            1645532773.242016,
            1645532773.242021,
            1645532773.28988,
            1645532773.588336,
            1645532773.588373,
            1645532773.597911,
            1645532773.597941,
            1645532773.597985,
            1645532773.597999,
            1645532773.598805,
            1645532773.59881,
            1645532773.598905,
            1645532773.598909,
            1645532773.716602,
            1645532773.716629,
            1645532773.726832,
            1645532773.72694,
            1645532773.726951,
            1645532773.727831,
            1645532773.727836,
            1645532773.727927,
            1645532773.727931
        ],
        "ps_list": [
            158,
            184,
            225,
            121,
            66,
            97,
            66,
            101,
            66,
            97,
            66,
            101,
            66,
            190,
            66,
            260,
            66,
            66,
            121,
            225,
            66,
            66,
            101,
            66,
            122,
            66,
            255,
            66,
            121,
            225,
            66,
            101,
            66,
            122,
            66,
            252,
            66
        ],
        "direction_list": [
            0,
            0,
            0,
            1,
            0,
            0,
            1,
            1,
            0,
            1,
            0,
            1,
            0,
            1,
            0,
            1,
            0,
            1,
            0,
            0,
            1,
            1,
            1,
            0,
            1,
            0,
            1,
            0,
            0,
            0,
            1,
            1,
            0,
            1,
            0,
            1,
            0
        ],
        "piat_list": [
            0.31304359436035156,
            0.23889541625976562,
            0.03600120544433594,
            8.927106857299805,
            0.03790855407714844,
            0.1480579376220703,
            0.7059574127197266,
            0.09512901306152344,
            0.008821487426757812,
            0.011205673217773438,
            0.003814697265625,
            0.1761913299560547,
            0.0050067901611328125,
            0.8618831634521484,
            0.008106231689453125,
            0.08797645568847656,
            0.0050067901611328125,
            47.85895347595215,
            298.45595359802246,
            0.03695487976074219,
            9.537935256958008,
            0.030040740966796875,
            0.04410743713378906,
            0.014066696166992188,
            0.8058547973632812,
            0.0050067901611328125,
            0.09512901306152344,
            0.003814697265625,
            117.69318580627441,
            0.026941299438476562,
            10.202884674072266,
            0.10800361633300781,
            0.010967254638671875,
            0.8800029754638672,
            0.0050067901611328125,
            0.09107589721679688,
            0.0040531158447265625
        ]
    }
}