{
    "(2886734945, 3741648133, 49984, 443, 'tcp', 0)": {
        "ts_list": [
            1645533143.282593,
            1645533143.282781,
            1645533143.282807,
            1645533143.290995,
            1645533143.291023,
            1645533143.291078,
            1645533143.291085,
            1645533143.291155,
            1645533143.291179,
            1645533143.291183,
            1645533143.291186,
            1645533143.291189,
            1645533143.291193,
            1645533143.291307,
            1645533143.291312,
            1645533143.291316,
            1645533143.291319,
            1645533143.338615,
            1645533143.609656,
            1645533143.609692,
            1645533143.617984,
            1645533143.618095,
            1645533143.618099,
            1645533143.618111,
            1645533143.618121,
            1645533143.618125,
            1645533143.618131,
            1645533143.618136,
            1645533143.741138,
            1645533143.741167,
            1645533143.749458,
            1645533143.749563
        ],
        "ps_list": [
            158,
            184,
            225,
            121,
            66,
            101,
            66,
            97,
            97,
            66,
            66,
            101,
            66,
            191,
            66,
            260,
            66,
            66,
            121,
            225,
            66,
            66,
            101,
            66,
            121,
            66,
            255,
            66,
            121,
            225,
            66,
            101
        ],
        "direction_list": [
            0,
            0,
            0,
            1,
            0,
            1,
            0,
            0,
            1,
            0,
            1,
            1,
            0,
            1,
            0,
            1,
            0,
            1,
            0,
            0,
            1,
            1,
            1,
            0,
            1,
            0,
            1,
            0,
            0,
            0,
            1,
            1
        ],
        "piat_list": [
            0.24390220642089844,
            0.18787384033203125,
            0.026226043701171875,
            8.18777084350586,
            0.028133392333984375,
            0.05507469177246094,
            0.0069141387939453125,
            0.07009506225585938,
            0.02384185791015625,
            0.0040531158447265625,
            0.0030994415283203125,
            0.00286102294921875,
            0.0040531158447265625,
            0.11396408081054688,
            0.0050067901611328125,
            0.0040531158447265625,
            0.00286102294921875,
            47.29604721069336,
            271.0411548614502,
            0.03600120544433594,
            8.291959762573242,
            0.11086463928222656,
            0.0040531158447265625,
            0.011920928955078125,
            0.010013580322265625,
            0.0040531158447265625,
            0.0059604644775390625,
            0.0050067901611328125,
            123.0020523071289,
            0.029087066650390625,
            8.291006088256836,
            0.1049041748046875
        ]
    }
}