{
    "(2886734945, 3741713926, 57540, 443, 'tcp', 0)": {
        "ts_list": [
            1645174573.647717,
            1645174573.647887,
            1645174573.64791,
            1645174573.67372,
            1645174573.673762,
            1645174573.673908,
            1645174573.674632,
            1645174573.674641,
            1645174573.674654,
            1645174573.674729,
            1645174573.674734,
            1645174573.674829,
            1645174573.674833,
            1645174573.675587,
            1645174573.675595,
            1645174573.675602,
            1645174573.675606,
            1645174573.740678,
            1645174573.913366,
            1645174573.9134,
            1645174573.939645,
            1645174573.939663,
            1645174573.939827,
            1645174573.939837,
            1645174573.940619,
            1645174573.940632,
            1645174573.940647,
            1645174573.940652,
            1645174573.979847,
            1645174573.979877,
            1645174574.006701,
            1645174574.006726,
            1645174574.006737,
            1645174574.008173,
            1645174574.008183,
            1645174574.008265,
            1645174574.008269
        ],
        "ps_list": [
            158,
            184,
            225,
            121,
            66,
            97,
            66,
            101,
            66,
            97,
            66,
            101,
            66,
            191,
            66,
            260,
            66,
            66,
            121,
            225,
            66,
            66,
            101,
            66,
            121,
            66,
            255,
            66,
            121,
            225,
            66,
            101,
            66,
            119,
            66,
            308,
            66
        ],
        "direction_list": [
            0,
            0,
            0,
            1,
            0,
            0,
            1,
            1,
            0,
            1,
            0,
            1,
            0,
            1,
            0,
            1,
            0,
            1,
            0,
            0,
            1,
            1,
            1,
            0,
            1,
            0,
            1,
            0,
            0,
            0,
            1,
            1,
            0,
            1,
            0,
            1,
            0
        ],
        "piat_list": [
            0.26607513427734375,
            0.16999244689941406,
            0.023126602172851562,
            25.809764862060547,
            0.04220008850097656,
            0.14591217041015625,
            0.7240772247314453,
            0.008821487426757812,
            0.013113021850585938,
            0.07510185241699219,
            0.0050067901611328125,
            0.09489059448242188,
            0.0040531158447265625,
            0.7538795471191406,
            0.008106231689453125,
            0.0069141387939453125,
            0.0040531158447265625,
            65.07205963134766,
            172.68800735473633,
            0.033855438232421875,
            26.2451171875,
            0.017881393432617188,
            0.164031982421875,
            0.010013580322265625,
            0.782012939453125,
            0.013113021850585938,
            0.014781951904296875,
            0.0050067901611328125,
            39.19506072998047,
            0.030040740966796875,
            26.823997497558594,
            0.025033950805664062,
            0.010967254638671875,
            1.435995101928711,
            0.010013580322265625,
            0.0820159912109375,
            0.0040531158447265625
        ]
    }
}