{
    "(2886734945, 3741713926, 59090, 443, 'tcp', 0)": {
        "ts_list": [
            1645274421.730282,
            1645274421.730459,
            1645274421.730487,
            1645274421.756889,
            1645274421.756919,
            1645274421.756933,
            1645274421.756948,
            1645274421.756953,
            1645274421.75707,
            1645274421.757072,
            1645274421.757081,
            1645274421.75789,
            1645274421.757896,
            1645274421.757992,
            1645274421.758,
            1645274421.823915,
            1645274422.031289,
            1645274422.031328,
            1645274422.057882,
            1645274422.057904,
            1645274422.057914,
            1645274422.057924,
            1645274422.058904,
            1645274422.058913,
            1645274422.059006,
            1645274422.059014,
            1645274422.14232,
            1645274422.142347,
            1645274422.168924,
            1645274422.169008,
            1645274422.169018,
            1645274422.169904,
            1645274422.169912,
            1645274422.170001,
            1645274422.170006,
            1645274422.270503,
            1645274422.270524,
            1645274422.296993,
            1645274422.297017,
            1645274422.297028,
            1645274422.29785,
            1645274422.297854,
            1645274422.297955,
            1645274422.297959
        ],
        "ps_list": [
            158,
            184,
            225,
            66,
            121,
            66,
            110,
            66,
            101,
            97,
            66,
            190,
            66,
            260,
            66,
            66,
            121,
            225,
            66,
            66,
            101,
            66,
            144,
            66,
            255,
            66,
            121,
            225,
            66,
            101,
            66,
            122,
            66,
            283,
            66,
            121,
            225,
            66,
            101,
            66,
            121,
            66,
            258,
            66
        ],
        "direction_list": [
            0,
            0,
            0,
            1,
            1,
            0,
            1,
            0,
            1,
            0,
            0,
            1,
            0,
            1,
            0,
            1,
            0,
            0,
            1,
            1,
            1,
            0,
            1,
            0,
            1,
            0,
            0,
            0,
            1,
            1,
            0,
            1,
            0,
            1,
            0,
            0,
            0,
            1,
            1,
            0,
            1,
            0,
            1,
            0
        ],
        "piat_list": [
            0.3001689910888672,
            0.17690658569335938,
            0.028133392333984375,
            26.401996612548828,
            0.029802322387695312,
            0.014066696166992188,
            0.015020370483398438,
            0.0050067901611328125,
            0.11706352233886719,
            0.0019073486328125,
            0.009059906005859375,
            0.8089542388916016,
            0.0059604644775390625,
            0.09608268737792969,
            0.007867813110351562,
            65.91510772705078,
            207.37409591674805,
            0.03886222839355469,
            26.554107666015625,
            0.02193450927734375,
            0.010013580322265625,
            0.010013580322265625,
            0.9799003601074219,
            0.009059906005859375,
            0.09298324584960938,
            0.008106231689453125,
            83.30583572387695,
            0.027179718017578125,
            26.576995849609375,
            0.08392333984375,
            0.010013580322265625,
            0.8859634399414062,
            0.008106231689453125,
            0.08893013000488281,
            0.0050067901611328125,
            100.49700736999512,
            0.0209808349609375,
            26.468992233276367,
            0.024080276489257812,
            0.010967254638671875,
            0.8218288421630859,
            0.0040531158447265625,
            0.1010894775390625,
            0.0040531158447265625
        ]
    }
}