{
    "(2886734945, 3741713926, 46246, 443, 'tcp', 0)": {
        "ts_list": [
            1645637490.640219,
            1645637490.640389,
            1645637490.640411,
            1645637490.664538,
            1645637490.66458,
            1645637490.664695,
            1645637490.664701,
            1645637490.664796,
            1645637490.6648,
            1645637490.664802,
            1645637490.66481,
            1645637490.664814,
            1645637490.664896,
            1645637490.664901,
            1645637490.664904,
            1645637490.664907,
            1645637490.683626,
            1645637490.747882,
            1645637490.971581,
            1645637490.971615,
            1645637490.995978,
            1645637490.996008,
            1645637490.996044,
            1645637490.996056,
            1645637490.996146,
            1645637490.99615,
            1645637490.996153,
            1645637490.996156,
            1645637491.096559,
            1645637491.096589,
            1645637491.121014,
            1645637491.121044,
            1645637491.121059,
            1645637491.121071,
            1645637491.121075,
            1645637491.121186,
            1645637491.12119
        ],
        "ps_list": [
            158,
            184,
            225,
            121,
            66,
            101,
            66,
            97,
            66,
            66,
            101,
            66,
            191,
            66,
            260,
            66,
            97,
            66,
            121,
            225,
            66,
            66,
            101,
            66,
            121,
            66,
            255,
            66,
            121,
            225,
            66,
            101,
            66,
            143,
            66,
            305,
            66
        ],
        "direction_list": [
            0,
            0,
            0,
            1,
            0,
            1,
            0,
            1,
            0,
            1,
            1,
            0,
            1,
            0,
            1,
            0,
            0,
            1,
            0,
            0,
            1,
            1,
            1,
            0,
            1,
            0,
            1,
            0,
            0,
            0,
            1,
            1,
            0,
            1,
            0,
            1,
            0
        ],
        "piat_list": [
            0.28204917907714844,
            0.16999244689941406,
            0.02193450927734375,
            24.12700653076172,
            0.04220008850097656,
            0.11491775512695312,
            0.0059604644775390625,
            0.09512901306152344,
            0.003814697265625,
            0.0021457672119140625,
            0.007867813110351562,
            0.0040531158447265625,
            0.0820159912109375,
            0.0050067901611328125,
            0.0030994415283203125,
            0.00286102294921875,
            18.718957901000977,
            64.25595283508301,
            223.69909286499023,
            0.03409385681152344,
            24.363040924072266,
            0.029802322387695312,
            0.03600120544433594,
            0.012159347534179688,
            0.08988380432128906,
            0.0040531158447265625,
            0.0030994415283203125,
            0.00286102294921875,
            100.4030704498291,
            0.030040740966796875,
            24.425029754638672,
            0.029802322387695312,
            0.015020370483398438,
            0.012159347534179688,
            0.003814697265625,
            0.11110305786132812,
            0.0040531158447265625
        ]
    }
}