{
    "(2886734945, 3741648133, 46000, 443, 'tcp', 0)": {
        "ts_list": [
            1645235903.706487,
            1645235903.706684,
            1645235903.706704,
            1645235903.718003,
            1645235903.71812,
            1645235903.718135,
            1645235903.718145,
            1645235903.718148,
            1645235903.718218,
            1645235903.718222,
            1645235903.718237,
            1645235903.721891,
            1645235903.721896,
            1645235903.721898,
            1645235903.721902,
            1645235903.768962,
            1645235903.995353,
            1645235903.99539,
            1645235904.003939,
            1645235904.003963,
            1645235904.004122,
            1645235904.004134,
            1645235904.004989,
            1645235904.004993,
            1645235904.005087,
            1645235904.005093,
            1645235904.094274,
            1645235904.094306,
            1645235904.103379,
            1645235904.103462,
            1645235904.103473,
            1645235904.104022,
            1645235904.104027,
            1645235904.104032,
            1645235904.104035
        ],
        "ps_list": [
            158,
            184,
            225,
            66,
            121,
            66,
            110,
            66,
            101,
            66,
            97,
            191,
            66,
            260,
            66,
            66,
            121,
            225,
            66,
            66,
            101,
            66,
            122,
            66,
            255,
            66,
            121,
            225,
            66,
            101,
            66,
            143,
            66,
            249,
            66
        ],
        "direction_list": [
            0,
            0,
            0,
            1,
            1,
            0,
            1,
            0,
            1,
            0,
            0,
            1,
            0,
            1,
            0,
            1,
            0,
            0,
            1,
            1,
            1,
            0,
            1,
            0,
            1,
            0,
            0,
            0,
            1,
            1,
            0,
            1,
            0,
            1,
            0
        ],
        "piat_list": [
            0.23484230041503906,
            0.1971721649169922,
            0.019788742065429688,
            11.29913330078125,
            0.11706352233886719,
            0.015020370483398438,
            0.009775161743164062,
            0.0030994415283203125,
            0.07009506225585938,
            0.003814697265625,
            0.015020370483398438,
            3.654003143310547,
            0.0050067901611328125,
            0.0021457672119140625,
            0.003814697265625,
            47.06001281738281,
            226.39107704162598,
            0.03695487976074219,
            8.548974990844727,
            0.024080276489257812,
            0.1590251922607422,
            0.011920928955078125,
            0.8549690246582031,
            0.0040531158447265625,
            0.09393692016601562,
            0.006198883056640625,
            89.18094635009766,
            0.031948089599609375,
            9.073019027709961,
            0.08296966552734375,
            0.010967254638671875,
            0.5490779876708984,
            0.0050067901611328125,
            0.0050067901611328125,
            0.00286102294921875
        ]
    }
}