{
    "(2886734945, 3741713926, 33866, 443, 'tcp', 0)": {
        "ts_list": [
            1645671245.506986,
            1645671245.50717,
            1645671245.507189,
            1645671245.533342,
            1645671245.533368,
            1645671245.533393,
            1645671245.533398,
            1645671245.533409,
            1645671245.533506,
            1645671245.533514,
            1645671245.533523,
            1645671245.534395,
            1645671245.534401,
            1645671245.534411,
            1645671245.534414,
            1645671245.600393,
            1645671245.822728,
            1645671245.822782,
            1645671245.849335,
            1645671245.84936,
            1645671245.849537,
            1645671245.84955,
            1645671245.850246,
            1645671245.85025,
            1645671245.850343,
            1645671245.850347,
            1645671245.898417,
            1645671245.898445,
            1645671245.924837,
            1645671245.924862,
            1645671245.924875,
            1645671245.925308,
            1645671245.925313,
            1645671245.925407,
            1645671245.925411,
            1645671246.32139,
            1645671246.32143,
            1645671246.347281,
            1645671246.347355,
            1645671246.347371,
            1645671246.348308,
            1645671246.348313,
            1645671246.348321,
            1645671246.348325
        ],
        "ps_list": [
            158,
            184,
            225,
            66,
            121,
            66,
            110,
            66,
            97,
            101,
            66,
            190,
            66,
            260,
            66,
            66,
            121,
            225,
            66,
            66,
            101,
            66,
            121,
            66,
            255,
            66,
            121,
            225,
            66,
            101,
            66,
            122,
            66,
            256,
            66,
            121,
            225,
            66,
            101,
            66,
            145,
            66,
            272,
            66
        ],
        "direction_list": [
            0,
            0,
            0,
            1,
            1,
            0,
            1,
            0,
            0,
            1,
            0,
            1,
            0,
            1,
            0,
            1,
            0,
            0,
            1,
            1,
            1,
            0,
            1,
            0,
            1,
            0,
            0,
            0,
            1,
            1,
            0,
            1,
            0,
            1,
            0,
            0,
            0,
            1,
            1,
            0,
            1,
            0,
            1,
            0
        ],
        "piat_list": [
            0.31495094299316406,
            0.18405914306640625,
            0.019073486328125,
            26.152849197387695,
            0.026226043701171875,
            0.0247955322265625,
            0.0050067901611328125,
            0.011205673217773438,
            0.09679794311523438,
            0.008106231689453125,
            0.009059906005859375,
            0.8718967437744141,
            0.0059604644775390625,
            0.010013580322265625,
            0.0030994415283203125,
            65.97900390625,
            222.3348617553711,
            0.05412101745605469,
            26.552915573120117,
            0.025033950805664062,
            0.17690658569335938,
            0.013113021850585938,
            0.6959438323974609,
            0.0040531158447265625,
            0.09298324584960938,
            0.0040531158447265625,
            48.06995391845703,
            0.027894973754882812,
            26.392221450805664,
            0.0247955322265625,
            0.013113021850585938,
            0.4329681396484375,
            0.0050067901611328125,
            0.09393692016601562,
            0.0040531158447265625,
            395.9789276123047,
            0.0400543212890625,
            25.851011276245117,
            0.07390975952148438,
            0.01621246337890625,
            0.9369850158691406,
            0.0050067901611328125,
            0.007867813110351562,
            0.0040531158447265625
        ]
    }
}