{
    "(2886734945, 3741648133, 45676, 443, 'tcp', 0)": {
        "ts_list": [
            1645313418.550814,
            1645313418.550996,
            1645313418.551022,
            1645313418.559634,
            1645313418.559652,
            1645313418.559666,
            1645313418.559722,
            1645313418.559728,
            1645313418.559736,
            1645313418.559824,
            1645313418.559828,
            1645313418.560592,
            1645313418.560595,
            1645313418.560692,
            1645313418.560703,
            1645313418.608793,
            1645313418.838172,
            1645313418.838214,
            1645313418.848519,
            1645313418.84854,
            1645313418.848755,
            1645313418.848765,
            1645313418.849763,
            1645313418.849767,
            1645313418.849862,
            1645313418.849866,
            1645313418.93189,
            1645313418.931924,
            1645313418.940694,
            1645313418.940796
        ],
        "ps_list": [
            158,
            184,
            225,
            66,
            121,
            66,
            110,
            97,
            66,
            101,
            66,
            191,
            66,
            260,
            66,
            66,
            121,
            225,
            66,
            66,
            101,
            66,
            122,
            66,
            255,
            66,
            121,
            225,
            66,
            101
        ],
        "direction_list": [
            0,
            0,
            0,
            1,
            1,
            0,
            1,
            0,
            0,
            1,
            0,
            1,
            0,
            1,
            0,
            1,
            0,
            0,
            1,
            1,
            1,
            0,
            1,
            0,
            1,
            0,
            0,
            0,
            1,
            1
        ],
        "piat_list": [
            0.24700164794921875,
            0.18215179443359375,
            0.025987625122070312,
            8.611917495727539,
            0.01811981201171875,
            0.013828277587890625,
            0.05602836608886719,
            0.0059604644775390625,
            0.008106231689453125,
            0.08797645568847656,
            0.0040531158447265625,
            0.7638931274414062,
            0.0030994415283203125,
            0.09703636169433594,
            0.010967254638671875,
            48.08998107910156,
            229.37893867492676,
            0.041961669921875,
            10.305166244506836,
            0.0209808349609375,
            0.2148151397705078,
            0.010013580322265625,
            0.9980201721191406,
            0.0040531158447265625,
            0.09512901306152344,
            0.003814697265625,
            82.02409744262695,
            0.03409385681152344,
            8.769989013671875,
            0.10180473327636719
        ]
    }
}