{
    "(2886734945, 3741648133, 46010, 443, 'tcp', 0)": {
        "ts_list": [
            1645313945.202458,
            1645313945.202645,
            1645313945.202667,
            1645313945.211978,
            1645313945.211995,
            1645313945.212002,
            1645313945.21202,
            1645313945.212024,
            1645313945.212029,
            1645313945.212032,
            1645313945.212084,
            1645313945.213017,
            1645313945.213023,
            1645313945.213031,
            1645313945.213035,
            1645313945.262889,
            1645313945.516774,
            1645313945.516819,
            1645313945.527025,
            1645313945.527051,
            1645313945.527055,
            1645313945.527064,
            1645313945.527894,
            1645313945.527899,
            1645313945.527994,
            1645313945.527998,
            1645313945.593901,
            1645313945.59393,
            1645313945.60386,
            1645313945.603941
        ],
        "ps_list": [
            158,
            184,
            225,
            66,
            121,
            66,
            110,
            66,
            101,
            66,
            97,
            191,
            66,
            260,
            66,
            66,
            121,
            225,
            66,
            66,
            101,
            66,
            122,
            66,
            255,
            66,
            121,
            225,
            66,
            101
        ],
        "direction_list": [
            0,
            0,
            0,
            1,
            1,
            0,
            1,
            0,
            1,
            0,
            0,
            1,
            0,
            1,
            0,
            1,
            0,
            0,
            1,
            1,
            1,
            0,
            1,
            0,
            1,
            0,
            0,
            0,
            1,
            1
        ],
        "piat_list": [
            0.23293495178222656,
            0.18715858459472656,
            0.02193450927734375,
            9.31096076965332,
            0.016927719116210938,
            0.007152557373046875,
            0.017881393432617188,
            0.0040531158447265625,
            0.0050067901611328125,
            0.0030994415283203125,
            0.051975250244140625,
            0.9329319000244141,
            0.0059604644775390625,
            0.008106231689453125,
            0.0040531158447265625,
            49.85380172729492,
            253.88503074645996,
            0.04506111145019531,
            10.205984115600586,
            0.025987625122070312,
            0.0040531158447265625,
            0.009059906005859375,
            0.8299350738525391,
            0.0050067901611328125,
            0.09489059448242188,
            0.0040531158447265625,
            65.9029483795166,
            0.029087066650390625,
            9.929895401000977,
            0.08106231689453125
        ]
    }
}