{
    "(2886734945, 3741648133, 46148, 443, 'tcp', 0)": {
        "ts_list": [
            1645314183.906266,
            1645314183.90643,
            1645314183.906455,
            1645314183.914985,
            1645314183.915003,
            1645314183.915011,
            1645314183.915123,
            1645314183.915177,
            1645314183.915186,
            1645314183.915274,
            1645314183.91528,
            1645314183.915969,
            1645314183.915981,
            1645314183.91599,
            1645314183.915996,
            1645314183.963961,
            1645314184.225853,
            1645314184.225886,
            1645314184.234928,
            1645314184.234957,
            1645314184.235105,
            1645314184.235119,
            1645314184.235978,
            1645314184.235989,
            1645314184.236,
            1645314184.236004,
            1645314184.3565,
            1645314184.356526,
            1645314184.365055,
            1645314184.36513,
            1645314184.365143,
            1645314184.365963,
            1645314184.365968,
            1645314184.366062,
            1645314184.366067
        ],
        "ps_list": [
            158,
            184,
            225,
            66,
            121,
            66,
            97,
            110,
            66,
            101,
            66,
            191,
            66,
            260,
            66,
            66,
            121,
            225,
            66,
            66,
            101,
            66,
            145,
            66,
            255,
            66,
            121,
            225,
            66,
            101,
            66,
            121,
            66,
            305,
            66
        ],
        "direction_list": [
            0,
            0,
            0,
            1,
            1,
            0,
            0,
            1,
            0,
            1,
            0,
            1,
            0,
            1,
            0,
            1,
            0,
            0,
            1,
            1,
            1,
            0,
            1,
            0,
            1,
            0,
            0,
            0,
            1,
            1,
            0,
            1,
            0,
            1,
            0
        ],
        "piat_list": [
            0.23794174194335938,
            0.164031982421875,
            0.025033950805664062,
            8.529901504516602,
            0.01811981201171875,
            0.007867813110351562,
            0.11205673217773438,
            0.05412101745605469,
            0.008821487426757812,
            0.08797645568847656,
            0.006198883056640625,
            0.6887912750244141,
            0.012159347534179688,
            0.009059906005859375,
            0.0059604644775390625,
            47.96481132507324,
            261.89208030700684,
            0.03314018249511719,
            9.041786193847656,
            0.029087066650390625,
            0.1480579376220703,
            0.014066696166992188,
            0.8587837219238281,
            0.011205673217773438,
            0.010967254638671875,
            0.0040531158447265625,
            120.49579620361328,
            0.025987625122070312,
            8.529186248779297,
            0.07486343383789062,
            0.013113021850585938,
            0.8199214935302734,
            0.0050067901611328125,
            0.09393692016601562,
            0.0050067901611328125
        ]
    }
}