{
    "(2886734945, 3741648133, 56384, 443, 'tcp', 0)": {
        "ts_list": [
            1644719616.836516,
            1644719616.83667,
            1644719616.836693,
            1644719616.844093,
            1644719616.844102,
            1644719616.844107,
            1644719616.844162,
            1644719616.844203,
            1644719616.844208,
            1644719616.845073,
            1644719616.845171,
            1644719616.845175,
            1644719616.846135,
            1644719616.84614,
            1644719616.846143,
            1644719616.846147,
            1644719616.892016,
            1644719617.100324,
            1644719617.100361,
            1644719617.10803,
            1644719617.108115,
            1644719617.108853,
            1644719617.10886,
            1644719617.109126,
            1644719617.109132,
            1644719617.109136,
            1644719617.10914,
            1644719617.205353,
            1644719617.205385,
            1644719617.213136,
            1644719617.213217,
            1644719617.213225,
            1644719617.215003,
            1644719617.215008,
            1644719617.215014,
            1644719617.215018,
            1644719617.289263,
            1644719617.289297,
            1644719617.289315,
            1644719617.289397,
            1644719617.297028,
            1644719617.297158,
            1644719617.297174,
            1644719617.297179,
            1644719617.297183,
            1644719617.297993,
            1644719617.297998,
            1644719617.298122,
            1644719617.298126,
            1644719617.353763,
            1644719617.353786,
            1644719617.362019,
            1644719617.362104,
            1644719617.363165,
            1644719617.363169,
            1644719617.364308,
            1644719617.365566,
            1644719617.365588,
            1644719617.373106,
            1644719617.3732,
            1644719617.374213,
            1644719617.374216,
            1644719617.378907,
            1644719617.40296,
            1644719617.402982,
            1644719617.412088,
            1644719617.4121,
            1644719617.412108,
            1644719617.412178,
            1644719617.412327
        ],
        "ps_list": [
            158,
            184,
            225,
            66,
            121,
            66,
            97,
            110,
            66,
            66,
            101,
            66,
            191,
            66,
            260,
            66,
            66,
            121,
            225,
            66,
            66,
            101,
            66,
            145,
            66,
            255,
            66,
            121,
            225,
            66,
            101,
            66,
            122,
            66,
            250,
            66,
            121,
            121,
            225,
            225,
            66,
            101,
            66,
            101,
            66,
            323,
            66,
            352,
            66,
            121,
            225,
            66,
            101,
            121,
            366,
            66,
            121,
            225,
            66,
            101,
            121,
            297,
            66,
            121,
            225,
            66,
            101,
            121,
            344,
            66
        ],
        "direction_list": [
            0,
            0,
            0,
            1,
            1,
            0,
            0,
            1,
            0,
            1,
            1,
            0,
            1,
            0,
            1,
            0,
            1,
            0,
            0,
            1,
            1,
            1,
            0,
            1,
            0,
            1,
            0,
            0,
            0,
            1,
            1,
            0,
            1,
            0,
            1,
            0,
            0,
            0,
            0,
            0,
            1,
            1,
            0,
            1,
            0,
            1,
            0,
            1,
            0,
            0,
            0,
            1,
            1,
            1,
            1,
            0,
            0,
            0,
            1,
            1,
            1,
            1,
            0,
            0,
            0,
            1,
            1,
            1,
            1,
            0
        ],
        "piat_list": [
            0.23293495178222656,
            0.15401840209960938,
            0.023126602172851562,
            7.400035858154297,
            0.008821487426757812,
            0.0050067901611328125,
            0.05507469177246094,
            0.04100799560546875,
            0.0050067901611328125,
            0.8649826049804688,
            0.09799003601074219,
            0.0040531158447265625,
            0.9598731994628906,
            0.0050067901611328125,
            0.0030994415283203125,
            0.0040531158447265625,
            45.868873596191406,
            208.30798149108887,
            0.03719329833984375,
            7.668972015380859,
            0.08487701416015625,
            0.7381439208984375,
            0.0069141387939453125,
            0.26607513427734375,
            0.0059604644775390625,
            0.0040531158447265625,
            0.003814697265625,
            96.21310234069824,
            0.031948089599609375,
            7.750988006591797,
            0.08106231689453125,
            0.007867813110351562,
            1.7781257629394531,
            0.0050067901611328125,
            0.0059604644775390625,
            0.0040531158447265625,
            74.24497604370117,
            0.03409385681152344,
            0.017881393432617188,
            0.0820159912109375,
            7.631063461303711,
            0.12993812561035156,
            0.015974044799804688,
            0.0050067901611328125,
            0.0040531158447265625,
            0.8099079132080078,
            0.0050067901611328125,
            0.1239776611328125,
            0.0040531158447265625,
            55.63712120056152,
            0.02288818359375,
            8.233070373535156,
            0.08487701416015625,
            1.0609626770019531,
            0.0040531158447265625,
            1.1391639709472656,
            1.2578964233398438,
            0.02193450927734375,
            7.51805305480957,
            0.09393692016601562,
            1.013040542602539,
            0.0030994415283203125,
            4.690885543823242,
            24.053096771240234,
            0.02193450927734375,
            9.105920791625977,
            0.012159347534179688,
            0.007867813110351562,
            0.07009506225585938,
            0.14901161193847656
        ]
    }
}