{
    "(2886734945, 3741648133, 58474, 443, 'tcp', 0)": {
        "ts_list": [
            1645415579.564771,
            1645415579.564936,
            1645415579.564953,
            1645415579.573232,
            1645415579.573255,
            1645415579.573264,
            1645415579.57332,
            1645415579.573325,
            1645415579.573327,
            1645415579.57333,
            1645415579.573384,
            1645415579.57716,
            1645415579.577171,
            1645415579.578191,
            1645415579.578195,
            1645415579.57829,
            1645415579.578294,
            1645415579.624255,
            1645415579.899902,
            1645415579.899934,
            1645415579.908221,
            1645415579.908239,
            1645415579.908403,
            1645415579.908414,
            1645415579.909209,
            1645415579.909214,
            1645415579.909308,
            1645415579.909312,
            1645415580.008638,
            1645415580.008663,
            1645415580.017287,
            1645415580.017389,
            1645415580.017401,
            1645415580.018184,
            1645415580.018196,
            1645415580.018324,
            1645415580.01833,
            1645415580.664119,
            1645415580.664163,
            1645415580.673253,
            1645415580.673331,
            1645415580.67334,
            1645415580.674313,
            1645415580.674321,
            1645415580.674411,
            1645415580.674416,
            1645415580.979682,
            1645415580.979716,
            1645415580.988293,
            1645415580.98875,
            1645415580.98876,
            1645415580.989323,
            1645415580.989327,
            1645415580.989422,
            1645415580.989425,
            1645415581.052995,
            1645415581.053017,
            1645415581.061287,
            1645415581.061471,
            1645415581.061479,
            1645415581.062443,
            1645415581.062449,
            1645415581.062542,
            1645415581.062546
        ],
        "ps_list": [
            158,
            184,
            225,
            66,
            121,
            66,
            101,
            66,
            97,
            66,
            97,
            101,
            66,
            191,
            66,
            260,
            66,
            66,
            121,
            225,
            66,
            66,
            101,
            66,
            122,
            66,
            255,
            66,
            121,
            225,
            66,
            101,
            66,
            145,
            66,
            254,
            66,
            121,
            225,
            66,
            101,
            66,
            121,
            66,
            297,
            66,
            121,
            225,
            66,
            101,
            66,
            119,
            66,
            257,
            66,
            121,
            225,
            66,
            101,
            66,
            144,
            66,
            272,
            66
        ],
        "direction_list": [
            0,
            0,
            0,
            1,
            1,
            0,
            1,
            0,
            1,
            0,
            0,
            1,
            0,
            1,
            0,
            1,
            0,
            1,
            0,
            0,
            1,
            1,
            1,
            0,
            1,
            0,
            1,
            0,
            0,
            0,
            1,
            1,
            0,
            1,
            0,
            1,
            0,
            0,
            0,
            1,
            1,
            0,
            1,
            0,
            1,
            0,
            0,
            0,
            1,
            1,
            0,
            1,
            0,
            1,
            0,
            0,
            0,
            1,
            1,
            0,
            1,
            0,
            1,
            0
        ],
        "piat_list": [
            0.2338886260986328,
            0.16498565673828125,
            0.0171661376953125,
            8.278846740722656,
            0.023126602172851562,
            0.008821487426757812,
            0.05602836608886719,
            0.0050067901611328125,
            0.0021457672119140625,
            0.00286102294921875,
            0.05412101745605469,
            3.7758350372314453,
            0.011205673217773438,
            1.0199546813964844,
            0.0040531158447265625,
            0.09489059448242188,
            0.0040531158447265625,
            45.96090316772461,
            275.6471633911133,
            0.031948089599609375,
            8.28695297241211,
            0.017881393432617188,
            0.164031982421875,
            0.010967254638671875,
            0.7951259613037109,
            0.0050067901611328125,
            0.09393692016601562,
            0.0040531158447265625,
            99.32589530944824,
            0.025033950805664062,
            8.624076843261719,
            0.10204315185546875,
            0.011920928955078125,
            0.7829666137695312,
            0.012159347534179688,
            0.1277923583984375,
            0.006198883056640625,
            645.7889080047607,
            0.04410743713378906,
            9.089946746826172,
            0.07796287536621094,
            0.009059906005859375,
            0.9729862213134766,
            0.007867813110351562,
            0.09012222290039062,
            0.0050067901611328125,
            305.2659034729004,
            0.03409385681152344,
            8.57686996459961,
            0.4570484161376953,
            0.010013580322265625,
            0.5629062652587891,
            0.0040531158447265625,
            0.09512901306152344,
            0.00286102294921875,
            63.57002258300781,
            0.02193450927734375,
            8.270025253295898,
            0.18405914306640625,
            0.008106231689453125,
            0.9639263153076172,
            0.0059604644775390625,
            0.09298324584960938,
            0.0040531158447265625
        ]
    }
}