{
    "(2886734945, 3741713926, 33494, 443, 'tcp', 0)": {
        "ts_list": [
            1645416162.870262,
            1645416162.870458,
            1645416162.870488,
            1645416162.898372,
            1645416162.898406,
            1645416162.898422,
            1645416162.898443,
            1645416162.898447,
            1645416162.8985,
            1645416162.898504,
            1645416162.898603,
            1645416162.899411,
            1645416162.899421,
            1645416162.899431,
            1645416162.899435,
            1645416162.966405,
            1645416163.157417,
            1645416163.157459,
            1645416163.185326,
            1645416163.185355,
            1645416163.185358,
            1645416163.185371,
            1645416163.186343,
            1645416163.186356,
            1645416163.186364,
            1645416163.186368,
            1645416163.242625,
            1645416163.242658,
            1645416163.270342,
            1645416163.27042,
            1645416163.270429,
            1645416163.271358,
            1645416163.271371,
            1645416163.271377,
            1645416163.271382,
            1645416163.471325,
            1645416163.471357,
            1645416163.499423,
            1645416163.499447,
            1645416163.499457,
            1645416163.500391,
            1645416163.500398,
            1645416163.500486,
            1645416163.500491,
            1645416163.898106,
            1645416163.89875,
            1645416163.926305,
            1645416163.926336,
            1645416163.926347,
            1645416163.927398,
            1645416163.927404,
            1645416163.927496,
            1645416163.9275
        ],
        "ps_list": [
            158,
            184,
            225,
            66,
            121,
            66,
            110,
            66,
            101,
            66,
            97,
            190,
            66,
            260,
            66,
            66,
            121,
            225,
            66,
            66,
            101,
            66,
            145,
            66,
            255,
            66,
            121,
            225,
            66,
            101,
            66,
            122,
            66,
            254,
            66,
            121,
            225,
            66,
            101,
            66,
            120,
            66,
            297,
            66,
            121,
            225,
            66,
            101,
            66,
            122,
            66,
            272,
            66
        ],
        "direction_list": [
            0,
            0,
            0,
            1,
            1,
            0,
            1,
            0,
            1,
            0,
            0,
            1,
            0,
            1,
            0,
            1,
            0,
            0,
            1,
            1,
            1,
            0,
            1,
            0,
            1,
            0,
            0,
            0,
            1,
            1,
            0,
            1,
            0,
            1,
            0,
            0,
            0,
            1,
            1,
            0,
            1,
            0,
            1,
            0,
            0,
            0,
            1,
            1,
            0,
            1,
            0,
            1,
            0
        ],
        "piat_list": [
            0.33783912658691406,
            0.19598007202148438,
            0.030040740966796875,
            27.88400650024414,
            0.03409385681152344,
            0.015974044799804688,
            0.0209808349609375,
            0.0040531158447265625,
            0.052928924560546875,
            0.0040531158447265625,
            0.09894371032714844,
            0.8080005645751953,
            0.010013580322265625,
            0.010013580322265625,
            0.0040531158447265625,
            66.9698715209961,
            191.01214408874512,
            0.041961669921875,
            27.86707878112793,
            0.028848648071289062,
            0.0030994415283203125,
            0.012874603271484375,
            0.9720325469970703,
            0.013113021850585938,
            0.007867813110351562,
            0.0040531158447265625,
            56.257009506225586,
            0.032901763916015625,
            27.68421173095703,
            0.07796287536621094,
            0.008821487426757812,
            0.9291172027587891,
            0.012874603271484375,
            0.006198883056640625,
            0.0050067901611328125,
            199.94282722473145,
            0.03218650817871094,
            28.065919876098633,
            0.024080276489257812,
            0.009775161743164062,
            0.9341239929199219,
            0.0069141387939453125,
            0.08797645568847656,
            0.0050067901611328125,
            397.6151943206787,
            0.6439685821533203,
            27.554988861083984,
            0.030994415283203125,
            0.010967254638671875,
            1.0509490966796875,
            0.0059604644775390625,
            0.09202957153320312,
            0.0040531158447265625
        ]
    }
}