{
    "(2886734945, 3741648133, 40622, 443, 'tcp', 0)": {
        "ts_list": [
            1645435641.185006,
            1645435641.185175,
            1645435641.185201,
            1645435641.193917,
            1645435641.193938,
            1645435641.193947,
            1645435641.194042,
            1645435641.194103,
            1645435641.194109,
            1645435641.195027,
            1645435641.195137,
            1645435641.195144,
            1645435641.195919,
            1645435641.195926,
            1645435641.195932,
            1645435641.195936,
            1645435641.24301,
            1645435641.536701,
            1645435641.536734,
            1645435641.545825,
            1645435641.545847,
            1645435641.546027,
            1645435641.546038,
            1645435641.546895,
            1645435641.546899,
            1645435641.546993,
            1645435641.546997,
            1645435641.656353,
            1645435641.65638,
            1645435641.665951,
            1645435641.666028,
            1645435641.666036,
            1645435641.666892,
            1645435641.666897,
            1645435641.666905,
            1645435641.66691,
            1645435641.844888,
            1645435641.844932,
            1645435641.850257,
            1645435641.85029,
            1645435641.850307,
            1645435641.850385,
            1645435641.853841,
            1645435641.853871,
            1645435641.853923,
            1645435641.854012,
            1645435641.854049,
            1645435641.855007,
            1645435641.855019,
            1645435641.855045,
            1645435641.859895,
            1645435641.859979,
            1645435641.860035,
            1645435641.860077,
            1645435641.860145,
            1645435641.860962,
            1645435641.860972,
            1645435641.860996,
            1645435641.862885,
            1645435641.863019,
            1645435641.863048,
            1645435641.863953,
            1645435641.863962,
            1645435641.863975,
            1645435643.858544,
            1645435643.858577,
            1645435643.867958,
            1645435643.868145,
            1645435643.868155,
            1645435643.868926,
            1645435643.868931,
            1645435643.868937,
            1645435643.86894
        ],
        "ps_list": [
            158,
            184,
            225,
            66,
            121,
            66,
            97,
            110,
            66,
            66,
            101,
            66,
            191,
            66,
            260,
            66,
            66,
            121,
            225,
            66,
            66,
            101,
            66,
            121,
            66,
            255,
            66,
            121,
            225,
            66,
            101,
            66,
            119,
            66,
            387,
            66,
            121,
            225,
            121,
            121,
            225,
            225,
            121,
            225,
            66,
            101,
            66,
            121,
            298,
            66,
            66,
            101,
            66,
            101,
            66,
            394,
            366,
            66,
            66,
            101,
            66,
            121,
            309,
            66,
            121,
            225,
            66,
            101,
            66,
            141,
            66,
            309,
            66
        ],
        "direction_list": [
            0,
            0,
            0,
            1,
            1,
            0,
            0,
            1,
            0,
            1,
            1,
            0,
            1,
            0,
            1,
            0,
            1,
            0,
            0,
            1,
            1,
            1,
            0,
            1,
            0,
            1,
            0,
            0,
            0,
            1,
            1,
            0,
            1,
            0,
            1,
            0,
            0,
            0,
            0,
            0,
            0,
            0,
            0,
            0,
            1,
            1,
            0,
            1,
            1,
            0,
            1,
            1,
            0,
            1,
            0,
            1,
            1,
            0,
            1,
            1,
            0,
            1,
            1,
            0,
            0,
            0,
            1,
            1,
            0,
            1,
            0,
            1,
            0
        ],
        "piat_list": [
            0.2448558807373047,
            0.1690387725830078,
            0.025987625122070312,
            8.716106414794922,
            0.0209808349609375,
            0.009059906005859375,
            0.09489059448242188,
            0.06103515625,
            0.0059604644775390625,
            0.9181499481201172,
            0.10991096496582031,
            0.0069141387939453125,
            0.7750988006591797,
            0.0069141387939453125,
            0.0059604644775390625,
            0.0040531158447265625,
            47.074079513549805,
            293.69091987609863,
            0.03314018249511719,
            9.090900421142578,
            0.02193450927734375,
            0.1800060272216797,
            0.010967254638671875,
            0.8571147918701172,
            0.0040531158447265625,
            0.09393692016601562,
            0.0040531158447265625,
            109.35592651367188,
            0.026941299438476562,
            9.571075439453125,
            0.07700920104980469,
            0.007867813110351562,
            0.8561611175537109,
            0.0050067901611328125,
            0.007867813110351562,
            0.0050067901611328125,
            177.9780387878418,
            0.04410743713378906,
            5.324840545654297,
            0.03314018249511719,
            0.016927719116210938,
            0.07796287536621094,
            3.45611572265625,
            0.030040740966796875,
            0.051975250244140625,
            0.08893013000488281,
            0.03695487976074219,
            0.9579658508300781,
            0.012159347534179688,
            0.025987625122070312,
            4.849910736083984,
            0.08392333984375,
            0.05602836608886719,
            0.041961669921875,
            0.06818771362304688,
            0.8168220520019531,
            0.010013580322265625,
            0.024080276489257812,
            1.8889904022216797,
            0.13399124145507812,
            0.029087066650390625,
            0.9050369262695312,
            0.008821487426757812,
            0.013113021850585938,
            1994.5690631866455,
            0.032901763916015625,
            9.38105583190918,
            0.186920166015625,
            0.010013580322265625,
            0.7710456848144531,
            0.0050067901611328125,
            0.0059604644775390625,
            0.0030994415283203125
        ]
    }
}