{
    "(2886734945, 3741713926, 45858, 443, 'tcp', 0)": {
        "ts_list": [
            1645716293.170351,
            1645716293.170505,
            1645716293.170528,
            1645716293.199857,
            1645716293.199896,
            1645716293.199942,
            1645716293.199949,
            1645716293.199951,
            1645716293.199954,
            1645716293.20006,
            1645716293.200158,
            1645716293.200164,
            1645716293.200167,
            1645716293.200171,
            1645716293.200256,
            1645716293.200262,
            1645716293.202633,
            1645716293.271927,
            1645716293.46721,
            1645716293.467242,
            1645716293.496756,
            1645716293.496782,
            1645716293.496956,
            1645716293.496972,
            1645716293.496984,
            1645716293.496988,
            1645716293.496993,
            1645716293.496996,
            1645716293.590197,
            1645716293.590225,
            1645716293.619774,
            1645716293.619808
        ],
        "ps_list": [
            158,
            184,
            225,
            121,
            66,
            101,
            66,
            97,
            66,
            66,
            101,
            66,
            190,
            66,
            260,
            66,
            97,
            66,
            121,
            225,
            66,
            66,
            101,
            66,
            120,
            66,
            255,
            66,
            121,
            225,
            66,
            101
        ],
        "direction_list": [
            0,
            0,
            0,
            1,
            0,
            1,
            0,
            1,
            0,
            1,
            1,
            0,
            1,
            0,
            1,
            0,
            0,
            1,
            0,
            0,
            1,
            1,
            1,
            0,
            1,
            0,
            1,
            0,
            0,
            0,
            1,
            1
        ],
        "piat_list": [
            0.22602081298828125,
            0.15401840209960938,
            0.02288818359375,
            29.32906150817871,
            0.03910064697265625,
            0.04601478576660156,
            0.0069141387939453125,
            0.0019073486328125,
            0.0030994415283203125,
            0.10585784912109375,
            0.09822845458984375,
            0.0059604644775390625,
            0.00286102294921875,
            0.0040531158447265625,
            0.08511543273925781,
            0.0059604644775390625,
            2.3708343505859375,
            69.29421424865723,
            195.2829360961914,
            0.031948089599609375,
            29.514074325561523,
            0.025987625122070312,
            0.17404556274414062,
            0.015974044799804688,
            0.011920928955078125,
            0.0040531158447265625,
            0.0050067901611328125,
            0.00286102294921875,
            93.2011604309082,
            0.027894973754882812,
            29.549121856689453,
            0.033855438232421875
        ]
    }
}