{
    "(2886734945, 3741713926, 46118, 443, 'tcp', 0)": {
        "ts_list": [
            1645716682.0309,
            1645716682.031084,
            1645716682.031104,
            1645716682.056578,
            1645716682.056606,
            1645716682.056958,
            1645716682.056964,
            1645716682.056968,
            1645716682.057052,
            1645716682.057056,
            1645716682.057155,
            1645716682.057159,
            1645716682.05716,
            1645716682.057163,
            1645716682.057166,
            1645716682.057168,
            1645716682.06362,
            1645716682.129319,
            1645716682.396586,
            1645716682.39662,
            1645716682.42236,
            1645716682.422376,
            1645716682.422554,
            1645716682.422563,
            1645716682.422573,
            1645716682.422577,
            1645716682.422582,
            1645716682.422585,
            1645716682.498513,
            1645716682.49854,
            1645716682.52431,
            1645716682.524401
        ],
        "ps_list": [
            164,
            184,
            225,
            121,
            66,
            66,
            101,
            66,
            97,
            66,
            101,
            66,
            191,
            66,
            260,
            66,
            97,
            66,
            121,
            225,
            66,
            66,
            101,
            66,
            122,
            66,
            255,
            66,
            121,
            225,
            66,
            101
        ],
        "direction_list": [
            0,
            0,
            0,
            1,
            0,
            1,
            1,
            0,
            1,
            0,
            1,
            0,
            1,
            0,
            1,
            0,
            0,
            1,
            0,
            0,
            1,
            1,
            1,
            0,
            1,
            0,
            1,
            0,
            0,
            0,
            1,
            1
        ],
        "piat_list": [
            0.2849102020263672,
            0.18405914306640625,
            0.02002716064453125,
            25.473833084106445,
            0.028133392333984375,
            0.35190582275390625,
            0.0059604644775390625,
            0.0040531158447265625,
            0.08392333984375,
            0.0040531158447265625,
            0.09894371032714844,
            0.0040531158447265625,
            0.00095367431640625,
            0.0030994415283203125,
            0.0030994415283203125,
            0.0019073486328125,
            6.452083587646484,
            65.69886207580566,
            267.26698875427246,
            0.03409385681152344,
            25.73990821838379,
            0.015974044799804688,
            0.1780986785888672,
            0.009059906005859375,
            0.010013580322265625,
            0.003814697265625,
            0.0050067901611328125,
            0.0030994415283203125,
            75.9279727935791,
            0.026941299438476562,
            25.770187377929688,
            0.09083747863769531
        ]
    }
}