{
    "(2886734945, 3741713926, 35800, 443, 'tcp', 0)": {
        "ts_list": [
            1645511383.526625,
            1645511383.52693,
            1645511383.526969,
            1645511383.554772,
            1645511383.554822,
            1645511383.554828,
            1645511383.554853,
            1645511383.554862,
            1645511383.554868,
            1645511383.554872,
            1645511383.554877,
            1645511383.555646,
            1645511383.55566,
            1645511383.555663,
            1645511383.555668,
            1645511383.578251,
            1645511383.646809,
            1645511383.82858,
            1645511383.828621,
            1645511383.856979,
            1645511383.856999,
            1645511383.857003,
            1645511383.857013,
            1645511383.857728,
            1645511383.857734,
            1645511383.857739,
            1645511383.857743,
            1645511383.931505,
            1645511383.931537,
            1645511383.959711,
            1645511383.959751,
            1645511383.959769,
            1645511383.960712,
            1645511383.960717,
            1645511383.960718,
            1645511383.960723,
            1645511384.085933,
            1645511384.08596,
            1645511384.113729,
            1645511384.113756,
            1645511384.113775,
            1645511384.114763,
            1645511384.114767,
            1645511384.114771,
            1645511384.114775,
            1645511385.451978,
            1645511385.452017,
            1645511385.479714,
            1645511385.479721,
            1645511385.479732,
            1645511385.480703,
            1645511385.480707,
            1645511385.480712,
            1645511385.480716,
            1645511386.018711,
            1645511386.018754,
            1645511386.046992,
            1645511386.047072,
            1645511386.047092,
            1645511386.047783,
            1645511386.047788,
            1645511386.047789,
            1645511386.047795
        ],
        "ps_list": [
            158,
            184,
            225,
            66,
            66,
            121,
            66,
            110,
            66,
            101,
            66,
            191,
            66,
            260,
            66,
            97,
            66,
            121,
            225,
            66,
            66,
            101,
            66,
            121,
            66,
            255,
            66,
            121,
            225,
            66,
            101,
            66,
            119,
            66,
            378,
            66,
            121,
            225,
            66,
            101,
            66,
            131,
            66,
            402,
            66,
            121,
            225,
            66,
            101,
            66,
            144,
            66,
            297,
            66,
            121,
            225,
            66,
            101,
            66,
            145,
            66,
            272,
            66
        ],
        "direction_list": [
            0,
            0,
            0,
            1,
            1,
            1,
            0,
            1,
            0,
            1,
            0,
            1,
            0,
            1,
            0,
            0,
            1,
            0,
            0,
            1,
            1,
            1,
            0,
            1,
            0,
            1,
            0,
            0,
            0,
            1,
            1,
            0,
            1,
            0,
            1,
            0,
            0,
            0,
            1,
            1,
            0,
            1,
            0,
            1,
            0,
            0,
            0,
            1,
            1,
            0,
            1,
            0,
            1,
            0,
            0,
            0,
            1,
            1,
            0,
            1,
            0,
            1,
            0
        ],
        "piat_list": [
            0.4298686981201172,
            0.30517578125,
            0.03886222839355469,
            27.80294418334961,
            0.050067901611328125,
            0.0059604644775390625,
            0.025033950805664062,
            0.009059906005859375,
            0.0059604644775390625,
            0.0040531158447265625,
            0.0050067901611328125,
            0.7688999176025391,
            0.014066696166992188,
            0.0030994415283203125,
            0.0050067901611328125,
            22.5827693939209,
            68.5582160949707,
            181.77080154418945,
            0.04100799560546875,
            28.357982635498047,
            0.02002716064453125,
            0.0040531158447265625,
            0.010013580322265625,
            0.7150173187255859,
            0.0059604644775390625,
            0.0050067901611328125,
            0.0040531158447265625,
            73.7619400024414,
            0.031948089599609375,
            28.174161911010742,
            0.03981590270996094,
            0.01811981201171875,
            0.9429454803466797,
            0.0050067901611328125,
            0.00095367431640625,
            0.0050067901611328125,
            125.21004676818848,
            0.026941299438476562,
            27.769088745117188,
            0.026941299438476562,
            0.019073486328125,
            0.988006591796875,
            0.0040531158447265625,
            0.003814697265625,
            0.0040531158447265625,
            1337.203025817871,
            0.03910064697265625,
            27.696847915649414,
            0.007152557373046875,
            0.010967254638671875,
            0.9710788726806641,
            0.003814697265625,
            0.0050067901611328125,
            0.0040531158447265625,
            537.9951000213623,
            0.04291534423828125,
            28.23805809020996,
            0.07987022399902344,
            0.02002716064453125,
            0.6909370422363281,
            0.0050067901611328125,
            0.0011920928955078125,
            0.0059604644775390625
        ]
    }
}