{
    "(2886734945, 3741648133, 48318, 443, 'tcp', 0)": {
        "ts_list": [
            1645008840.991902,
            1645008840.992117,
            1645008840.992156,
            1645008841.000335,
            1645008841.000424,
            1645008841.000435,
            1645008841.000447,
            1645008841.000453,
            1645008841.00053,
            1645008841.000537,
            1645008841.000586,
            1645008841.001366,
            1645008841.001374,
            1645008841.001384,
            1645008841.00139,
            1645008841.048362,
            1645008841.280183,
            1645008841.280215,
            1645008841.288363,
            1645008841.288382,
            1645008841.288547,
            1645008841.28856,
            1645008841.289396,
            1645008841.28941,
            1645008841.289424,
            1645008841.289431,
            1645008841.38207,
            1645008841.382096,
            1645008841.383522,
            1645008841.38354,
            1645008841.390434,
            1645008841.390512,
            1645008841.39052,
            1645008841.391372,
            1645008841.391467,
            1645008841.391474,
            1645008841.391481,
            1645008841.391487,
            1645008841.391497,
            1645008841.391502,
            1645008841.392502,
            1645008841.392515,
            1645008841.392531,
            1645008841.392535,
            1645008841.721362,
            1645008841.721404,
            1645008841.729457,
            1645008841.729544,
            1645008841.729557,
            1645008841.730477,
            1645008841.730481,
            1645008841.730489,
            1645008841.730492,
            1645008841.74932,
            1645008841.749346,
            1645008841.754729,
            1645008841.754774,
            1645008841.757371,
            1645008841.757453,
            1645008841.758386,
            1645008841.758411,
            1645008841.758486,
            1645008841.763369,
            1645008841.763483,
            1645008841.764438,
            1645008841.764443,
            1645008841.76687,
            1645008841.773631,
            1645008841.773653,
            1645008841.781452,
            1645008841.781544,
            1645008841.782479,
            1645008841.782485,
            1645008841.782517
        ],
        "ps_list": [
            158,
            184,
            225,
            66,
            121,
            66,
            110,
            66,
            101,
            66,
            97,
            190,
            66,
            260,
            66,
            66,
            121,
            225,
            66,
            66,
            101,
            66,
            144,
            66,
            255,
            66,
            121,
            225,
            121,
            225,
            66,
            101,
            66,
            66,
            118,
            66,
            255,
            66,
            101,
            66,
            107,
            66,
            259,
            66,
            121,
            225,
            66,
            101,
            66,
            119,
            66,
            328,
            66,
            121,
            225,
            121,
            225,
            66,
            101,
            121,
            66,
            332,
            66,
            101,
            119,
            297,
            66,
            121,
            225,
            66,
            101,
            122,
            272,
            66
        ],
        "direction_list": [
            0,
            0,
            0,
            1,
            1,
            0,
            1,
            0,
            1,
            0,
            0,
            1,
            0,
            1,
            0,
            1,
            0,
            0,
            1,
            1,
            1,
            0,
            1,
            0,
            1,
            0,
            0,
            0,
            0,
            0,
            1,
            1,
            0,
            1,
            1,
            0,
            1,
            0,
            1,
            0,
            1,
            0,
            1,
            0,
            0,
            0,
            1,
            1,
            0,
            1,
            0,
            1,
            0,
            0,
            0,
            0,
            0,
            1,
            1,
            1,
            0,
            1,
            1,
            1,
            1,
            1,
            0,
            0,
            0,
            1,
            1,
            1,
            1,
            0
        ],
        "piat_list": [
            0.4291534423828125,
            0.2148151397705078,
            0.03910064697265625,
            8.178949356079102,
            0.08893013000488281,
            0.011205673217773438,
            0.011920928955078125,
            0.0059604644775390625,
            0.07700920104980469,
            0.0069141387939453125,
            0.049114227294921875,
            0.7798671722412109,
            0.008106231689453125,
            0.010013580322265625,
            0.0059604644775390625,
            46.972036361694336,
            231.82106018066406,
            0.031948089599609375,
            8.147954940795898,
            0.019073486328125,
            0.16498565673828125,
            0.012874603271484375,
            0.8361339569091797,
            0.014066696166992188,
            0.013828277587890625,
            0.007152557373046875,
            92.63896942138672,
            0.025987625122070312,
            1.4259815216064453,
            0.017881393432617188,
            6.894111633300781,
            0.07796287536621094,
            0.008106231689453125,
            0.8518695831298828,
            0.09512901306152344,
            0.0069141387939453125,
            0.0069141387939453125,
            0.0059604644775390625,
            0.010013580322265625,
            0.0050067901611328125,
            1.0001659393310547,
            0.012874603271484375,
            0.015974044799804688,
            0.0040531158447265625,
            328.8271427154541,
            0.041961669921875,
            8.052825927734375,
            0.08702278137207031,
            0.013113021850585938,
            0.9200572967529297,
            0.003814697265625,
            0.008106231689453125,
            0.0030994415283203125,
            18.82791519165039,
            0.025987625122070312,
            5.383014678955078,
            0.04506111145019531,
            2.5968551635742188,
            0.0820159912109375,
            0.9329319000244141,
            0.025033950805664062,
            0.07510185241699219,
            4.883050918579102,
            0.11396408081054688,
            0.9548664093017578,
            0.0050067901611328125,
            2.4271011352539062,
            6.761074066162109,
            0.02193450927734375,
            7.798910140991211,
            0.09202957153320312,
            0.9350776672363281,
            0.0059604644775390625,
            0.031948089599609375
        ]
    }
}