{
    "(2886734945, 3741713926, 56732, 443, 'tcp', 0)": {
        "ts_list": [
            1645069427.551132,
            1645069427.5513,
            1645069427.551323,
            1645069427.577754,
            1645069427.577784,
            1645069427.5779,
            1645069427.578776,
            1645069427.578783,
            1645069427.578791,
            1645069427.578793,
            1645069427.578797,
            1645069427.5788,
            1645069427.578804,
            1645069427.579667,
            1645069427.579672,
            1645069427.579761,
            1645069427.579765,
            1645069427.644732,
            1645069427.844975,
            1645069427.845011,
            1645069427.871725,
            1645069427.871745,
            1645069427.871892,
            1645069427.871904,
            1645069427.873424,
            1645069427.873432,
            1645069427.873928,
            1645069427.873937,
            1645069427.928966,
            1645069427.928994,
            1645069427.955718,
            1645069427.955908,
            1645069427.955918,
            1645069427.956763,
            1645069427.956775,
            1645069427.95678,
            1645069427.956784,
            1645069428.483246,
            1645069428.48327,
            1645069428.499874,
            1645069428.499907,
            1645069428.510702,
            1645069428.510786,
            1645069428.510797,
            1645069428.511766,
            1645069428.511778,
            1645069428.511866,
            1645069428.51187,
            1645069428.52665,
            1645069428.526767,
            1645069428.526777,
            1645069428.527716,
            1645069428.527721,
            1645069428.52773,
            1645069428.527734,
            1645069428.939551,
            1645069428.939585,
            1645069428.96672,
            1645069428.966736,
            1645069428.966744,
            1645069428.967659,
            1645069428.967667,
            1645069428.967757,
            1645069428.967761
        ],
        "ps_list": [
            164,
            184,
            225,
            121,
            66,
            97,
            66,
            101,
            66,
            97,
            66,
            101,
            66,
            189,
            66,
            260,
            66,
            66,
            121,
            225,
            66,
            66,
            101,
            66,
            121,
            66,
            255,
            66,
            121,
            225,
            66,
            101,
            66,
            121,
            66,
            253,
            66,
            121,
            225,
            121,
            225,
            66,
            101,
            66,
            145,
            66,
            272,
            66,
            66,
            101,
            66,
            122,
            66,
            256,
            66,
            121,
            225,
            66,
            101,
            66,
            123,
            66,
            254,
            66
        ],
        "direction_list": [
            0,
            0,
            0,
            1,
            0,
            0,
            1,
            1,
            0,
            1,
            0,
            1,
            0,
            1,
            0,
            1,
            0,
            1,
            0,
            0,
            1,
            1,
            1,
            0,
            1,
            0,
            1,
            0,
            0,
            0,
            1,
            1,
            0,
            1,
            0,
            1,
            0,
            0,
            0,
            0,
            0,
            1,
            1,
            0,
            1,
            0,
            1,
            0,
            1,
            1,
            0,
            1,
            0,
            1,
            0,
            0,
            0,
            1,
            1,
            0,
            1,
            0,
            1,
            0
        ],
        "piat_list": [
            0.2620220184326172,
            0.16808509826660156,
            0.02288818359375,
            26.43108367919922,
            0.030040740966796875,
            0.11587142944335938,
            0.8759498596191406,
            0.007152557373046875,
            0.007867813110351562,
            0.0021457672119140625,
            0.0040531158447265625,
            0.00286102294921875,
            0.0040531158447265625,
            0.8630752563476562,
            0.0050067901611328125,
            0.08893013000488281,
            0.0040531158447265625,
            64.96691703796387,
            200.2429962158203,
            0.03600120544433594,
            26.714086532592773,
            0.02002716064453125,
            0.1468658447265625,
            0.011920928955078125,
            1.5201568603515625,
            0.007867813110351562,
            0.49614906311035156,
            0.008821487426757812,
            55.02915382385254,
            0.027894973754882812,
            26.72410011291504,
            0.1900196075439453,
            0.010013580322265625,
            0.8449554443359375,
            0.011920928955078125,
            0.0050067901611328125,
            0.0040531158447265625,
            526.4620780944824,
            0.02384185791015625,
            16.604185104370117,
            0.032901763916015625,
            10.794878005981445,
            0.08416175842285156,
            0.010967254638671875,
            0.96893310546875,
            0.012159347534179688,
            0.08797645568847656,
            0.003814697265625,
            14.780044555664062,
            0.11706352233886719,
            0.010013580322265625,
            0.9388923645019531,
            0.0050067901611328125,
            0.009059906005859375,
            0.0040531158447265625,
            411.8170738220215,
            0.033855438232421875,
            27.135133743286133,
            0.015974044799804688,
            0.007867813110351562,
            0.9150505065917969,
            0.008106231689453125,
            0.08988380432128906,
            0.0040531158447265625
        ]
    }
}