{
    "(2886734945, 3741713926, 36900, 443, 'tcp', 0)": {
        "ts_list": [
            1645676343.660876,
            1645676343.661038,
            1645676343.661059,
            1645676343.689909,
            1645676343.689935,
            1645676343.689948,
            1645676343.689962,
            1645676343.689967,
            1645676343.690101,
            1645676343.701962,
            1645676343.701979,
            1645676343.701987,
            1645676343.703015,
            1645676343.703021,
            1645676343.703111,
            1645676343.703116,
            1645676343.759851,
            1645676343.95704,
            1645676343.957072,
            1645676343.985885,
            1645676343.985904,
            1645676343.985959,
            1645676343.985971,
            1645676343.986821,
            1645676343.986828,
            1645676343.986833,
            1645676343.986837,
            1645676344.050932,
            1645676344.050957,
            1645676344.052337,
            1645676344.052359,
            1645676344.079876,
            1645676344.079926,
            1645676344.079937,
            1645676344.080907,
            1645676344.08091,
            1645676344.081005,
            1645676344.081009,
            1645676344.084403,
            1645676344.084408,
            1645676344.084412,
            1645676344.085086,
            1645676344.08509,
            1645676344.085186,
            1645676344.08519,
            1645676345.172407,
            1645676345.172447,
            1645676345.201879,
            1645676345.201903,
            1645676345.201914,
            1645676345.202834,
            1645676345.202838,
            1645676345.202933,
            1645676345.202937,
            1645676346.025771,
            1645676346.025823,
            1645676346.054945,
            1645676346.054959,
            1645676346.054968,
            1645676346.055994,
            1645676346.055998,
            1645676346.056,
            1645676346.056003
        ],
        "ps_list": [
            158,
            184,
            225,
            66,
            121,
            66,
            110,
            66,
            97,
            66,
            101,
            66,
            190,
            66,
            260,
            66,
            66,
            121,
            225,
            66,
            66,
            101,
            66,
            121,
            66,
            255,
            66,
            121,
            225,
            121,
            225,
            66,
            101,
            66,
            145,
            66,
            251,
            66,
            66,
            101,
            66,
            104,
            66,
            255,
            66,
            121,
            225,
            66,
            101,
            66,
            143,
            66,
            712,
            66,
            121,
            225,
            66,
            101,
            66,
            143,
            66,
            297,
            66
        ],
        "direction_list": [
            0,
            0,
            0,
            1,
            1,
            0,
            1,
            0,
            0,
            1,
            1,
            0,
            1,
            0,
            1,
            0,
            1,
            0,
            0,
            1,
            1,
            1,
            0,
            1,
            0,
            1,
            0,
            0,
            0,
            0,
            0,
            1,
            1,
            0,
            1,
            0,
            1,
            0,
            1,
            1,
            0,
            1,
            0,
            1,
            0,
            0,
            0,
            1,
            1,
            0,
            1,
            0,
            1,
            0,
            0,
            0,
            1,
            1,
            0,
            1,
            0,
            1,
            0
        ],
        "piat_list": [
            0.2789497375488281,
            0.16188621520996094,
            0.0209808349609375,
            28.850078582763672,
            0.025987625122070312,
            0.013113021850585938,
            0.013828277587890625,
            0.0050067901611328125,
            0.13399124145507812,
            11.861085891723633,
            0.016927719116210938,
            0.008106231689453125,
            1.0280609130859375,
            0.0059604644775390625,
            0.08988380432128906,
            0.0050067901611328125,
            56.73503875732422,
            197.1890926361084,
            0.031948089599609375,
            28.812885284423828,
            0.019073486328125,
            0.05507469177246094,
            0.011920928955078125,
            0.8499622344970703,
            0.007152557373046875,
            0.0050067901611328125,
            0.003814697265625,
            64.09502029418945,
            0.025033950805664062,
            1.3799667358398438,
            0.022172927856445312,
            27.516841888427734,
            0.050067901611328125,
            0.010967254638671875,
            0.9701251983642578,
            0.00286102294921875,
            0.09512901306152344,
            0.003814697265625,
            3.3941268920898438,
            0.0050067901611328125,
            0.0040531158447265625,
            0.6740093231201172,
            0.003814697265625,
            0.09608268737792969,
            0.0040531158447265625,
            1087.216854095459,
            0.0400543212890625,
            29.432058334350586,
            0.024080276489257812,
            0.010967254638671875,
            0.9198188781738281,
            0.0040531158447265625,
            0.09512901306152344,
            0.003814697265625,
            822.8340148925781,
            0.05221366882324219,
            29.121875762939453,
            0.014066696166992188,
            0.009059906005859375,
            1.0259151458740234,
            0.0040531158447265625,
            0.0019073486328125,
            0.0030994415283203125
        ]
    }
}