{
    "(2886734945, 3741713926, 37284, 443, 'tcp', 0)": {
        "ts_list": [
            1645676916.46897,
            1645676916.46913,
            1645676916.469152,
            1645676916.497175,
            1645676916.497209,
            1645676916.497223,
            1645676916.497227,
            1645676916.497236,
            1645676916.49724,
            1645676916.497325,
            1645676916.49742,
            1645676916.49752,
            1645676916.497524,
            1645676916.497531,
            1645676916.497535,
            1645676916.49762,
            1645676916.497624,
            1645676916.564874,
            1645676916.76974,
            1645676916.769773,
            1645676916.797999,
            1645676916.798024,
            1645676916.798386,
            1645676916.798401,
            1645676916.798425,
            1645676916.798429,
            1645676916.798482,
            1645676916.798486,
            1645676916.884098,
            1645676916.884125,
            1645676916.885597,
            1645676916.885619,
            1645676916.912422,
            1645676916.912446,
            1645676916.912456,
            1645676916.912477,
            1645676916.912481,
            1645676916.912496,
            1645676916.9125,
            1645676916.913777,
            1645676916.913877,
            1645676916.913881,
            1645676916.913888,
            1645676916.913891,
            1645676916.913897,
            1645676916.9139,
            1645676917.236321,
            1645676917.236355,
            1645676917.264584,
            1645676917.26466,
            1645676917.264671,
            1645676917.264762,
            1645676917.264767,
            1645676917.264769,
            1645676917.264773,
            1645676917.943113,
            1645676917.943159,
            1645676917.971378,
            1645676917.971451,
            1645676917.97146,
            1645676917.971467,
            1645676917.971473,
            1645676917.971554,
            1645676917.971557
        ],
        "ps_list": [
            158,
            184,
            225,
            121,
            66,
            101,
            66,
            97,
            66,
            97,
            66,
            101,
            66,
            190,
            66,
            260,
            66,
            66,
            121,
            225,
            66,
            66,
            101,
            66,
            121,
            66,
            255,
            66,
            121,
            225,
            121,
            225,
            66,
            101,
            66,
            122,
            66,
            251,
            66,
            66,
            101,
            66,
            118,
            66,
            255,
            66,
            121,
            225,
            66,
            101,
            66,
            143,
            66,
            712,
            66,
            121,
            225,
            66,
            101,
            66,
            120,
            66,
            297,
            66
        ],
        "direction_list": [
            0,
            0,
            0,
            1,
            0,
            1,
            0,
            1,
            0,
            0,
            1,
            1,
            0,
            1,
            0,
            1,
            0,
            1,
            0,
            0,
            1,
            1,
            1,
            0,
            1,
            0,
            1,
            0,
            0,
            0,
            0,
            0,
            1,
            1,
            0,
            1,
            0,
            1,
            0,
            1,
            1,
            0,
            1,
            0,
            1,
            0,
            0,
            0,
            1,
            1,
            0,
            1,
            0,
            1,
            0,
            0,
            0,
            1,
            1,
            0,
            1,
            0,
            1,
            0
        ],
        "piat_list": [
            0.247955322265625,
            0.15997886657714844,
            0.02193450927734375,
            28.02300453186035,
            0.03409385681152344,
            0.013828277587890625,
            0.0040531158447265625,
            0.009059906005859375,
            0.0040531158447265625,
            0.08487701416015625,
            0.09512901306152344,
            0.09989738464355469,
            0.0040531158447265625,
            0.0069141387939453125,
            0.0040531158447265625,
            0.08511543273925781,
            0.003814697265625,
            67.25001335144043,
            204.8661708831787,
            0.032901763916015625,
            28.22589874267578,
            0.025033950805664062,
            0.36215782165527344,
            0.015020370483398438,
            0.02384185791015625,
            0.0040531158447265625,
            0.052928924560546875,
            0.0040531158447265625,
            85.61205863952637,
            0.026941299438476562,
            1.4719963073730469,
            0.02193450927734375,
            26.803016662597656,
            0.024080276489257812,
            0.010013580322265625,
            0.0209808349609375,
            0.0040531158447265625,
            0.015020370483398438,
            0.003814697265625,
            1.2772083282470703,
            0.09989738464355469,
            0.0040531158447265625,
            0.0069141387939453125,
            0.0030994415283203125,
            0.0059604644775390625,
            0.00286102294921875,
            322.4210739135742,
            0.03409385681152344,
            28.2289981842041,
            0.07581710815429688,
            0.011205673217773438,
            0.09083747863769531,
            0.0050067901611328125,
            0.0021457672119140625,
            0.003814697265625,
            678.3401966094971,
            0.04601478576660156,
            28.218984603881836,
            0.07295608520507812,
            0.009059906005859375,
            0.0069141387939453125,
            0.0059604644775390625,
            0.08106231689453125,
            0.00286102294921875
        ]
    }
}