{
    "(2886734945, 3741713926, 37316, 443, 'tcp', 0)": {
        "ts_list": [
            1645676966.336487,
            1645676966.336649,
            1645676966.336671,
            1645676966.361932,
            1645676966.361963,
            1645676966.361974,
            1645676966.361991,
            1645676966.361995,
            1645676966.362,
            1645676966.362003,
            1645676966.362107,
            1645676966.362109,
            1645676966.362117,
            1645676966.362987,
            1645676966.362992,
            1645676966.362997,
            1645676966.363001,
            1645676966.428021,
            1645676966.665708,
            1645676966.66574,
            1645676966.690931,
            1645676966.690945,
            1645676966.691007,
            1645676966.691016,
            1645676966.691871,
            1645676966.691875,
            1645676966.69188,
            1645676966.691883,
            1645676966.800823,
            1645676966.800852,
            1645676966.802259,
            1645676966.802283,
            1645676966.825923,
            1645676966.825942,
            1645676966.82596,
            1645676966.826907,
            1645676966.826912,
            1645676966.827004,
            1645676966.827008,
            1645676966.827954,
            1645676966.82796,
            1645676966.827964,
            1645676966.828863,
            1645676966.828866,
            1645676966.828945,
            1645676966.828949,
            1645676967.127949,
            1645676967.127985,
            1645676967.15395,
            1645676967.153981,
            1645676967.153991,
            1645676967.154858,
            1645676967.154862,
            1645676967.154956,
            1645676967.15496,
            1645676967.762522,
            1645676967.762563,
            1645676967.78801,
            1645676967.788025
        ],
        "ps_list": [
            158,
            184,
            225,
            66,
            121,
            66,
            101,
            66,
            97,
            66,
            97,
            101,
            66,
            190,
            66,
            260,
            66,
            66,
            121,
            225,
            66,
            66,
            101,
            66,
            121,
            66,
            255,
            66,
            121,
            225,
            121,
            225,
            66,
            101,
            66,
            122,
            66,
            251,
            66,
            66,
            101,
            66,
            116,
            66,
            255,
            66,
            121,
            225,
            66,
            101,
            66,
            131,
            66,
            712,
            66,
            121,
            225,
            66,
            101
        ],
        "direction_list": [
            0,
            0,
            0,
            1,
            1,
            0,
            1,
            0,
            1,
            0,
            0,
            1,
            0,
            1,
            0,
            1,
            0,
            1,
            0,
            0,
            1,
            1,
            1,
            0,
            1,
            0,
            1,
            0,
            0,
            0,
            0,
            0,
            1,
            1,
            0,
            1,
            0,
            1,
            0,
            1,
            1,
            0,
            1,
            0,
            1,
            0,
            0,
            0,
            1,
            1,
            0,
            1,
            0,
            1,
            0,
            0,
            0,
            1,
            1
        ],
        "piat_list": [
            0.26798248291015625,
            0.16188621520996094,
            0.022172927856445312,
            25.26092529296875,
            0.030994415283203125,
            0.010967254638671875,
            0.016927719116210938,
            0.0040531158447265625,
            0.0050067901611328125,
            0.0030994415283203125,
            0.10395050048828125,
            0.0019073486328125,
            0.008106231689453125,
            0.8699893951416016,
            0.0050067901611328125,
            0.0050067901611328125,
            0.0040531158447265625,
            65.01984596252441,
            237.6871109008789,
            0.031948089599609375,
            25.191068649291992,
            0.013828277587890625,
            0.06198883056640625,
            0.009059906005859375,
            0.8549690246582031,
            0.0040531158447265625,
            0.0050067901611328125,
            0.0030994415283203125,
            108.93988609313965,
            0.029087066650390625,
            1.4069080352783203,
            0.024080276489257812,
            23.639917373657227,
            0.019073486328125,
            0.017881393432617188,
            0.9469985961914062,
            0.0050067901611328125,
            0.09202957153320312,
            0.0040531158447265625,
            0.946044921875,
            0.0059604644775390625,
            0.0040531158447265625,
            0.8988380432128906,
            0.0030994415283203125,
            0.07891654968261719,
            0.0040531158447265625,
            299.0000247955322,
            0.03600120544433594,
            25.964975357055664,
            0.030994415283203125,
            0.010013580322265625,
            0.8671283721923828,
            0.003814697265625,
            0.09417533874511719,
            0.003814697265625,
            607.5620651245117,
            0.04100799560546875,
            25.44689178466797,
            0.015020370483398438
        ]
    }
}