{
    "(2886734945, 3741648133, 37980, 443, 'tcp', 0)": {
        "ts_list": [
            1645579056.087404,
            1645579056.087572,
            1645579056.08759,
            1645579056.095762,
            1645579056.095783,
            1645579056.095917,
            1645579056.09665,
            1645579056.096657,
            1645579056.096661,
            1645579056.096747,
            1645579056.096751,
            1645579056.096755,
            1645579056.096758,
            1645579056.097791,
            1645579056.097797,
            1645579056.0978,
            1645579056.097805,
            1645579056.144704,
            1645579056.430011,
            1645579056.430051,
            1645579056.438689,
            1645579056.438716,
            1645579056.43885,
            1645579056.438863,
            1645579056.439721,
            1645579056.439726,
            1645579056.439821,
            1645579056.439825,
            1645579056.525098,
            1645579056.525131,
            1645579056.533771,
            1645579056.53385,
            1645579056.533862,
            1645579056.534813,
            1645579056.534823,
            1645579056.534909,
            1645579056.534914,
            1645579056.712899,
            1645579056.712932,
            1645579056.721724,
            1645579056.72186,
            1645579056.721867,
            1645579056.722806,
            1645579056.722819,
            1645579056.722833,
            1645579056.722837,
            1645579057.169093,
            1645579057.16913,
            1645579057.177707,
            1645579057.17779,
            1645579057.177801,
            1645579057.178874,
            1645579057.178885,
            1645579057.178968,
            1645579057.178971
        ],
        "ps_list": [
            158,
            184,
            225,
            121,
            66,
            97,
            66,
            101,
            66,
            97,
            66,
            101,
            66,
            190,
            66,
            260,
            66,
            66,
            121,
            225,
            66,
            66,
            101,
            66,
            121,
            66,
            255,
            66,
            121,
            225,
            66,
            101,
            66,
            121,
            66,
            706,
            66,
            121,
            225,
            66,
            101,
            66,
            120,
            66,
            297,
            66,
            121,
            225,
            66,
            101,
            66,
            145,
            66,
            272,
            66
        ],
        "direction_list": [
            0,
            0,
            0,
            1,
            0,
            0,
            1,
            1,
            0,
            1,
            0,
            1,
            0,
            1,
            0,
            1,
            0,
            1,
            0,
            0,
            1,
            1,
            1,
            0,
            1,
            0,
            1,
            0,
            0,
            0,
            1,
            1,
            0,
            1,
            0,
            1,
            0,
            0,
            0,
            1,
            1,
            0,
            1,
            0,
            1,
            0,
            0,
            0,
            1,
            1,
            0,
            1,
            0,
            1,
            0
        ],
        "piat_list": [
            0.2529621124267578,
            0.16808509826660156,
            0.017881393432617188,
            8.172035217285156,
            0.0209808349609375,
            0.13399124145507812,
            0.7328987121582031,
            0.007152557373046875,
            0.0040531158447265625,
            0.0858306884765625,
            0.0040531158447265625,
            0.0040531158447265625,
            0.00286102294921875,
            1.0330677032470703,
            0.0059604644775390625,
            0.0030994415283203125,
            0.0050067901611328125,
            46.89908027648926,
            285.3069305419922,
            0.0400543212890625,
            8.63790512084961,
            0.026941299438476562,
            0.13399124145507812,
            0.013113021850585938,
            0.8580684661865234,
            0.0050067901611328125,
            0.09489059448242188,
            0.0040531158447265625,
            85.27302742004395,
            0.032901763916015625,
            8.640050888061523,
            0.07891654968261719,
            0.012159347534179688,
            0.9508132934570312,
            0.010013580322265625,
            0.08606910705566406,
            0.0050067901611328125,
            177.98495292663574,
            0.03314018249511719,
            8.791923522949219,
            0.13589859008789062,
            0.007152557373046875,
            0.9388923645019531,
            0.013113021850585938,
            0.013828277587890625,
            0.0040531158447265625,
            446.2559223175049,
            0.03719329833984375,
            8.57686996459961,
            0.08296966552734375,
            0.010967254638671875,
            1.0731220245361328,
            0.010967254638671875,
            0.08296966552734375,
            0.0030994415283203125
        ]
    }
}