{
    "(2886734945, 3741648133, 37990, 443, 'tcp', 0)": {
        "ts_list": [
            1645579065.328229,
            1645579065.328429,
            1645579065.328456,
            1645579065.337978,
            1645579065.338008,
            1645579065.338019,
            1645579065.338031,
            1645579065.338035,
            1645579065.338161,
            1645579065.338166,
            1645579065.338913,
            1645579065.338995,
            1645579065.339004,
            1645579065.339089,
            1645579065.339093,
            1645579065.387965,
            1645579065.720052,
            1645579065.720108,
            1645579065.72902,
            1645579065.729049,
            1645579065.729211,
            1645579065.729224,
            1645579065.72997,
            1645579065.729975,
            1645579065.73007,
            1645579065.730074,
            1645579065.856168,
            1645579065.856207,
            1645579065.866074,
            1645579065.866101,
            1645579065.866115,
            1645579065.866985,
            1645579065.866992,
            1645579065.867083,
            1645579065.867087,
            1645579066.05322,
            1645579066.053264,
            1645579066.062968,
            1645579066.063056,
            1645579066.063069,
            1645579066.064034,
            1645579066.064041,
            1645579066.064133,
            1645579066.064138,
            1645579066.539424,
            1645579066.539493,
            1645579066.549019,
            1645579066.549116,
            1645579066.549124,
            1645579066.549948,
            1645579066.549952,
            1645579066.550048,
            1645579066.550054
        ],
        "ps_list": [
            158,
            184,
            225,
            66,
            121,
            66,
            110,
            66,
            101,
            66,
            97,
            191,
            66,
            260,
            66,
            66,
            121,
            225,
            66,
            66,
            101,
            66,
            120,
            66,
            255,
            66,
            121,
            225,
            66,
            101,
            66,
            120,
            66,
            706,
            66,
            121,
            225,
            66,
            101,
            66,
            143,
            66,
            297,
            66,
            121,
            225,
            66,
            101,
            66,
            122,
            66,
            272,
            66
        ],
        "direction_list": [
            0,
            0,
            0,
            1,
            1,
            0,
            1,
            0,
            1,
            0,
            0,
            1,
            0,
            1,
            0,
            1,
            0,
            0,
            1,
            1,
            1,
            0,
            1,
            0,
            1,
            0,
            0,
            0,
            1,
            1,
            0,
            1,
            0,
            1,
            0,
            0,
            0,
            1,
            1,
            0,
            1,
            0,
            1,
            0,
            0,
            0,
            1,
            1,
            0,
            1,
            0,
            1,
            0
        ],
        "piat_list": [
            0.3008842468261719,
            0.20003318786621094,
            0.026941299438476562,
            9.521961212158203,
            0.030040740966796875,
            0.010967254638671875,
            0.012159347534179688,
            0.0040531158447265625,
            0.125885009765625,
            0.0050067901611328125,
            0.7469654083251953,
            0.0820159912109375,
            0.009059906005859375,
            0.08487701416015625,
            0.0040531158447265625,
            48.87199401855469,
            332.08703994750977,
            0.05602836608886719,
            8.912086486816406,
            0.028848648071289062,
            0.1621246337890625,
            0.012874603271484375,
            0.7460117340087891,
            0.0050067901611328125,
            0.09512901306152344,
            0.003814697265625,
            126.09410285949707,
            0.03886222839355469,
            9.867191314697266,
            0.026941299438476562,
            0.014066696166992188,
            0.8699893951416016,
            0.0069141387939453125,
            0.09107589721679688,
            0.003814697265625,
            186.13314628601074,
            0.0438690185546875,
            9.704113006591797,
            0.08797645568847656,
            0.013113021850585938,
            0.9648799896240234,
            0.0069141387939453125,
            0.09202957153320312,
            0.0050067901611328125,
            475.28600692749023,
            0.06914138793945312,
            9.52601432800293,
            0.09679794311523438,
            0.008106231689453125,
            0.823974609375,
            0.0040531158447265625,
            0.09608268737792969,
            0.0059604644775390625
        ]
    }
}