{
    "(2886734945, 3741648133, 38056, 443, 'tcp', 0)": {
        "ts_list": [
            1645579168.603123,
            1645579168.603324,
            1645579168.603353,
            1645579168.612344,
            1645579168.612384,
            1645579168.612413,
            1645579168.612424,
            1645579168.612429,
            1645579168.612432,
            1645579168.612438,
            1645579168.612559,
            1645579168.613228,
            1645579168.613234,
            1645579168.613327,
            1645579168.613332,
            1645579168.662236,
            1645579168.987419,
            1645579168.987474,
            1645579168.99726,
            1645579168.997285,
            1645579168.997431,
            1645579168.997444,
            1645579168.998286,
            1645579168.998292,
            1645579168.998297,
            1645579168.998301,
            1645579169.111454,
            1645579169.111493,
            1645579169.121294,
            1645579169.121403,
            1645579169.121418,
            1645579169.12224,
            1645579169.122253,
            1645579169.122338,
            1645579169.122343,
            1645579169.301876,
            1645579169.301922,
            1645579169.311536,
            1645579169.311574,
            1645579169.311592,
            1645579169.31235,
            1645579169.312356,
            1645579169.312443,
            1645579169.312448,
            1645579169.711134,
            1645579169.711161,
            1645579169.720349,
            1645579169.720371,
            1645579169.720382,
            1645579169.721242,
            1645579169.721248,
            1645579169.721342,
            1645579169.721347
        ],
        "ps_list": [
            158,
            184,
            225,
            66,
            121,
            66,
            110,
            66,
            101,
            66,
            97,
            191,
            66,
            260,
            66,
            66,
            121,
            225,
            66,
            66,
            101,
            66,
            122,
            66,
            255,
            66,
            121,
            225,
            66,
            101,
            66,
            144,
            66,
            706,
            66,
            121,
            225,
            66,
            101,
            66,
            121,
            66,
            297,
            66,
            121,
            225,
            66,
            101,
            66,
            121,
            66,
            272,
            66
        ],
        "direction_list": [
            0,
            0,
            0,
            1,
            1,
            0,
            1,
            0,
            1,
            0,
            0,
            1,
            0,
            1,
            0,
            1,
            0,
            0,
            1,
            1,
            1,
            0,
            1,
            0,
            1,
            0,
            0,
            0,
            1,
            1,
            0,
            1,
            0,
            1,
            0,
            0,
            0,
            1,
            1,
            0,
            1,
            0,
            1,
            0,
            0,
            0,
            1,
            1,
            0,
            1,
            0,
            1,
            0
        ],
        "piat_list": [
            0.2849102020263672,
            0.2009868621826172,
            0.029087066650390625,
            8.991003036499023,
            0.0400543212890625,
            0.028848648071289062,
            0.010967254638671875,
            0.0050067901611328125,
            0.0030994415283203125,
            0.0059604644775390625,
            0.12111663818359375,
            0.6690025329589844,
            0.0059604644775390625,
            0.09298324584960938,
            0.0050067901611328125,
            48.9039421081543,
            325.1829147338867,
            0.05507469177246094,
            9.786128997802734,
            0.0247955322265625,
            0.1461505889892578,
            0.012874603271484375,
            0.8420944213867188,
            0.0059604644775390625,
            0.0050067901611328125,
            0.0040531158447265625,
            113.15298080444336,
            0.03910064697265625,
            9.800910949707031,
            0.10895729064941406,
            0.015020370483398438,
            0.8220672607421875,
            0.012874603271484375,
            0.08511543273925781,
            0.0050067901611328125,
            179.5330047607422,
            0.04601478576660156,
            9.613990783691406,
            0.03790855407714844,
            0.01811981201171875,
            0.7579326629638672,
            0.0059604644775390625,
            0.08702278137207031,
            0.0050067901611328125,
            398.6859321594238,
            0.026941299438476562,
            9.188175201416016,
            0.02193450927734375,
            0.010967254638671875,
            0.8599758148193359,
            0.0059604644775390625,
            0.09417533874511719,
            0.0050067901611328125
        ]
    }
}