{
    "(2886734945, 3741648133, 51054, 443, 'tcp', 0)": {
        "ts_list": [
            1645343370.269505,
            1645343370.269683,
            1645343370.269703,
            1645343370.279939,
            1645343370.279962,
            1645343370.27997,
            1645343370.279983,
            1645343370.279987,
            1645343370.279995,
            1645343370.279999,
            1645343370.280056,
            1645343370.280854,
            1645343370.280868,
            1645343370.280896,
            1645343370.280903,
            1645343370.328674,
            1645343370.551489,
            1645343370.551523,
            1645343370.559754,
            1645343370.559769,
            1645343370.559936,
            1645343370.559945,
            1645343370.56074,
            1645343370.560745,
            1645343370.560838,
            1645343370.560842,
            1645343370.65304,
            1645343370.653066,
            1645343370.662059,
            1645343370.662193,
            1645343370.662204,
            1645343370.662804,
            1645343370.662809,
            1645343370.662901,
            1645343370.662905,
            1645343370.861234,
            1645343370.861274,
            1645343370.869763,
            1645343370.869842,
            1645343370.86985,
            1645343370.870793,
            1645343370.870804,
            1645343370.870815,
            1645343370.870819,
            1645343370.899658,
            1645343370.899681,
            1645343370.908748,
            1645343370.908834,
            1645343370.909713,
            1645343370.909808,
            1645343370.9108,
            1645343371.037645,
            1645343371.037692,
            1645343371.047216,
            1645343371.047367,
            1645343371.048338,
            1645343371.049047,
            1645343371.05172,
            1645343371.087913,
            1645343371.087935,
            1645343371.096675,
            1645343371.096796,
            1645343371.09774,
            1645343371.097831,
            1645343371.102418
        ],
        "ps_list": [
            158,
            184,
            225,
            66,
            121,
            66,
            110,
            66,
            101,
            66,
            97,
            190,
            66,
            260,
            66,
            66,
            121,
            225,
            66,
            66,
            101,
            66,
            121,
            66,
            255,
            66,
            121,
            225,
            66,
            101,
            66,
            122,
            66,
            256,
            66,
            121,
            225,
            66,
            101,
            66,
            120,
            66,
            297,
            66,
            121,
            225,
            66,
            101,
            121,
            329,
            66,
            121,
            225,
            66,
            101,
            145,
            344,
            66,
            121,
            225,
            66,
            101,
            122,
            272,
            66
        ],
        "direction_list": [
            0,
            0,
            0,
            1,
            1,
            0,
            1,
            0,
            1,
            0,
            0,
            1,
            0,
            1,
            0,
            1,
            0,
            0,
            1,
            1,
            1,
            0,
            1,
            0,
            1,
            0,
            0,
            0,
            1,
            1,
            0,
            1,
            0,
            1,
            0,
            0,
            0,
            1,
            1,
            0,
            1,
            0,
            1,
            0,
            0,
            0,
            1,
            1,
            1,
            1,
            0,
            0,
            0,
            1,
            1,
            1,
            1,
            0,
            0,
            0,
            1,
            1,
            1,
            1,
            0
        ],
        "piat_list": [
            0.24008750915527344,
            0.17786026000976562,
            0.02002716064453125,
            10.236024856567383,
            0.023126602172851562,
            0.007867813110351562,
            0.013113021850585938,
            0.0040531158447265625,
            0.007867813110351562,
            0.0040531158447265625,
            0.05698204040527344,
            0.7979869842529297,
            0.014066696166992188,
            0.027894973754882812,
            0.007152557373046875,
            47.77097702026367,
            222.81503677368164,
            0.033855438232421875,
            8.230924606323242,
            0.015020370483398438,
            0.1671314239501953,
            0.009059906005859375,
            0.7948875427246094,
            0.0050067901611328125,
            0.09298324584960938,
            0.0040531158447265625,
            92.19789505004883,
            0.025987625122070312,
            8.993148803710938,
            0.13399124145507812,
            0.010967254638671875,
            0.5998611450195312,
            0.0050067901611328125,
            0.09202957153320312,
            0.0040531158447265625,
            198.32897186279297,
            0.0400543212890625,
            8.488893508911133,
            0.07915496826171875,
            0.007867813110351562,
            0.9431838989257812,
            0.010967254638671875,
            0.010967254638671875,
            0.0040531158447265625,
            28.8388729095459,
            0.023126602172851562,
            9.06682014465332,
            0.08606910705566406,
            0.8790493011474609,
            0.09489059448242188,
            0.9920597076416016,
            126.84512138366699,
            0.04696846008300781,
            9.523868560791016,
            0.15115737915039062,
            0.9708404541015625,
            0.7090568542480469,
            2.672910690307617,
            36.193132400512695,
            0.02193450927734375,
            8.739948272705078,
            0.12111663818359375,
            0.9438991546630859,
            0.09107589721679688,
            4.586935043334961
        ]
    }
}