{
    "(2886734945, 3741648133, 49118, 443, 'tcp', 0)": {
        "ts_list": [
            1645319497.320361,
            1645319497.320521,
            1645319497.320543,
            1645319497.329102,
            1645319497.32912,
            1645319497.329127,
            1645319497.329134,
            1645319497.32914,
            1645319497.329142,
            1645319497.329145,
            1645319497.329243,
            1645319497.329268,
            1645319497.329273,
            1645319497.330059,
            1645319497.330064,
            1645319497.330068,
            1645319497.330072,
            1645319497.378031,
            1645319497.676292,
            1645319497.67634,
            1645319497.684933,
            1645319497.684956,
            1645319497.685115,
            1645319497.685129,
            1645319497.686111,
            1645319497.686127,
            1645319497.686211,
            1645319497.686217,
            1645319497.757465,
            1645319497.757497,
            1645319497.766044,
            1645319497.766068,
            1645319497.766078,
            1645319497.767024,
            1645319497.767029,
            1645319497.767035,
            1645319497.767039
        ],
        "ps_list": [
            158,
            184,
            225,
            66,
            121,
            66,
            101,
            66,
            97,
            66,
            97,
            101,
            66,
            191,
            66,
            260,
            66,
            66,
            121,
            225,
            66,
            66,
            101,
            66,
            122,
            66,
            255,
            66,
            121,
            225,
            66,
            101,
            66,
            120,
            66,
            253,
            66
        ],
        "direction_list": [
            0,
            0,
            0,
            1,
            1,
            0,
            1,
            0,
            1,
            0,
            0,
            1,
            0,
            1,
            0,
            1,
            0,
            1,
            0,
            0,
            1,
            1,
            1,
            0,
            1,
            0,
            1,
            0,
            0,
            0,
            1,
            1,
            0,
            1,
            0,
            1,
            0
        ],
        "piat_list": [
            0.26988983154296875,
            0.16021728515625,
            0.02193450927734375,
            8.558988571166992,
            0.017881393432617188,
            0.007152557373046875,
            0.0069141387939453125,
            0.0059604644775390625,
            0.0021457672119140625,
            0.00286102294921875,
            0.09799003601074219,
            0.025033950805664062,
            0.0050067901611328125,
            0.7860660552978516,
            0.0050067901611328125,
            0.0040531158447265625,
            0.003814697265625,
            47.959089279174805,
            298.2609272003174,
            0.048160552978515625,
            8.592844009399414,
            0.023126602172851562,
            0.1590251922607422,
            0.013828277587890625,
            0.9820461273193359,
            0.015974044799804688,
            0.08416175842285156,
            0.0059604644775390625,
            71.24781608581543,
            0.03218650817871094,
            8.546829223632812,
            0.024080276489257812,
            0.010013580322265625,
            0.946044921875,
            0.0050067901611328125,
            0.0059604644775390625,
            0.0040531158447265625
        ]
    }
}