{
    "(2886734945, 3741648133, 49266, 443, 'tcp', 0)": {
        "ts_list": [
            1645319904.293647,
            1645319904.293841,
            1645319904.293867,
            1645319904.302008,
            1645319904.302026,
            1645319904.302034,
            1645319904.302092,
            1645319904.302097,
            1645319904.30214,
            1645319904.302194,
            1645319904.302199,
            1645319904.303029,
            1645319904.303039,
            1645319904.303048,
            1645319904.303051,
            1645319904.350073,
            1645319904.63036,
            1645319904.630404,
            1645319904.638982,
            1645319904.639009,
            1645319904.639159,
            1645319904.639173,
            1645319904.640047,
            1645319904.640056,
            1645319904.640063,
            1645319904.640067,
            1645319904.715798,
            1645319904.715827,
            1645319904.724017,
            1645319904.7241
        ],
        "ps_list": [
            158,
            184,
            225,
            66,
            121,
            66,
            110,
            66,
            97,
            101,
            66,
            191,
            66,
            260,
            66,
            66,
            121,
            225,
            66,
            66,
            101,
            66,
            122,
            66,
            255,
            66,
            121,
            225,
            66,
            101
        ],
        "direction_list": [
            0,
            0,
            0,
            1,
            1,
            0,
            1,
            0,
            0,
            1,
            0,
            1,
            0,
            1,
            0,
            1,
            0,
            0,
            1,
            1,
            1,
            0,
            1,
            0,
            1,
            0,
            0,
            0,
            1,
            1
        ],
        "piat_list": [
            0.2551078796386719,
            0.1938343048095703,
            0.026226043701171875,
            8.140802383422852,
            0.01811981201171875,
            0.007867813110351562,
            0.05817413330078125,
            0.0050067901611328125,
            0.04291534423828125,
            0.05412101745605469,
            0.00476837158203125,
            0.8301734924316406,
            0.010013580322265625,
            0.008821487426757812,
            0.0030994415283203125,
            47.022104263305664,
            280.2867889404297,
            0.04410743713378906,
            8.578062057495117,
            0.026941299438476562,
            0.1499652862548828,
            0.014066696166992188,
            0.8740425109863281,
            0.008821487426757812,
            0.007152557373046875,
            0.0040531158447265625,
            75.73080062866211,
            0.029087066650390625,
            8.189916610717773,
            0.08320808410644531
        ]
    }
}