{
    "(2886734945, 3741648133, 33542, 443, 'tcp', 0)": {
        "ts_list": [
            1644981212.709205,
            1644981212.709402,
            1644981212.709425,
            1644981212.71734,
            1644981212.717425,
            1644981212.71743,
            1644981212.71744,
            1644981212.717453,
            1644981212.717457,
            1644981212.717462,
            1644981212.717465,
            1644981212.71756,
            1644981212.718351,
            1644981212.718358,
            1644981212.718369,
            1644981212.718373,
            1644981212.765315,
            1644981213.018923,
            1644981213.018965,
            1644981213.027336,
            1644981213.027355,
            1644981213.027521,
            1644981213.027532,
            1644981213.028333,
            1644981213.028337,
            1644981213.028343,
            1644981213.028346,
            1644981213.116974,
            1644981213.117002,
            1644981213.12537,
            1644981213.125439,
            1644981213.12545,
            1644981213.126307,
            1644981213.126312,
            1644981213.126318,
            1644981213.126323,
            1644981213.227828,
            1644981213.227871,
            1644981213.236412,
            1644981213.236484,
            1644981213.236497,
            1644981213.237394,
            1644981213.237397,
            1644981213.237493,
            1644981213.237497,
            1644981213.603973,
            1644981213.604013,
            1644981213.61233,
            1644981213.612433,
            1644981213.612442,
            1644981213.614251,
            1644981213.614258,
            1644981213.614441,
            1644981213.614446,
            1644981213.62759,
            1644981213.627614,
            1644981213.631335,
            1644981213.631358,
            1644981213.63537,
            1644981213.635452,
            1644981213.636293,
            1644981213.636391,
            1644981213.639252,
            1644981213.639382,
            1644981213.640345,
            1644981213.640347,
            1644981213.641962,
            1644981213.64979,
            1644981213.64981,
            1644981213.658341,
            1644981213.658442,
            1644981213.659315,
            1644981213.659322,
            1644981213.659345
        ],
        "ps_list": [
            158,
            184,
            225,
            66,
            66,
            121,
            66,
            110,
            66,
            101,
            66,
            97,
            191,
            66,
            260,
            66,
            66,
            121,
            225,
            66,
            66,
            101,
            66,
            145,
            66,
            255,
            66,
            121,
            225,
            66,
            101,
            66,
            121,
            66,
            254,
            66,
            121,
            225,
            66,
            101,
            66,
            121,
            66,
            355,
            66,
            121,
            225,
            66,
            101,
            66,
            120,
            66,
            297,
            66,
            121,
            225,
            121,
            225,
            66,
            101,
            120,
            313,
            66,
            101,
            120,
            352,
            66,
            121,
            225,
            66,
            101,
            122,
            272,
            66
        ],
        "direction_list": [
            0,
            0,
            0,
            1,
            1,
            1,
            0,
            1,
            0,
            1,
            0,
            0,
            1,
            0,
            1,
            0,
            1,
            0,
            0,
            1,
            1,
            1,
            0,
            1,
            0,
            1,
            0,
            0,
            0,
            1,
            1,
            0,
            1,
            0,
            1,
            0,
            0,
            0,
            1,
            1,
            0,
            1,
            0,
            1,
            0,
            0,
            0,
            1,
            1,
            0,
            1,
            0,
            1,
            0,
            0,
            0,
            0,
            0,
            1,
            1,
            1,
            1,
            1,
            1,
            1,
            1,
            0,
            0,
            0,
            1,
            1,
            1,
            1,
            0
        ],
        "piat_list": [
            0.2529621124267578,
            0.1971721649169922,
            0.02288818359375,
            7.915019989013672,
            0.08511543273925781,
            0.0050067901611328125,
            0.009775161743164062,
            0.013113021850585938,
            0.0040531158447265625,
            0.0050067901611328125,
            0.00286102294921875,
            0.09512901306152344,
            0.7908344268798828,
            0.007152557373046875,
            0.010967254638671875,
            0.0040531158447265625,
            46.94199562072754,
            253.60798835754395,
            0.041961669921875,
            8.37087631225586,
            0.019073486328125,
            0.1659393310546875,
            0.011205673217773438,
            0.8008480072021484,
            0.0040531158447265625,
            0.0059604644775390625,
            0.0030994415283203125,
            88.62805366516113,
            0.027894973754882812,
            8.36801528930664,
            0.06890296936035156,
            0.010967254638671875,
            0.8571147918701172,
            0.0050067901611328125,
            0.0059604644775390625,
            0.0050067901611328125,
            101.50504112243652,
            0.04291534423828125,
            8.541107177734375,
            0.07200241088867188,
            0.012874603271484375,
            0.8971691131591797,
            0.00286102294921875,
            0.09608268737792969,
            0.0040531158447265625,
            366.47582054138184,
            0.0400543212890625,
            8.316993713378906,
            0.102996826171875,
            0.009059906005859375,
            1.8088817596435547,
            0.007152557373046875,
            0.18286705017089844,
            0.0050067901611328125,
            13.14401626586914,
            0.024080276489257812,
            3.720998764038086,
            0.02288818359375,
            4.012107849121094,
            0.0820159912109375,
            0.8409023284912109,
            0.09799003601074219,
            2.86102294921875,
            0.12993812561035156,
            0.9632110595703125,
            0.0019073486328125,
            1.6150474548339844,
            7.827997207641602,
            0.02002716064453125,
            8.530855178833008,
            0.1010894775390625,
            0.8730888366699219,
            0.0069141387939453125,
            0.02288818359375
        ]
    }
}