{
    "(2886734945, 3741648133, 55594, 443, 'tcp', 0)": {
        "ts_list": [
            1645032114.482625,
            1645032114.482813,
            1645032114.482837,
            1645032114.491833,
            1645032114.491853,
            1645032114.491865,
            1645032114.492023,
            1645032114.492029,
            1645032114.492032,
            1645032114.492036,
            1645032114.492122,
            1645032114.492125,
            1645032114.493938,
            1645032114.49395,
            1645032114.493953,
            1645032114.493957,
            1645032114.497029,
            1645032114.546844,
            1645032114.756706,
            1645032114.756741,
            1645032114.765861,
            1645032114.765887,
            1645032114.766041,
            1645032114.766051,
            1645032114.767079,
            1645032114.767086,
            1645032114.76709,
            1645032114.767094,
            1645032114.869896,
            1645032114.869928,
            1645032114.878933,
            1645032114.878948,
            1645032114.878956,
            1645032114.879937,
            1645032114.879947,
            1645032114.880031,
            1645032114.880035,
            1645032114.968208,
            1645032114.968234,
            1645032114.976919,
            1645032114.97701,
            1645032114.977021,
            1645032114.977935,
            1645032114.977939,
            1645032114.978032,
            1645032114.978036
        ],
        "ps_list": [
            158,
            184,
            225,
            66,
            121,
            66,
            101,
            66,
            97,
            66,
            101,
            66,
            191,
            66,
            260,
            66,
            97,
            66,
            121,
            225,
            66,
            66,
            101,
            66,
            121,
            66,
            255,
            66,
            121,
            225,
            66,
            101,
            66,
            121,
            66,
            356,
            66,
            121,
            225,
            66,
            101,
            66,
            121,
            66,
            364,
            66
        ],
        "direction_list": [
            0,
            0,
            0,
            1,
            1,
            0,
            1,
            0,
            1,
            0,
            1,
            0,
            1,
            0,
            1,
            0,
            0,
            1,
            0,
            0,
            1,
            1,
            1,
            0,
            1,
            0,
            1,
            0,
            0,
            0,
            1,
            1,
            0,
            1,
            0,
            1,
            0,
            0,
            0,
            1,
            1,
            0,
            1,
            0,
            1,
            0
        ],
        "piat_list": [
            0.24390220642089844,
            0.18787384033203125,
            0.024080276489257812,
            8.996009826660156,
            0.02002716064453125,
            0.011920928955078125,
            0.15807151794433594,
            0.0059604644775390625,
            0.0030994415283203125,
            0.0040531158447265625,
            0.0858306884765625,
            0.0030994415283203125,
            1.8129348754882812,
            0.011920928955078125,
            0.0030994415283203125,
            0.0040531158447265625,
            3.072023391723633,
            49.81493949890137,
            209.86199378967285,
            0.03504753112792969,
            9.119987487792969,
            0.025987625122070312,
            0.15401840209960938,
            0.010013580322265625,
            1.0280609130859375,
            0.0069141387939453125,
            0.0040531158447265625,
            0.003814697265625,
            102.80203819274902,
            0.031948089599609375,
            9.005069732666016,
            0.015020370483398438,
            0.008106231689453125,
            0.9808540344238281,
            0.010013580322265625,
            0.08416175842285156,
            0.003814697265625,
            88.17315101623535,
            0.025987625122070312,
            8.684873580932617,
            0.09107589721679688,
            0.010967254638671875,
            0.9140968322753906,
            0.003814697265625,
            0.09322166442871094,
            0.003814697265625
        ]
    }
}