{
    "(2886734945, 3741648133, 55672, 443, 'tcp', 0)": {
        "ts_list": [
            1645032386.775623,
            1645032386.775781,
            1645032386.775815,
            1645032386.784074,
            1645032386.784095,
            1645032386.784105,
            1645032386.784163,
            1645032386.784169,
            1645032386.784213,
            1645032386.784264,
            1645032386.784269,
            1645032386.78512,
            1645032386.785125,
            1645032386.785131,
            1645032386.785136,
            1645032386.832093,
            1645032387.074708,
            1645032387.074742,
            1645032387.08311,
            1645032387.083134,
            1645032387.08328,
            1645032387.083293,
            1645032387.08413,
            1645032387.084146,
            1645032387.084161,
            1645032387.084166,
            1645032387.138946,
            1645032387.138975,
            1645032387.147056,
            1645032387.147168,
            1645032387.147181,
            1645032387.149129,
            1645032387.149145,
            1645032387.149154,
            1645032387.149158,
            1645032387.23261,
            1645032387.23264,
            1645032387.241131,
            1645032387.241211,
            1645032387.241221,
            1645032387.242126,
            1645032387.242132,
            1645032387.242141,
            1645032387.242145
        ],
        "ps_list": [
            158,
            184,
            225,
            66,
            121,
            66,
            110,
            66,
            97,
            101,
            66,
            191,
            66,
            260,
            66,
            66,
            121,
            225,
            66,
            66,
            101,
            66,
            144,
            66,
            255,
            66,
            121,
            225,
            66,
            101,
            66,
            121,
            66,
            356,
            66,
            121,
            225,
            66,
            101,
            66,
            122,
            66,
            364,
            66
        ],
        "direction_list": [
            0,
            0,
            0,
            1,
            1,
            0,
            1,
            0,
            0,
            1,
            0,
            1,
            0,
            1,
            0,
            1,
            0,
            0,
            1,
            1,
            1,
            0,
            1,
            0,
            1,
            0,
            0,
            0,
            1,
            1,
            0,
            1,
            0,
            1,
            0,
            0,
            0,
            1,
            1,
            0,
            1,
            0,
            1,
            0
        ],
        "piat_list": [
            0.22411346435546875,
            0.15783309936523438,
            0.03409385681152344,
            8.259057998657227,
            0.0209808349609375,
            0.010013580322265625,
            0.05793571472167969,
            0.0059604644775390625,
            0.04410743713378906,
            0.051021575927734375,
            0.0050067901611328125,
            0.8509159088134766,
            0.0050067901611328125,
            0.0059604644775390625,
            0.0050067901611328125,
            46.95701599121094,
            242.6149845123291,
            0.03409385681152344,
            8.36801528930664,
            0.02384185791015625,
            0.1461505889892578,
            0.012874603271484375,
            0.8370876312255859,
            0.015974044799804688,
            0.015020370483398438,
            0.0050067901611328125,
            54.780006408691406,
            0.028848648071289062,
            8.081197738647461,
            0.11181831359863281,
            0.013113021850585938,
            1.9478797912597656,
            0.015974044799804688,
            0.009059906005859375,
            0.0040531158447265625,
            83.45198631286621,
            0.030040740966796875,
            8.491039276123047,
            0.07987022399902344,
            0.010013580322265625,
            0.9050369262695312,
            0.0059604644775390625,
            0.009059906005859375,
            0.0040531158447265625
        ]
    }
}