{
    "(2886734945, 3741648133, 55696, 443, 'tcp', 0)": {
        "ts_list": [
            1645032480.21969,
            1645032480.219858,
            1645032480.219887,
            1645032480.228332,
            1645032480.228344,
            1645032480.22835,
            1645032480.228362,
            1645032480.228367,
            1645032480.228453,
            1645032480.228521,
            1645032480.228526,
            1645032480.229298,
            1645032480.229304,
            1645032480.229306,
            1645032480.229309,
            1645032480.27727,
            1645032480.518916,
            1645032480.518962,
            1645032480.527377,
            1645032480.528217,
            1645032480.528317,
            1645032480.52833,
            1645032480.529277,
            1645032480.529282,
            1645032480.529376,
            1645032480.529381,
            1645032480.617699,
            1645032480.617743,
            1645032480.626267,
            1645032480.626393,
            1645032480.626406,
            1645032480.627297,
            1645032480.627303,
            1645032480.627308,
            1645032480.627316,
            1645032480.720835,
            1645032480.720873,
            1645032480.729268,
            1645032480.729353,
            1645032480.729366,
            1645032480.730282,
            1645032480.730288,
            1645032480.73029,
            1645032480.730293
        ],
        "ps_list": [
            158,
            184,
            225,
            66,
            121,
            66,
            110,
            66,
            97,
            101,
            66,
            190,
            66,
            260,
            66,
            66,
            121,
            225,
            66,
            66,
            101,
            66,
            122,
            66,
            255,
            66,
            121,
            225,
            66,
            101,
            66,
            121,
            66,
            356,
            66,
            121,
            225,
            66,
            101,
            66,
            120,
            66,
            364,
            66
        ],
        "direction_list": [
            0,
            0,
            0,
            1,
            1,
            0,
            1,
            0,
            0,
            1,
            0,
            1,
            0,
            1,
            0,
            1,
            0,
            0,
            1,
            1,
            1,
            0,
            1,
            0,
            1,
            0,
            0,
            0,
            1,
            1,
            0,
            1,
            0,
            1,
            0,
            0,
            0,
            1,
            1,
            0,
            1,
            0,
            1,
            0
        ],
        "piat_list": [
            0.2491474151611328,
            0.1678466796875,
            0.029087066650390625,
            8.445024490356445,
            0.011920928955078125,
            0.0059604644775390625,
            0.012159347534179688,
            0.0050067901611328125,
            0.0858306884765625,
            0.06818771362304688,
            0.0050067901611328125,
            0.7719993591308594,
            0.0059604644775390625,
            0.0019073486328125,
            0.0030994415283203125,
            47.96099662780762,
            241.64581298828125,
            0.04601478576660156,
            8.414983749389648,
            0.8401870727539062,
            0.09989738464355469,
            0.013113021850585938,
            0.9469985961914062,
            0.0050067901611328125,
            0.09393692016601562,
            0.0050067901611328125,
            88.31787109375,
            0.04410743713378906,
            8.523941040039062,
            0.12612342834472656,
            0.012874603271484375,
            0.8909702301025391,
            0.0059604644775390625,
            0.0050067901611328125,
            0.008106231689453125,
            93.51897239685059,
            0.03814697265625,
            8.394956588745117,
            0.08487701416015625,
            0.013113021850585938,
            0.9160041809082031,
            0.0059604644775390625,
            0.0019073486328125,
            0.0030994415283203125
        ]
    }
}