{
    "(2886734945, 3741648133, 57656, 443, 'tcp', 0)": {
        "ts_list": [
            1644944067.577585,
            1644944067.577769,
            1644944067.5778,
            1644944067.58592,
            1644944067.585941,
            1644944067.585957,
            1644944067.585969,
            1644944067.585973,
            1644944067.586048,
            1644944067.586111,
            1644944067.586116,
            1644944067.58692,
            1644944067.586925,
            1644944067.58693,
            1644944067.586935,
            1644944067.634954,
            1644944067.90097,
            1644944067.90101,
            1644944067.908876,
            1644944067.908899,
            1644944067.909054,
            1644944067.909065,
            1644944067.910079,
            1644944067.910093,
            1644944067.910105,
            1644944067.910108,
            1644944068.009765,
            1644944068.009794,
            1644944068.011332,
            1644944068.011356,
            1644944068.018056,
            1644944068.018136,
            1644944068.018147,
            1644944068.01889,
            1644944068.018896,
            1644944068.018991,
            1644944068.018995,
            1644944068.019923,
            1644944068.020044,
            1644944068.020047,
            1644944068.020922,
            1644944068.020926,
            1644944068.020934,
            1644944068.020937,
            1644944068.773281,
            1644944068.773316,
            1644944068.781939,
            1644944068.782011,
            1644944068.782026,
            1644944068.78293,
            1644944068.782943,
            1644944068.782954,
            1644944068.782958,
            1644944068.829778,
            1644944068.829802,
            1644944068.837951,
            1644944068.838035,
            1644944068.838044,
            1644944068.838942,
            1644944068.838946,
            1644944068.838954,
            1644944068.838957
        ],
        "ps_list": [
            158,
            184,
            225,
            66,
            121,
            66,
            110,
            66,
            97,
            101,
            66,
            191,
            66,
            260,
            66,
            66,
            121,
            225,
            66,
            66,
            101,
            66,
            120,
            66,
            255,
            66,
            121,
            225,
            121,
            225,
            66,
            101,
            66,
            145,
            66,
            254,
            66,
            66,
            101,
            66,
            119,
            66,
            324,
            66,
            121,
            225,
            66,
            101,
            66,
            120,
            66,
            297,
            66,
            121,
            225,
            66,
            101,
            66,
            122,
            66,
            332,
            66
        ],
        "direction_list": [
            0,
            0,
            0,
            1,
            1,
            0,
            1,
            0,
            0,
            1,
            0,
            1,
            0,
            1,
            0,
            1,
            0,
            0,
            1,
            1,
            1,
            0,
            1,
            0,
            1,
            0,
            0,
            0,
            0,
            0,
            1,
            1,
            0,
            1,
            0,
            1,
            0,
            1,
            1,
            0,
            1,
            0,
            1,
            0,
            0,
            0,
            1,
            1,
            0,
            1,
            0,
            1,
            0,
            0,
            0,
            1,
            1,
            0,
            1,
            0,
            1,
            0
        ],
        "piat_list": [
            0.2639293670654297,
            0.18405914306640625,
            0.030994415283203125,
            8.120059967041016,
            0.0209808349609375,
            0.015974044799804688,
            0.011920928955078125,
            0.0040531158447265625,
            0.07486343383789062,
            0.06318092346191406,
            0.0050067901611328125,
            0.8039474487304688,
            0.0050067901611328125,
            0.0050067901611328125,
            0.0050067901611328125,
            48.0189323425293,
            266.01600646972656,
            0.0400543212890625,
            7.86590576171875,
            0.023126602172851562,
            0.15497207641601562,
            0.010967254638671875,
            1.0139942169189453,
            0.014066696166992188,
            0.011920928955078125,
            0.0030994415283203125,
            99.65682029724121,
            0.029087066650390625,
            1.5380382537841797,
            0.024080276489257812,
            6.699800491333008,
            0.080108642578125,
            0.010967254638671875,
            0.7429122924804688,
            0.006198883056640625,
            0.09489059448242188,
            0.0040531158447265625,
            0.9279251098632812,
            0.12111663818359375,
            0.00286102294921875,
            0.8749961853027344,
            0.0040531158447265625,
            0.008106231689453125,
            0.00286102294921875,
            752.3441314697266,
            0.034809112548828125,
            8.623123168945312,
            0.07200241088867188,
            0.015020370483398438,
            0.9038448333740234,
            0.013113021850585938,
            0.010967254638671875,
            0.0040531158447265625,
            46.81992530822754,
            0.024080276489257812,
            8.148908615112305,
            0.08416175842285156,
            0.008821487426757812,
            0.8981227874755859,
            0.0040531158447265625,
            0.007867813110351562,
            0.0030994415283203125
        ]
    }
}