{
    "(2886734945, 3741648133, 57688, 443, 'tcp', 0)": {
        "ts_list": [
            1644944109.982698,
            1644944109.982895,
            1644944109.982925,
            1644944109.993742,
            1644944109.993828,
            1644944109.993848,
            1644944109.993853,
            1644944109.993857,
            1644944109.993928,
            1644944109.993932,
            1644944109.993957,
            1644944109.994773,
            1644944109.994786,
            1644944109.994803,
            1644944109.994808,
            1644944110.043716,
            1644944110.299741,
            1644944110.299776,
            1644944110.30973,
            1644944110.30976,
            1644944110.309905,
            1644944110.309917,
            1644944110.310773,
            1644944110.310778,
            1644944110.310868,
            1644944110.310873,
            1644944110.401082,
            1644944110.401112,
            1644944110.402797,
            1644944110.402833,
            1644944110.410802,
            1644944110.410896,
            1644944110.410909,
            1644944110.411727,
            1644944110.411742,
            1644944110.411753,
            1644944110.411757,
            1644944110.412785,
            1644944110.413018,
            1644944110.413028,
            1644944110.413752,
            1644944110.413765,
            1644944110.413774,
            1644944110.41378,
            1644944111.170125,
            1644944111.170158,
            1644944111.179756,
            1644944111.179826,
            1644944111.17984,
            1644944111.180787,
            1644944111.180793,
            1644944111.180888,
            1644944111.180895,
            1644944111.208698,
            1644944111.208721,
            1644944111.218757,
            1644944111.218797,
            1644944111.219755,
            1644944111.219796,
            1644944111.219851,
            1644944111.262792
        ],
        "ps_list": [
            158,
            184,
            225,
            66,
            121,
            66,
            110,
            66,
            101,
            66,
            97,
            191,
            66,
            260,
            66,
            66,
            121,
            225,
            66,
            66,
            101,
            66,
            144,
            66,
            255,
            66,
            121,
            225,
            121,
            225,
            66,
            101,
            66,
            122,
            66,
            254,
            66,
            66,
            101,
            66,
            120,
            66,
            324,
            66,
            121,
            225,
            66,
            101,
            66,
            142,
            66,
            297,
            66,
            121,
            225,
            66,
            101,
            122,
            66,
            332,
            66
        ],
        "direction_list": [
            0,
            0,
            0,
            1,
            1,
            0,
            1,
            0,
            1,
            0,
            0,
            1,
            0,
            1,
            0,
            1,
            0,
            0,
            1,
            1,
            1,
            0,
            1,
            0,
            1,
            0,
            0,
            0,
            0,
            0,
            1,
            1,
            0,
            1,
            0,
            1,
            0,
            1,
            1,
            0,
            1,
            0,
            1,
            0,
            0,
            0,
            1,
            1,
            0,
            1,
            0,
            1,
            0,
            0,
            0,
            1,
            1,
            1,
            0,
            1,
            0
        ],
        "piat_list": [
            0.2949237823486328,
            0.19693374633789062,
            0.030040740966796875,
            10.81705093383789,
            0.08606910705566406,
            0.02002716064453125,
            0.0050067901611328125,
            0.003814697265625,
            0.07104873657226562,
            0.0040531158447265625,
            0.025033950805664062,
            0.8158683776855469,
            0.013113021850585938,
            0.016927719116210938,
            0.0050067901611328125,
            48.90799522399902,
            256.0250759124756,
            0.03504753112792969,
            9.953975677490234,
            0.030040740966796875,
            0.14495849609375,
            0.011920928955078125,
            0.8559226989746094,
            0.0050067901611328125,
            0.09012222290039062,
            0.0050067901611328125,
            90.2090072631836,
            0.030040740966796875,
            1.6849040985107422,
            0.03600120544433594,
            7.968902587890625,
            0.09417533874511719,
            0.012874603271484375,
            0.8180141448974609,
            0.015020370483398438,
            0.010967254638671875,
            0.0040531158447265625,
            1.0280609130859375,
            0.23293495178222656,
            0.010013580322265625,
            0.7240772247314453,
            0.012874603271484375,
            0.009059906005859375,
            0.0059604644775390625,
            756.3450336456299,
            0.032901763916015625,
            9.598016738891602,
            0.07009506225585938,
            0.014066696166992188,
            0.9469985961914062,
            0.0059604644775390625,
            0.09489059448242188,
            0.007152557373046875,
            27.80294418334961,
            0.02288818359375,
            10.035991668701172,
            0.0400543212890625,
            0.9579658508300781,
            0.04100799560546875,
            0.05507469177246094,
            42.94109344482422
        ]
    }
}