{
    "(2886734945, 3741713926, 39250, 443, 'tcp', 0)": {
        "ts_list": [
            1645619871.464828,
            1645619871.464991,
            1645619871.465014,
            1645619871.489097,
            1645619871.489142,
            1645619871.489166,
            1645619871.489172,
            1645619871.489174,
            1645619871.489178,
            1645619871.48929,
            1645619871.489353,
            1645619871.489471,
            1645619871.489475,
            1645619871.489481,
            1645619871.489485,
            1645619871.489489,
            1645619871.489494,
            1645619871.553346,
            1645619871.829399,
            1645619871.829435,
            1645619871.85363,
            1645619871.853672,
            1645619871.853797,
            1645619871.853811,
            1645619871.853822,
            1645619871.853826,
            1645619871.853898,
            1645619871.853902,
            1645619871.938366,
            1645619871.938398,
            1645619871.96286,
            1645619871.962908,
            1645619871.962928,
            1645619871.962942,
            1645619871.962948,
            1645619871.963032,
            1645619871.963048,
            1645619872.422265,
            1645619872.422294,
            1645619872.446585,
            1645619872.446615,
            1645619872.446632,
            1645619872.446653,
            1645619872.446657,
            1645619872.446659,
            1645619872.446664,
            1645619872.525198,
            1645619872.525226,
            1645619872.549598,
            1645619872.54964,
            1645619872.54966,
            1645619872.549671,
            1645619872.549675,
            1645619872.549762,
            1645619872.549765,
            1645619872.590853,
            1645619872.590882,
            1645619872.602033,
            1645619872.602066,
            1645619872.615136,
            1645619872.615223,
            1645619872.615233,
            1645619872.615327,
            1645619872.615333,
            1645619872.615335,
            1645619872.61534,
            1645619872.626298,
            1645619872.626382,
            1645619872.626395,
            1645619872.626483,
            1645619872.62649,
            1645619872.626509
        ],
        "ps_list": [
            158,
            184,
            225,
            121,
            66,
            101,
            66,
            97,
            66,
            97,
            66,
            101,
            66,
            191,
            66,
            260,
            66,
            66,
            121,
            225,
            66,
            66,
            101,
            66,
            121,
            66,
            255,
            66,
            121,
            225,
            66,
            101,
            66,
            119,
            66,
            338,
            66,
            121,
            225,
            66,
            101,
            66,
            131,
            66,
            363,
            66,
            121,
            225,
            66,
            101,
            66,
            108,
            66,
            366,
            66,
            121,
            225,
            121,
            225,
            66,
            101,
            66,
            121,
            66,
            259,
            66,
            66,
            101,
            66,
            121,
            344,
            66
        ],
        "direction_list": [
            0,
            0,
            0,
            1,
            0,
            1,
            0,
            1,
            0,
            0,
            1,
            1,
            0,
            1,
            0,
            1,
            0,
            1,
            0,
            0,
            1,
            1,
            1,
            0,
            1,
            0,
            1,
            0,
            0,
            0,
            1,
            1,
            0,
            1,
            0,
            1,
            0,
            0,
            0,
            1,
            1,
            0,
            1,
            0,
            1,
            0,
            0,
            0,
            1,
            1,
            0,
            1,
            0,
            1,
            0,
            0,
            0,
            0,
            0,
            1,
            1,
            0,
            1,
            0,
            1,
            0,
            1,
            1,
            0,
            1,
            1,
            0
        ],
        "piat_list": [
            0.2830028533935547,
            0.16307830810546875,
            0.02288818359375,
            24.08313751220703,
            0.04482269287109375,
            0.024080276489257812,
            0.0059604644775390625,
            0.0019073486328125,
            0.0040531158447265625,
            0.11205673217773438,
            0.0629425048828125,
            0.11801719665527344,
            0.0040531158447265625,
            0.0059604644775390625,
            0.0040531158447265625,
            0.0040531158447265625,
            0.0050067901611328125,
            63.85183334350586,
            276.05319023132324,
            0.03600120544433594,
            24.194955825805664,
            0.041961669921875,
            0.12493133544921875,
            0.014066696166992188,
            0.010967254638671875,
            0.0040531158447265625,
            0.07200241088867188,
            0.0040531158447265625,
            84.46383476257324,
            0.031948089599609375,
            24.462223052978516,
            0.04792213439941406,
            0.02002716064453125,
            0.013828277587890625,
            0.006198883056640625,
            0.08392333984375,
            0.015974044799804688,
            459.2170715332031,
            0.028848648071289062,
            24.291038513183594,
            0.030040740966796875,
            0.016927719116210938,
            0.0209808349609375,
            0.0040531158447265625,
            0.0021457672119140625,
            0.0050067901611328125,
            78.53388786315918,
            0.028133392333984375,
            24.371862411499023,
            0.041961669921875,
            0.02002716064453125,
            0.010967254638671875,
            0.0040531158447265625,
            0.08702278137207031,
            0.0030994415283203125,
            41.08786582946777,
            0.029087066650390625,
            11.150836944580078,
            0.03314018249511719,
            13.069868087768555,
            0.08702278137207031,
            0.010013580322265625,
            0.09393692016601562,
            0.006198883056640625,
            0.0019073486328125,
            0.0050067901611328125,
            10.957956314086914,
            0.08416175842285156,
            0.012874603271484375,
            0.08797645568847656,
            0.007152557373046875,
            0.018835067749023438
        ]
    }
}