{
    "(2886734945, 3741713926, 38314, 443, 'tcp', 0)": {
        "ts_list": [
            1644767139.494479,
            1644767139.494644,
            1644767139.494668,
            1644767139.52054,
            1644767139.520579,
            1644767139.520741,
            1644767139.521395,
            1644767139.521404,
            1644767139.52141,
            1644767139.521419,
            1644767139.521423,
            1644767139.521588,
            1644767139.521592,
            1644767139.522514,
            1644767139.522522,
            1644767139.522529,
            1644767139.522533,
            1644767139.587523,
            1644767139.714346,
            1644767139.714381,
            1644767139.74045,
            1644767139.740476,
            1644767139.740621,
            1644767139.740633,
            1644767139.741503,
            1644767139.74151,
            1644767139.741536,
            1644767139.813371,
            1644767139.813401,
            1644767139.839477,
            1644767139.839504,
            1644767139.839575,
            1644767139.840551,
            1644767139.840562,
            1644767139.84058
        ],
        "ps_list": [
            158,
            184,
            225,
            121,
            66,
            97,
            66,
            101,
            66,
            97,
            66,
            101,
            66,
            191,
            66,
            260,
            66,
            66,
            121,
            225,
            66,
            66,
            101,
            66,
            122,
            255,
            66,
            121,
            225,
            66,
            101,
            66,
            121,
            303,
            66
        ],
        "direction_list": [
            0,
            0,
            0,
            1,
            0,
            0,
            1,
            1,
            0,
            1,
            0,
            1,
            0,
            1,
            0,
            1,
            0,
            1,
            0,
            0,
            1,
            1,
            1,
            0,
            1,
            1,
            0,
            0,
            0,
            1,
            1,
            0,
            1,
            1,
            0
        ],
        "piat_list": [
            0.26702880859375,
            0.16498565673828125,
            0.024080276489257812,
            25.871992111206055,
            0.03910064697265625,
            0.16188621520996094,
            0.6539821624755859,
            0.009059906005859375,
            0.0059604644775390625,
            0.009059906005859375,
            0.0040531158447265625,
            0.16498565673828125,
            0.003814697265625,
            0.9222030639648438,
            0.007867813110351562,
            0.0069141387939453125,
            0.0040531158447265625,
            64.99004364013672,
            126.82294845581055,
            0.03504753112792969,
            26.068925857543945,
            0.025987625122070312,
            0.14519691467285156,
            0.011920928955078125,
            0.8699893951416016,
            0.0069141387939453125,
            0.025987625122070312,
            71.83504104614258,
            0.030040740966796875,
            26.076078414916992,
            0.026941299438476562,
            0.07104873657226562,
            0.9758472442626953,
            0.011205673217773438,
            0.017881393432617188
        ]
    }
}