{
    "(2886734945, 3741713926, 38326, 443, 'tcp', 0)": {
        "ts_list": [
            1644767185.779592,
            1644767185.779755,
            1644767185.779777,
            1644767185.810905,
            1644767185.810929,
            1644767185.810939,
            1644767185.810949,
            1644767185.810953,
            1644767185.810958,
            1644767185.810962,
            1644767185.810965,
            1644767185.810968,
            1644767185.811051,
            1644767185.811852,
            1644767185.811861,
            1644767185.811879,
            1644767185.811885,
            1644767185.88188,
            1644767185.984612,
            1644767185.984648,
            1644767186.015824,
            1644767186.01585,
            1644767186.016,
            1644767186.01601,
            1644767186.016852,
            1644767186.01686,
            1644767186.016883,
            1644767186.085821,
            1644767186.085851,
            1644767186.116877,
            1644767186.116905,
            1644767186.116991,
            1644767186.117943,
            1644767186.117967,
            1644767186.118041,
            1644767186.118082
        ],
        "ps_list": [
            158,
            184,
            225,
            66,
            121,
            66,
            101,
            66,
            97,
            66,
            101,
            66,
            97,
            191,
            66,
            260,
            66,
            66,
            121,
            225,
            66,
            66,
            101,
            66,
            121,
            255,
            66,
            121,
            225,
            66,
            101,
            66,
            144,
            66,
            303,
            66
        ],
        "direction_list": [
            0,
            0,
            0,
            1,
            1,
            0,
            1,
            0,
            1,
            0,
            1,
            0,
            0,
            1,
            0,
            1,
            0,
            1,
            0,
            0,
            1,
            1,
            1,
            0,
            1,
            1,
            0,
            0,
            0,
            1,
            1,
            0,
            1,
            0,
            1,
            0
        ],
        "piat_list": [
            0.25200843811035156,
            0.16307830810546875,
            0.02193450927734375,
            31.1279296875,
            0.024080276489257812,
            0.010013580322265625,
            0.010013580322265625,
            0.003814697265625,
            0.0050067901611328125,
            0.0040531158447265625,
            0.0030994415283203125,
            0.00286102294921875,
            0.08296966552734375,
            0.80108642578125,
            0.009059906005859375,
            0.017881393432617188,
            0.006198883056640625,
            69.99492645263672,
            102.73194313049316,
            0.03600120544433594,
            31.176090240478516,
            0.025987625122070312,
            0.1499652862548828,
            0.010013580322265625,
            0.8418560028076172,
            0.008106231689453125,
            0.02288818359375,
            68.93801689147949,
            0.030040740966796875,
            31.026124954223633,
            0.027894973754882812,
            0.08606910705566406,
            0.9520053863525391,
            0.02384185791015625,
            0.07414817810058594,
            0.04100799560546875
        ]
    }
}