{
    "(2886734945, 3741648133, 54640, 443, 'tcp', 0)": {
        "ts_list": [
            1645349796.153494,
            1645349796.153783,
            1645349796.153814,
            1645349796.16305,
            1645349796.163083,
            1645349796.163091,
            1645349796.163098,
            1645349796.163102,
            1645349796.163112,
            1645349796.163116,
            1645349796.163225,
            1645349796.164009,
            1645349796.164017,
            1645349796.1641,
            1645349796.164105,
            1645349796.213067,
            1645349796.466174,
            1645349796.466212,
            1645349796.4751,
            1645349796.475122,
            1645349796.47529,
            1645349796.475299,
            1645349796.47603,
            1645349796.476037,
            1645349796.476123,
            1645349796.476128,
            1645349796.544937,
            1645349796.544968,
            1645349796.554298,
            1645349796.554312,
            1645349796.554319,
            1645349796.556045,
            1645349796.556053,
            1645349796.556133,
            1645349796.556138,
            1645349796.679998,
            1645349796.680037,
            1645349796.689161,
            1645349796.689259,
            1645349796.689272,
            1645349796.690004,
            1645349796.690016,
            1645349796.69002,
            1645349796.690024,
            1645349796.903283,
            1645349796.903311,
            1645349796.907878,
            1645349796.907902,
            1645349796.913021,
            1645349796.913107,
            1645349796.913115,
            1645349796.913126,
            1645349796.913132,
            1645349796.913134,
            1645349796.913138,
            1645349796.917165,
            1645349796.917255,
            1645349796.917261,
            1645349796.918047,
            1645349796.918052,
            1645349796.918145,
            1645349796.918149,
            1645349798.921279,
            1645349798.921312,
            1645349798.931029,
            1645349798.931095,
            1645349798.931101,
            1645349798.93205,
            1645349798.932057,
            1645349798.932142,
            1645349798.932146
        ],
        "ps_list": [
            158,
            184,
            225,
            66,
            121,
            66,
            110,
            66,
            101,
            66,
            97,
            191,
            66,
            260,
            66,
            66,
            121,
            225,
            66,
            66,
            101,
            66,
            122,
            66,
            255,
            66,
            121,
            225,
            66,
            101,
            66,
            120,
            66,
            250,
            66,
            121,
            225,
            66,
            101,
            66,
            120,
            66,
            297,
            66,
            121,
            225,
            121,
            225,
            66,
            101,
            66,
            120,
            66,
            298,
            66,
            66,
            101,
            66,
            120,
            66,
            309,
            66,
            121,
            225,
            66,
            101,
            66,
            141,
            66,
            309,
            66
        ],
        "direction_list": [
            0,
            0,
            0,
            1,
            1,
            0,
            1,
            0,
            1,
            0,
            0,
            1,
            0,
            1,
            0,
            1,
            0,
            0,
            1,
            1,
            1,
            0,
            1,
            0,
            1,
            0,
            0,
            0,
            1,
            1,
            0,
            1,
            0,
            1,
            0,
            0,
            0,
            1,
            1,
            0,
            1,
            0,
            1,
            0,
            0,
            0,
            0,
            0,
            1,
            1,
            0,
            1,
            0,
            1,
            0,
            1,
            1,
            0,
            1,
            0,
            1,
            0,
            0,
            0,
            1,
            1,
            0,
            1,
            0,
            1,
            0
        ],
        "piat_list": [
            0.39577484130859375,
            0.2892017364501953,
            0.030994415283203125,
            9.235858917236328,
            0.03314018249511719,
            0.007867813110351562,
            0.007152557373046875,
            0.003814697265625,
            0.010013580322265625,
            0.0040531158447265625,
            0.10895729064941406,
            0.7841587066650391,
            0.007867813110351562,
            0.08296966552734375,
            0.0050067901611328125,
            48.96211624145508,
            253.10683250427246,
            0.03814697265625,
            8.888006210327148,
            0.02193450927734375,
            0.16808509826660156,
            0.008821487426757812,
            0.7312297821044922,
            0.0069141387939453125,
            0.08606910705566406,
            0.0050067901611328125,
            68.80879402160645,
            0.030994415283203125,
            9.330034255981445,
            0.014066696166992188,
            0.0069141387939453125,
            1.7261505126953125,
            0.007867813110351562,
            0.080108642578125,
            0.0050067901611328125,
            123.85988235473633,
            0.03910064697265625,
            9.124040603637695,
            0.09799003601074219,
            0.012874603271484375,
            0.7321834564208984,
            0.011920928955078125,
            0.0040531158447265625,
            0.003814697265625,
            213.25922012329102,
            0.027894973754882812,
            4.56690788269043,
            0.024080276489257812,
            5.119085311889648,
            0.0858306884765625,
            0.008106231689453125,
            0.010967254638671875,
            0.0059604644775390625,
            0.0021457672119140625,
            0.003814697265625,
            4.027128219604492,
            0.08988380432128906,
            0.0059604644775390625,
            0.7860660552978516,
            0.0050067901611328125,
            0.09298324584960938,
            0.0040531158447265625,
            2003.1299591064453,
            0.03314018249511719,
            9.716987609863281,
            0.06580352783203125,
            0.006198883056640625,
            0.9489059448242188,
            0.0069141387939453125,
            0.08511543273925781,
            0.0040531158447265625
        ]
    }
}