{
    "(2886734945, 3741713926, 34568, 443, 'tcp', 0)": {
        "ts_list": [
            1645418268.066361,
            1645418268.066523,
            1645418268.066546,
            1645418268.093869,
            1645418268.093898,
            1645418268.093908,
            1645418268.093922,
            1645418268.093935,
            1645418268.093941,
            1645418268.094044,
            1645418268.094048,
            1645418268.094098,
            1645418268.094847,
            1645418268.094857,
            1645418268.094942,
            1645418268.094947,
            1645418268.16088,
            1645418268.349312,
            1645418268.349345,
            1645418268.376849,
            1645418268.376872,
            1645418268.376875,
            1645418268.376887,
            1645418268.377806,
            1645418268.377811,
            1645418268.377905,
            1645418268.377909,
            1645418268.4507,
            1645418268.450727,
            1645418268.477949,
            1645418268.477975,
            1645418268.477988,
            1645418268.478809,
            1645418268.478822,
            1645418268.478923,
            1645418268.478927,
            1645418268.903641,
            1645418268.903677,
            1645418268.930894,
            1645418268.930924,
            1645418268.930936,
            1645418268.931757,
            1645418268.931761,
            1645418268.931859,
            1645418268.931863
        ],
        "ps_list": [
            158,
            184,
            225,
            66,
            66,
            121,
            66,
            110,
            66,
            101,
            66,
            97,
            190,
            66,
            260,
            66,
            66,
            121,
            225,
            66,
            66,
            101,
            66,
            121,
            66,
            255,
            66,
            121,
            225,
            66,
            101,
            66,
            120,
            66,
            319,
            66,
            121,
            225,
            66,
            101,
            66,
            120,
            66,
            307,
            66
        ],
        "direction_list": [
            0,
            0,
            0,
            1,
            1,
            1,
            0,
            1,
            0,
            1,
            0,
            0,
            1,
            0,
            1,
            0,
            1,
            0,
            0,
            1,
            1,
            1,
            0,
            1,
            0,
            1,
            0,
            0,
            0,
            1,
            1,
            0,
            1,
            0,
            1,
            0,
            0,
            0,
            1,
            1,
            0,
            1,
            0,
            1,
            0
        ],
        "piat_list": [
            0.2620220184326172,
            0.1621246337890625,
            0.02288818359375,
            27.323007583618164,
            0.029087066650390625,
            0.010013580322265625,
            0.013828277587890625,
            0.013113021850585938,
            0.0059604644775390625,
            0.102996826171875,
            0.0040531158447265625,
            0.050067901611328125,
            0.7488727569580078,
            0.010013580322265625,
            0.08511543273925781,
            0.0050067901611328125,
            65.9329891204834,
            188.431978225708,
            0.032901763916015625,
            27.50396728515625,
            0.023126602172851562,
            0.00286102294921875,
            0.012159347534179688,
            0.9188652038574219,
            0.0050067901611328125,
            0.09393692016601562,
            0.0040531158447265625,
            72.79109954833984,
            0.026941299438476562,
            27.2219181060791,
            0.025987625122070312,
            0.013113021850585938,
            0.8211135864257812,
            0.012874603271484375,
            0.1010894775390625,
            0.003814697265625,
            424.7140884399414,
            0.03600120544433594,
            27.21691131591797,
            0.030040740966796875,
            0.012159347534179688,
            0.8208751678466797,
            0.0040531158447265625,
            0.09799003601074219,
            0.0040531158447265625
        ]
    }
}