{
    "(2886734945, 3741648133, 53092, 443, 'tcp', 0)": {
        "ts_list": [
            1644933172.563971,
            1644933172.564158,
            1644933172.564183,
            1644933172.572551,
            1644933172.572574,
            1644933172.572583,
            1644933172.572639,
            1644933172.572643,
            1644933172.572644,
            1644933172.572647,
            1644933172.573514,
            1644933172.573518,
            1644933172.573614,
            1644933172.573618,
            1644933172.577882,
            1644933172.626562,
            1644933172.886514,
            1644933172.88655,
            1644933172.894543,
            1644933172.894566,
            1644933172.894723,
            1644933172.894736,
            1644933172.895497,
            1644933172.895509,
            1644933172.895537,
            1644933172.895542,
            1644933172.97347,
            1644933172.973505,
            1644933172.975027,
            1644933172.975056,
            1644933172.987773,
            1644933172.987817,
            1644933172.98783,
            1644933172.988246,
            1644933172.988253,
            1644933172.988344,
            1644933172.988348,
            1644933172.988493,
            1644933172.988591,
            1644933172.988595,
            1644933172.988701,
            1644933172.988708,
            1644933172.988799,
            1644933172.988804,
            1644933173.733516,
            1644933173.733546,
            1644933173.742166,
            1644933173.742187,
            1644933173.742198,
            1644933173.743208,
            1644933173.74322,
            1644933173.743232,
            1644933173.743236,
            1644933173.858844,
            1644933173.858873,
            1644933173.86821,
            1644933173.868244,
            1644933173.868487,
            1644933173.868503,
            1644933173.868511,
            1644933173.868756,
            1644933173.86876,
            1644933173.868857,
            1644933173.86886,
            1644933173.877863,
            1644933173.87787,
            1644933173.877874,
            1644933173.878061,
            1644933173.878064,
            1644933173.878069,
            1644933173.878072
        ],
        "ps_list": [
            158,
            184,
            225,
            66,
            121,
            66,
            110,
            66,
            101,
            66,
            190,
            66,
            260,
            66,
            97,
            66,
            121,
            225,
            66,
            66,
            101,
            66,
            122,
            66,
            255,
            66,
            121,
            225,
            121,
            225,
            66,
            101,
            66,
            121,
            66,
            324,
            66,
            66,
            101,
            66,
            121,
            66,
            328,
            66,
            121,
            225,
            66,
            101,
            66,
            144,
            66,
            364,
            66,
            121,
            225,
            121,
            225,
            66,
            101,
            66,
            117,
            66,
            328,
            66,
            66,
            101,
            66,
            122,
            66,
            344,
            66
        ],
        "direction_list": [
            0,
            0,
            0,
            1,
            1,
            0,
            1,
            0,
            1,
            0,
            1,
            0,
            1,
            0,
            0,
            1,
            0,
            0,
            1,
            1,
            1,
            0,
            1,
            0,
            1,
            0,
            0,
            0,
            0,
            0,
            1,
            1,
            0,
            1,
            0,
            1,
            0,
            1,
            1,
            0,
            1,
            0,
            1,
            0,
            0,
            0,
            1,
            1,
            0,
            1,
            0,
            1,
            0,
            0,
            0,
            0,
            0,
            1,
            1,
            0,
            1,
            0,
            1,
            0,
            1,
            1,
            0,
            1,
            0,
            1,
            0
        ],
        "piat_list": [
            0.24199485778808594,
            0.186920166015625,
            0.025033950805664062,
            8.36801528930664,
            0.02288818359375,
            0.009059906005859375,
            0.05602836608886719,
            0.0040531158447265625,
            0.00095367431640625,
            0.0030994415283203125,
            0.8668899536132812,
            0.0040531158447265625,
            0.09584426879882812,
            0.0040531158447265625,
            4.264116287231445,
            48.68006706237793,
            259.9518299102783,
            0.03600120544433594,
            7.992982864379883,
            0.023126602172851562,
            0.15687942504882812,
            0.013113021850585938,
            0.7610321044921875,
            0.011920928955078125,
            0.027894973754882812,
            0.0050067901611328125,
            77.92806625366211,
            0.03504753112792969,
            1.522064208984375,
            0.028848648071289062,
            12.717008590698242,
            0.04410743713378906,
            0.012874603271484375,
            0.41604042053222656,
            0.007152557373046875,
            0.09083747863769531,
            0.0040531158447265625,
            0.14495849609375,
            0.09799003601074219,
            0.0040531158447265625,
            0.10609626770019531,
            0.0069141387939453125,
            0.09107589721679688,
            0.0050067901611328125,
            744.7118759155273,
            0.030040740966796875,
            8.620023727416992,
            0.0209808349609375,
            0.010967254638671875,
            1.0099411010742188,
            0.012159347534179688,
            0.011920928955078125,
            0.0040531158447265625,
            115.60797691345215,
            0.028848648071289062,
            9.337186813354492,
            0.033855438232421875,
            0.2429485321044922,
            0.01621246337890625,
            0.007867813110351562,
            0.24509429931640625,
            0.0040531158447265625,
            0.09679794311523438,
            0.0030994415283203125,
            9.002923965454102,
            0.007152557373046875,
            0.003814697265625,
            0.18715858459472656,
            0.00286102294921875,
            0.0050067901611328125,
            0.0030994415283203125
        ]
    }
}