{
    "(2886734945, 3741648133, 53116, 443, 'tcp', 0)": {
        "ts_list": [
            1644933206.759973,
            1644933206.76015,
            1644933206.760172,
            1644933206.764681,
            1644933206.764705,
            1644933206.764803,
            1644933206.768816,
            1644933206.768913,
            1644933206.768918,
            1644933206.769017,
            1644933206.769022,
            1644933206.769913,
            1644933206.769938,
            1644933206.771012,
            1644933206.771024,
            1644933206.771107,
            1644933206.771111,
            1644933206.813929,
            1644933207.044279,
            1644933207.044315,
            1644933207.053862,
            1644933207.053884,
            1644933207.054041,
            1644933207.054054,
            1644933207.054872,
            1644933207.054884,
            1644933207.054962,
            1644933207.054968,
            1644933207.122291,
            1644933207.122321,
            1644933207.127627,
            1644933207.127656,
            1644933207.131871,
            1644933207.131953,
            1644933207.131964,
            1644933207.132862,
            1644933207.132874,
            1644933207.133039,
            1644933207.133044,
            1644933207.136802,
            1644933207.136897,
            1644933207.136905,
            1644933207.137959,
            1644933207.13797,
            1644933207.138054,
            1644933207.138059,
            1644933208.019203,
            1644933208.019241,
            1644933208.02788,
            1644933208.027991,
            1644933208.028006,
            1644933208.028815,
            1644933208.02882,
            1644933208.028912,
            1644933208.028916,
            1644933208.173853,
            1644933208.173888,
            1644933208.176086,
            1644933208.176118,
            1644933208.187653,
            1644933208.187674,
            1644933208.187683,
            1644933208.187831,
            1644933208.187835,
            1644933208.187837,
            1644933208.18784,
            1644933208.188242,
            1644933208.188247,
            1644933208.188249,
            1644933208.188669,
            1644933208.188673,
            1644933208.188677,
            1644933208.18868
        ],
        "ps_list": [
            158,
            184,
            225,
            121,
            66,
            97,
            66,
            101,
            66,
            97,
            66,
            101,
            66,
            190,
            66,
            260,
            66,
            66,
            121,
            225,
            66,
            66,
            101,
            66,
            144,
            66,
            255,
            66,
            121,
            225,
            121,
            225,
            66,
            101,
            66,
            121,
            66,
            324,
            66,
            66,
            101,
            66,
            121,
            66,
            328,
            66,
            121,
            225,
            66,
            101,
            66,
            144,
            66,
            364,
            66,
            121,
            225,
            121,
            225,
            66,
            101,
            66,
            118,
            66,
            328,
            66,
            66,
            101,
            66,
            122,
            66,
            344,
            66
        ],
        "direction_list": [
            0,
            0,
            0,
            1,
            0,
            0,
            1,
            1,
            0,
            1,
            0,
            1,
            0,
            1,
            0,
            1,
            0,
            1,
            0,
            0,
            1,
            1,
            1,
            0,
            1,
            0,
            1,
            0,
            0,
            0,
            0,
            0,
            1,
            1,
            0,
            1,
            0,
            1,
            0,
            1,
            1,
            0,
            1,
            0,
            1,
            0,
            0,
            0,
            1,
            1,
            0,
            1,
            0,
            1,
            0,
            0,
            0,
            0,
            0,
            1,
            1,
            0,
            1,
            0,
            1,
            0,
            1,
            1,
            0,
            1,
            0,
            1,
            0
        ],
        "piat_list": [
            5.69915771484375,
            0.17690658569335938,
            0.02193450927734375,
            4.509210586547852,
            0.02384185791015625,
            0.09799003601074219,
            4.0130615234375,
            0.09703636169433594,
            0.0050067901611328125,
            0.09894371032714844,
            0.0050067901611328125,
            0.8909702301025391,
            0.025033950805664062,
            1.074075698852539,
            0.011920928955078125,
            0.08296966552734375,
            0.0040531158447265625,
            42.81806945800781,
            230.35001754760742,
            0.03600120544433594,
            9.546995162963867,
            0.02193450927734375,
            0.15687942504882812,
            0.013113021850585938,
            0.8180141448974609,
            0.011920928955078125,
            0.07796287536621094,
            0.006198883056640625,
            67.32296943664551,
            0.029802322387695312,
            5.306005477905273,
            0.029087066650390625,
            4.215002059936523,
            0.0820159912109375,
            0.010967254638671875,
            0.8981227874755859,
            0.011920928955078125,
            0.16498565673828125,
            0.0050067901611328125,
            3.757953643798828,
            0.09512901306152344,
            0.007867813110351562,
            1.0540485382080078,
            0.010967254638671875,
            0.08392333984375,
            0.0050067901611328125,
            881.1440467834473,
            0.03814697265625,
            8.638858795166016,
            0.11110305786132812,
            0.015020370483398438,
            0.8089542388916016,
            0.0050067901611328125,
            0.09202957153320312,
            0.003814697265625,
            144.93703842163086,
            0.03504753112792969,
            2.1979808807373047,
            0.031948089599609375,
            11.535167694091797,
            0.0209808349609375,
            0.009059906005859375,
            0.14781951904296875,
            0.0040531158447265625,
            0.0019073486328125,
            0.0030994415283203125,
            0.4019737243652344,
            0.0050067901611328125,
            0.0021457672119140625,
            0.41985511779785156,
            0.0040531158447265625,
            0.0040531158447265625,
            0.00286102294921875
        ]
    }
}