{
    "(2886734945, 3741648133, 46214, 443, 'tcp', 0)": {
        "ts_list": [
            1645456718.940087,
            1645456718.940256,
            1645456718.940285,
            1645456718.949145,
            1645456718.949173,
            1645456718.949184,
            1645456718.949199,
            1645456718.949208,
            1645456718.949281,
            1645456718.94932,
            1645456718.94933,
            1645456718.950173,
            1645456718.950201,
            1645456718.951331,
            1645456718.951345,
            1645456718.951355,
            1645456718.951362,
            1645456718.998111,
            1645456719.283049,
            1645456719.283085,
            1645456719.292102,
            1645456719.292127,
            1645456719.292282,
            1645456719.292293,
            1645456719.293177,
            1645456719.293182,
            1645456719.293188,
            1645456719.293193,
            1645456719.425803,
            1645456719.425841,
            1645456719.436923,
            1645456719.436949,
            1645456719.436961,
            1645456719.43753,
            1645456719.437534,
            1645456719.43763,
            1645456719.437634,
            1645456720.013706,
            1645456720.013749,
            1645456720.02314,
            1645456720.023257,
            1645456720.023267,
            1645456720.024115,
            1645456720.02412,
            1645456720.024234,
            1645456720.024239,
            1645456720.379622,
            1645456720.379664,
            1645456720.389109,
            1645456720.389224,
            1645456720.389238,
            1645456720.390188,
            1645456720.390199,
            1645456720.390284,
            1645456720.390289,
            1645456720.559961,
            1645456720.559995,
            1645456720.569187,
            1645456720.569206,
            1645456720.569217,
            1645456720.570073,
            1645456720.570081,
            1645456720.57017,
            1645456720.570174
        ],
        "ps_list": [
            158,
            184,
            225,
            66,
            121,
            66,
            101,
            66,
            97,
            97,
            66,
            101,
            66,
            191,
            66,
            260,
            66,
            66,
            121,
            225,
            66,
            66,
            101,
            66,
            144,
            66,
            255,
            66,
            121,
            225,
            66,
            101,
            66,
            122,
            66,
            254,
            66,
            121,
            225,
            66,
            101,
            66,
            144,
            66,
            304,
            66,
            121,
            225,
            66,
            101,
            66,
            121,
            66,
            297,
            66,
            121,
            225,
            66,
            101,
            66,
            122,
            66,
            332,
            66
        ],
        "direction_list": [
            0,
            0,
            0,
            1,
            1,
            0,
            1,
            0,
            0,
            1,
            0,
            1,
            0,
            1,
            0,
            1,
            0,
            1,
            0,
            0,
            1,
            1,
            1,
            0,
            1,
            0,
            1,
            0,
            0,
            0,
            1,
            1,
            0,
            1,
            0,
            1,
            0,
            0,
            0,
            1,
            1,
            0,
            1,
            0,
            1,
            0,
            0,
            0,
            1,
            1,
            0,
            1,
            0,
            1,
            0,
            0,
            0,
            1,
            1,
            0,
            1,
            0,
            1,
            0
        ],
        "piat_list": [
            0.27108192443847656,
            0.1690387725830078,
            0.028848648071289062,
            8.860111236572266,
            0.027894973754882812,
            0.010967254638671875,
            0.015020370483398438,
            0.009059906005859375,
            0.07295608520507812,
            0.03910064697265625,
            0.010013580322265625,
            0.8428096771240234,
            0.028133392333984375,
            1.1298656463623047,
            0.014066696166992188,
            0.010013580322265625,
            0.0069141387939453125,
            46.749114990234375,
            284.93809700012207,
            0.03600120544433594,
            9.016990661621094,
            0.0247955322265625,
            0.1552104949951172,
            0.010967254638671875,
            0.8838176727294922,
            0.0050067901611328125,
            0.006198883056640625,
            0.0050067901611328125,
            132.60984420776367,
            0.03814697265625,
            11.081933975219727,
            0.025987625122070312,
            0.011920928955078125,
            0.5691051483154297,
            0.0040531158447265625,
            0.09584426879882812,
            0.0040531158447265625,
            576.0719776153564,
            0.04291534423828125,
            9.391069412231445,
            0.11706352233886719,
            0.010013580322265625,
            0.8480548858642578,
            0.0050067901611328125,
            0.11396408081054688,
            0.0050067901611328125,
            355.38291931152344,
            0.041961669921875,
            9.444952011108398,
            0.11515617370605469,
            0.014066696166992188,
            0.949859619140625,
            0.010967254638671875,
            0.08511543273925781,
            0.0050067901611328125,
            169.67201232910156,
            0.033855438232421875,
            9.19198989868164,
            0.019073486328125,
            0.010967254638671875,
            0.8559226989746094,
            0.008106231689453125,
            0.08893013000488281,
            0.0040531158447265625
        ]
    }
}