{
    "(2886734945, 3741648133, 46292, 443, 'tcp', 0)": {
        "ts_list": [
            1645456834.816833,
            1645456834.817137,
            1645456834.817178,
            1645456834.826207,
            1645456834.826227,
            1645456834.826234,
            1645456834.826248,
            1645456834.826252,
            1645456834.82639,
            1645456834.826394,
            1645456834.827175,
            1645456834.827181,
            1645456834.827273,
            1645456834.827277,
            1645456834.830603,
            1645456834.879423,
            1645456835.155061,
            1645456835.155095,
            1645456835.164149,
            1645456835.164168,
            1645456835.164329,
            1645456835.164339,
            1645456835.165127,
            1645456835.165138,
            1645456835.165153,
            1645456835.165157,
            1645456835.24734,
            1645456835.247369,
            1645456835.256256,
            1645456835.256337,
            1645456835.25635,
            1645456835.257214,
            1645456835.257218,
            1645456835.257225,
            1645456835.257228,
            1645456836.024599,
            1645456836.024638,
            1645456836.033249,
            1645456836.033333,
            1645456836.033341,
            1645456836.035142,
            1645456836.035146,
            1645456836.035269,
            1645456836.035273,
            1645456836.397488,
            1645456836.39752,
            1645456836.406246,
            1645456836.406302,
            1645456836.406311,
            1645456836.407137,
            1645456836.407142,
            1645456836.407148,
            1645456836.407151,
            1645456836.617745,
            1645456836.617773,
            1645456836.62757,
            1645456836.627735,
            1645456836.627746,
            1645456836.628185,
            1645456836.628189,
            1645456836.628285,
            1645456836.628289
        ],
        "ps_list": [
            158,
            184,
            225,
            66,
            121,
            66,
            110,
            66,
            101,
            66,
            191,
            66,
            260,
            66,
            97,
            66,
            121,
            225,
            66,
            66,
            101,
            66,
            145,
            66,
            255,
            66,
            121,
            225,
            66,
            101,
            66,
            122,
            66,
            254,
            66,
            121,
            225,
            66,
            101,
            66,
            144,
            66,
            304,
            66,
            121,
            225,
            66,
            101,
            66,
            120,
            66,
            297,
            66,
            121,
            225,
            66,
            101,
            66,
            121,
            66,
            332,
            66
        ],
        "direction_list": [
            0,
            0,
            0,
            1,
            1,
            0,
            1,
            0,
            1,
            0,
            1,
            0,
            1,
            0,
            0,
            1,
            0,
            0,
            1,
            1,
            1,
            0,
            1,
            0,
            1,
            0,
            0,
            0,
            1,
            1,
            0,
            1,
            0,
            1,
            0,
            0,
            0,
            1,
            1,
            0,
            1,
            0,
            1,
            0,
            0,
            0,
            1,
            1,
            0,
            1,
            0,
            1,
            0,
            0,
            0,
            1,
            1,
            0,
            1,
            0,
            1,
            0
        ],
        "piat_list": [
            0.4119873046875,
            0.3039836883544922,
            0.04100799560546875,
            9.028911590576172,
            0.02002716064453125,
            0.007152557373046875,
            0.013828277587890625,
            0.0040531158447265625,
            0.1380443572998047,
            0.0040531158447265625,
            0.7808208465576172,
            0.006198883056640625,
            0.09179115295410156,
            0.0040531158447265625,
            3.325939178466797,
            48.82001876831055,
            275.6381034851074,
            0.03409385681152344,
            9.053945541381836,
            0.018835067749023438,
            0.16117095947265625,
            0.010013580322265625,
            0.7879734039306641,
            0.010967254638671875,
            0.015020370483398438,
            0.0040531158447265625,
            82.1828842163086,
            0.029087066650390625,
            8.887052536010742,
            0.08082389831542969,
            0.013113021850585938,
            0.8640289306640625,
            0.003814697265625,
            0.007152557373046875,
            0.00286102294921875,
            767.3711776733398,
            0.03886222839355469,
            8.610963821411133,
            0.08416175842285156,
            0.007867813110351562,
            1.8010139465332031,
            0.0040531158447265625,
            0.12302398681640625,
            0.0040531158447265625,
            362.2150421142578,
            0.031948089599609375,
            8.725881576538086,
            0.05602836608886719,
            0.009059906005859375,
            0.8258819580078125,
            0.0050067901611328125,
            0.0059604644775390625,
            0.0030994415283203125,
            210.59393882751465,
            0.028133392333984375,
            9.796857833862305,
            0.16498565673828125,
            0.011205673217773438,
            0.43892860412597656,
            0.0040531158447265625,
            0.09584426879882812,
            0.0040531158447265625
        ]
    }
}