{
    "(2886734945, 3741713926, 37974, 443, 'tcp', 0)": {
        "ts_list": [
            1645013854.637103,
            1645013854.637291,
            1645013854.63731,
            1645013854.663375,
            1645013854.663409,
            1645013854.663421,
            1645013854.663431,
            1645013854.663435,
            1645013854.663555,
            1645013854.663574,
            1645013854.663586,
            1645013854.664343,
            1645013854.664348,
            1645013854.664441,
            1645013854.664446,
            1645013854.729394,
            1645013854.890527,
            1645013854.89056,
            1645013854.916433,
            1645013854.916449,
            1645013854.916581,
            1645013854.916591,
            1645013854.917371,
            1645013854.917376,
            1645013854.917471,
            1645013854.917475,
            1645013854.988819,
            1645013854.988849,
            1645013855.015806,
            1645013855.015884,
            1645013855.015894,
            1645013855.016356,
            1645013855.016361,
            1645013855.016462,
            1645013855.016466,
            1645013855.09752,
            1645013855.097564,
            1645013855.123333,
            1645013855.123417,
            1645013855.123431,
            1645013855.124343,
            1645013855.124347,
            1645013855.124442,
            1645013855.124445,
            1645013855.328975,
            1645013855.329008,
            1645013855.355484,
            1645013855.355509,
            1645013855.35552,
            1645013855.356394,
            1645013855.356442,
            1645013855.35649,
            1645013855.356549,
            1645013855.370701,
            1645013855.370728,
            1645013855.371039,
            1645013855.371057,
            1645013855.396389,
            1645013855.396531,
            1645013855.397344,
            1645013855.397444,
            1645013855.397477,
            1645013855.397544,
            1645013855.39843,
            1645013855.398435,
            1645013855.398456
        ],
        "ps_list": [
            158,
            184,
            225,
            66,
            121,
            66,
            110,
            66,
            101,
            97,
            66,
            191,
            66,
            260,
            66,
            66,
            121,
            225,
            66,
            66,
            101,
            66,
            121,
            66,
            255,
            66,
            121,
            225,
            66,
            101,
            66,
            121,
            66,
            249,
            66,
            121,
            225,
            66,
            101,
            66,
            131,
            66,
            253,
            66,
            121,
            225,
            66,
            101,
            66,
            121,
            66,
            297,
            66,
            121,
            225,
            121,
            225,
            66,
            101,
            66,
            133,
            66,
            652,
            108,
            332,
            66
        ],
        "direction_list": [
            0,
            0,
            0,
            1,
            1,
            0,
            1,
            0,
            1,
            0,
            0,
            1,
            0,
            1,
            0,
            1,
            0,
            0,
            1,
            1,
            1,
            0,
            1,
            0,
            1,
            0,
            0,
            0,
            1,
            1,
            0,
            1,
            0,
            1,
            0,
            0,
            0,
            1,
            1,
            0,
            1,
            0,
            1,
            0,
            0,
            0,
            1,
            1,
            0,
            1,
            0,
            1,
            0,
            0,
            0,
            0,
            0,
            1,
            1,
            1,
            1,
            0,
            1,
            1,
            1,
            0
        ],
        "piat_list": [
            0.26607513427734375,
            0.18787384033203125,
            0.019073486328125,
            26.06487274169922,
            0.03409385681152344,
            0.011920928955078125,
            0.010013580322265625,
            0.0040531158447265625,
            0.11992454528808594,
            0.019073486328125,
            0.011920928955078125,
            0.7572174072265625,
            0.00476837158203125,
            0.09322166442871094,
            0.0050067901611328125,
            64.94784355163574,
            161.1330509185791,
            0.032901763916015625,
            25.873184204101562,
            0.015974044799804688,
            0.13184547424316406,
            0.010013580322265625,
            0.7801055908203125,
            0.0050067901611328125,
            0.09489059448242188,
            0.0040531158447265625,
            71.34389877319336,
            0.030040740966796875,
            26.957035064697266,
            0.07796287536621094,
            0.010013580322265625,
            0.4620552062988281,
            0.0050067901611328125,
            0.1010894775390625,
            0.003814697265625,
            81.0542106628418,
            0.0438690185546875,
            25.76899528503418,
            0.08392333984375,
            0.014066696166992188,
            0.9119510650634766,
            0.0040531158447265625,
            0.09512901306152344,
            0.00286102294921875,
            204.5300006866455,
            0.03314018249511719,
            26.475906372070312,
            0.025033950805664062,
            0.010967254638671875,
            0.8740425109863281,
            0.04792213439941406,
            0.04792213439941406,
            0.0591278076171875,
            14.152050018310547,
            0.026941299438476562,
            0.3108978271484375,
            0.01811981201171875,
            25.331974029541016,
            0.14209747314453125,
            0.8130073547363281,
            0.09989738464355469,
            0.032901763916015625,
            0.06699562072753906,
            0.8862018585205078,
            0.0050067901611328125,
            0.0209808349609375
        ]
    }
}