{
    "(2886734945, 3741713926, 37986, 443, 'tcp', 0)": {
        "ts_list": [
            1645013870.638772,
            1645013870.63895,
            1645013870.638969,
            1645013870.669688,
            1645013870.669726,
            1645013870.669739,
            1645013870.669753,
            1645013870.669758,
            1645013870.669902,
            1645013870.670819,
            1645013870.670829,
            1645013870.670837,
            1645013870.670842,
            1645013870.740738,
            1645013870.868851,
            1645013870.868886,
            1645013870.89975,
            1645013870.899768,
            1645013870.899826,
            1645013870.899836,
            1645013870.900711,
            1645013870.900719,
            1645013870.900806,
            1645013870.900813,
            1645013870.977497,
            1645013870.977524,
            1645013871.007751,
            1645013871.007832,
            1645013871.007894,
            1645013871.008689,
            1645013871.008707,
            1645013871.008721,
            1645013871.030164,
            1645013871.030188,
            1645013871.063088,
            1645013871.063116,
            1645013871.063631,
            1645013871.063731,
            1645013871.064017,
            1645013871.316868,
            1645013871.316907,
            1645013871.347691,
            1645013871.347776,
            1645013871.348718,
            1645013871.348751,
            1645013871.348818,
            1645013871.372344,
            1645013871.372371,
            1645013871.372451,
            1645013871.402679,
            1645013871.402693,
            1645013871.402844,
            1645013871.402876,
            1645013871.403695,
            1645013871.40371,
            1645013871.403712,
            1645013871.403717,
            1645013871.403743
        ],
        "ps_list": [
            158,
            184,
            225,
            66,
            121,
            66,
            123,
            66,
            97,
            190,
            66,
            260,
            66,
            66,
            121,
            225,
            66,
            66,
            101,
            66,
            121,
            66,
            255,
            66,
            121,
            225,
            66,
            101,
            66,
            121,
            249,
            66,
            121,
            225,
            66,
            101,
            131,
            253,
            66,
            121,
            225,
            66,
            101,
            121,
            66,
            297,
            121,
            225,
            280,
            66,
            101,
            101,
            66,
            120,
            652,
            122,
            332,
            66
        ],
        "direction_list": [
            0,
            0,
            0,
            1,
            1,
            0,
            1,
            0,
            0,
            1,
            0,
            1,
            0,
            1,
            0,
            0,
            1,
            1,
            1,
            0,
            1,
            0,
            1,
            0,
            0,
            0,
            1,
            1,
            0,
            1,
            1,
            0,
            0,
            0,
            1,
            1,
            1,
            1,
            0,
            0,
            0,
            1,
            1,
            1,
            0,
            1,
            0,
            0,
            0,
            1,
            1,
            1,
            0,
            1,
            1,
            1,
            1,
            0
        ],
        "piat_list": [
            0.2779960632324219,
            0.1780986785888672,
            0.018835067749023438,
            30.71904182434082,
            0.03790855407714844,
            0.013113021850585938,
            0.014066696166992188,
            0.0050067901611328125,
            0.14400482177734375,
            0.9169578552246094,
            0.010013580322265625,
            0.007867813110351562,
            0.0050067901611328125,
            69.89598274230957,
            128.1130313873291,
            0.03504753112792969,
            30.86400032043457,
            0.01811981201171875,
            0.05793571472167969,
            0.010013580322265625,
            0.8749961853027344,
            0.007867813110351562,
            0.08702278137207031,
            0.007152557373046875,
            76.68399810791016,
            0.026941299438476562,
            30.226945877075195,
            0.08106231689453125,
            0.06198883056640625,
            0.7948875427246094,
            0.01811981201171875,
            0.014066696166992188,
            21.442890167236328,
            0.024080276489257812,
            32.89985656738281,
            0.028133392333984375,
            0.514984130859375,
            0.09989738464355469,
            0.286102294921875,
            252.85100936889648,
            0.03886222839355469,
            30.784130096435547,
            0.08487701416015625,
            0.9419918060302734,
            0.03314018249511719,
            0.06699562072753906,
            23.52595329284668,
            0.026941299438476562,
            0.080108642578125,
            30.2278995513916,
            0.014066696166992188,
            0.15091896057128906,
            0.031948089599609375,
            0.8192062377929688,
            0.014781951904296875,
            0.0021457672119140625,
            0.0050067901611328125,
            0.025987625122070312
        ]
    }
}