{
    "(2886734945, 3741713926, 48312, 443, 'tcp', 0)": {
        "ts_list": [
            1645234560.413216,
            1645234560.413882,
            1645234560.413918,
            1645234560.440058,
            1645234560.440088,
            1645234560.440118,
            1645234560.440144,
            1645234560.440149,
            1645234560.440971,
            1645234560.441083,
            1645234560.441087,
            1645234560.442034,
            1645234560.44204,
            1645234560.442132,
            1645234560.442136,
            1645234560.445892,
            1645234560.513144,
            1645234560.677301,
            1645234560.677337,
            1645234560.704058,
            1645234560.704074,
            1645234560.704136,
            1645234560.704146,
            1645234560.705092,
            1645234560.705102,
            1645234560.705187,
            1645234560.705192,
            1645234560.776672,
            1645234560.776699,
            1645234560.804341,
            1645234560.80442
        ],
        "ps_list": [
            158,
            184,
            225,
            66,
            121,
            66,
            110,
            66,
            66,
            101,
            66,
            190,
            66,
            260,
            66,
            97,
            66,
            121,
            225,
            66,
            66,
            101,
            66,
            121,
            66,
            255,
            66,
            121,
            225,
            66,
            101
        ],
        "direction_list": [
            0,
            0,
            0,
            1,
            1,
            0,
            1,
            0,
            1,
            1,
            0,
            1,
            0,
            1,
            0,
            0,
            1,
            0,
            0,
            1,
            1,
            1,
            0,
            1,
            0,
            1,
            0,
            0,
            0,
            1,
            1
        ],
        "piat_list": [
            0.34618377685546875,
            0.6659030914306641,
            0.03600120544433594,
            26.13997459411621,
            0.030040740966796875,
            0.030040740966796875,
            0.025987625122070312,
            0.0050067901611328125,
            0.8218288421630859,
            0.11205673217773438,
            0.0040531158447265625,
            0.9469985961914062,
            0.0059604644775390625,
            0.09202957153320312,
            0.0040531158447265625,
            3.7560462951660156,
            67.25192070007324,
            164.15691375732422,
            0.03600120544433594,
            26.72100067138672,
            0.015974044799804688,
            0.06198883056640625,
            0.010013580322265625,
            0.946044921875,
            0.010013580322265625,
            0.08511543273925781,
            0.0050067901611328125,
            71.47979736328125,
            0.027179718017578125,
            27.642011642456055,
            0.07891654968261719
        ]
    }
}