{
    "(2886734945, 3741713926, 53478, 443, 'tcp', 0)": {
        "ts_list": [
            1645759766.1397,
            1645759766.139872,
            1645759766.139891,
            1645759766.169518,
            1645759766.169559,
            1645759766.169595,
            1645759766.169601,
            1645759766.169694,
            1645759766.169708,
            1645759766.16972,
            1645759766.169822,
            1645759766.16992,
            1645759766.169924,
            1645759766.169929,
            1645759766.169932,
            1645759766.17002,
            1645759766.170024,
            1645759766.239086,
            1645759766.497356,
            1645759766.497389,
            1645759766.527221,
            1645759766.527242,
            1645759766.527395,
            1645759766.527408,
            1645759766.527417,
            1645759766.52742,
            1645759766.527424,
            1645759766.527426,
            1645759766.626833,
            1645759766.62686,
            1645759766.656749,
            1645759766.656822,
            1645759766.656833,
            1645759766.656924,
            1645759766.656929,
            1645759766.656931,
            1645759766.656934
        ],
        "ps_list": [
            158,
            184,
            225,
            121,
            66,
            101,
            66,
            97,
            97,
            66,
            66,
            101,
            66,
            190,
            66,
            260,
            66,
            66,
            121,
            225,
            66,
            66,
            101,
            66,
            121,
            66,
            255,
            66,
            121,
            225,
            66,
            101,
            66,
            121,
            66,
            249,
            66
        ],
        "direction_list": [
            0,
            0,
            0,
            1,
            0,
            1,
            0,
            1,
            0,
            0,
            1,
            1,
            0,
            1,
            0,
            1,
            0,
            1,
            0,
            0,
            1,
            1,
            1,
            0,
            1,
            0,
            1,
            0,
            0,
            0,
            1,
            1,
            0,
            1,
            0,
            1,
            0
        ],
        "piat_list": [
            0.2658367156982422,
            0.17213821411132812,
            0.018835067749023438,
            29.627084732055664,
            0.04100799560546875,
            0.03600120544433594,
            0.0059604644775390625,
            0.09298324584960938,
            0.014066696166992188,
            0.011920928955078125,
            0.10204315185546875,
            0.09799003601074219,
            0.0040531158447265625,
            0.0050067901611328125,
            0.00286102294921875,
            0.08821487426757812,
            0.003814697265625,
            69.0619945526123,
            258.2700252532959,
            0.03314018249511719,
            29.831886291503906,
            0.0209808349609375,
            0.15306472778320312,
            0.012874603271484375,
            0.009059906005859375,
            0.0030994415283203125,
            0.0040531158447265625,
            0.0019073486328125,
            99.40695762634277,
            0.026941299438476562,
            29.88910675048828,
            0.07295608520507812,
            0.010967254638671875,
            0.09107589721679688,
            0.0050067901611328125,
            0.0019073486328125,
            0.0030994415283203125
        ]
    }
}