{
    "(2886734945, 3741648133, 56628, 443, 'tcp', 0)": {
        "ts_list": [
            1645760353.910671,
            1645760353.910915,
            1645760353.910935,
            1645760353.918675,
            1645760353.918698,
            1645760353.918813,
            1645760353.918816,
            1645760353.918825,
            1645760353.918837,
            1645760353.918842,
            1645760353.919013,
            1645760353.919143,
            1645760353.919149,
            1645760353.919159,
            1645760353.919163,
            1645760353.919244,
            1645760353.919248,
            1645760353.966218,
            1645760354.27365,
            1645760354.273697,
            1645760354.281747,
            1645760354.281764,
            1645760354.281934,
            1645760354.281944,
            1645760354.281953,
            1645760354.281958,
            1645760354.281964,
            1645760354.281968,
            1645760354.357664,
            1645760354.357699,
            1645760354.365771,
            1645760354.365798,
            1645760354.365809,
            1645760354.365931,
            1645760354.365939,
            1645760354.365942,
            1645760354.365945
        ],
        "ps_list": [
            158,
            184,
            225,
            121,
            66,
            101,
            97,
            97,
            66,
            66,
            66,
            101,
            66,
            191,
            66,
            260,
            66,
            66,
            121,
            225,
            66,
            66,
            101,
            66,
            144,
            66,
            255,
            66,
            121,
            225,
            66,
            101,
            66,
            120,
            66,
            249,
            66
        ],
        "direction_list": [
            0,
            0,
            0,
            1,
            0,
            1,
            1,
            0,
            0,
            0,
            1,
            1,
            0,
            1,
            0,
            1,
            0,
            1,
            0,
            0,
            1,
            1,
            1,
            0,
            1,
            0,
            1,
            0,
            0,
            0,
            1,
            1,
            0,
            1,
            0,
            1,
            0
        ],
        "piat_list": [
            0.2410411834716797,
            0.24390220642089844,
            0.02002716064453125,
            7.740020751953125,
            0.023126602172851562,
            0.11491775512695312,
            0.0030994415283203125,
            0.008821487426757812,
            0.012159347534179688,
            0.0050067901611328125,
            0.1709461212158203,
            0.12993812561035156,
            0.0059604644775390625,
            0.010013580322265625,
            0.0040531158447265625,
            0.08106231689453125,
            0.0040531158447265625,
            46.96989059448242,
            307.4319362640381,
            0.04696846008300781,
            8.050203323364258,
            0.016927719116210938,
            0.16999244689941406,
            0.010013580322265625,
            0.009059906005859375,
            0.0050067901611328125,
            0.0059604644775390625,
            0.0040531158447265625,
            75.69599151611328,
            0.034809112548828125,
            8.072137832641602,
            0.026941299438476562,
            0.010967254638671875,
            0.1220703125,
            0.007867813110351562,
            0.0030994415283203125,
            0.0030994415283203125
        ]
    }
}