{
    "(2886734945, 3741648133, 42284, 443, 'tcp', 0)": {
        "ts_list": [
            1645651270.10356,
            1645651270.103735,
            1645651270.10376,
            1645651270.111405,
            1645651270.111428,
            1645651270.111439,
            1645651270.111492,
            1645651270.111497,
            1645651270.111519,
            1645651270.111596,
            1645651270.111602,
            1645651270.111606,
            1645651270.111611,
            1645651270.111615,
            1645651270.111796,
            1645651270.111801,
            1645651270.158571,
            1645651270.466151,
            1645651270.46619,
            1645651270.474054,
            1645651270.474081,
            1645651270.474264,
            1645651270.47428,
            1645651270.474292,
            1645651270.474295,
            1645651270.474298,
            1645651270.4743,
            1645651270.592691,
            1645651270.592721,
            1645651270.59469,
            1645651270.594714,
            1645651270.600363,
            1645651270.600642,
            1645651270.600655,
            1645651270.600666,
            1645651270.60067,
            1645651270.600673,
            1645651270.600676,
            1645651270.602392,
            1645651270.602493,
            1645651270.602496,
            1645651270.602502,
            1645651270.602505,
            1645651270.602592,
            1645651270.602597,
            1645651271.60841,
            1645651271.608446,
            1645651271.616192,
            1645651271.616364,
            1645651271.616372,
            1645651271.616376,
            1645651271.61638,
            1645651271.616453,
            1645651271.616458,
            1645651271.806541,
            1645651271.806577,
            1645651271.814232,
            1645651271.814259,
            1645651271.814274,
            1645651271.814405,
            1645651271.814411,
            1645651271.814507,
            1645651271.814512,
            1645651271.831718,
            1645651271.831749,
            1645651271.839398,
            1645651271.839478,
            1645651271.839565,
            1645651271.839572,
            1645651271.839597
        ],
        "ps_list": [
            158,
            184,
            225,
            66,
            121,
            66,
            110,
            66,
            97,
            66,
            101,
            66,
            191,
            66,
            260,
            66,
            66,
            121,
            225,
            66,
            66,
            101,
            66,
            121,
            66,
            255,
            66,
            121,
            225,
            121,
            225,
            66,
            101,
            66,
            120,
            66,
            502,
            66,
            66,
            101,
            66,
            121,
            66,
            258,
            66,
            121,
            225,
            66,
            101,
            66,
            144,
            66,
            297,
            66,
            121,
            225,
            66,
            101,
            66,
            108,
            66,
            514,
            66,
            121,
            225,
            66,
            101,
            122,
            332,
            66
        ],
        "direction_list": [
            0,
            0,
            0,
            1,
            1,
            0,
            1,
            0,
            0,
            1,
            1,
            0,
            1,
            0,
            1,
            0,
            1,
            0,
            0,
            1,
            1,
            1,
            0,
            1,
            0,
            1,
            0,
            0,
            0,
            0,
            0,
            1,
            1,
            0,
            1,
            0,
            1,
            0,
            1,
            1,
            0,
            1,
            0,
            1,
            0,
            0,
            0,
            1,
            1,
            0,
            1,
            0,
            1,
            0,
            0,
            0,
            1,
            1,
            0,
            1,
            0,
            1,
            0,
            0,
            0,
            1,
            1,
            1,
            1,
            0
        ],
        "piat_list": [
            0.2560615539550781,
            0.17499923706054688,
            0.025033950805664062,
            7.644891738891602,
            0.023126602172851562,
            0.010967254638671875,
            0.052928924560546875,
            0.0050067901611328125,
            0.022172927856445312,
            0.07700920104980469,
            0.0059604644775390625,
            0.003814697265625,
            0.0050067901611328125,
            0.0040531158447265625,
            0.18095970153808594,
            0.0050067901611328125,
            46.77009582519531,
            307.57999420166016,
            0.03910064697265625,
            7.8639984130859375,
            0.026941299438476562,
            0.18286705017089844,
            0.01621246337890625,
            0.011920928955078125,
            0.00286102294921875,
            0.0030994415283203125,
            0.0019073486328125,
            118.39103698730469,
            0.030040740966796875,
            1.9690990447998047,
            0.02384185791015625,
            5.649089813232422,
            0.2789497375488281,
            0.013113021850585938,
            0.010967254638671875,
            0.0040531158447265625,
            0.00286102294921875,
            0.0030994415283203125,
            1.7158985137939453,
            0.1010894775390625,
            0.00286102294921875,
            0.006198883056640625,
            0.00286102294921875,
            0.08702278137207031,
            0.0050067901611328125,
            1005.8128833770752,
            0.03600120544433594,
            7.746219635009766,
            0.17189979553222656,
            0.008106231689453125,
            0.003814697265625,
            0.0040531158447265625,
            0.07295608520507812,
            0.0050067901611328125,
            190.08302688598633,
            0.03600120544433594,
            7.655143737792969,
            0.026941299438476562,
            0.015020370483398438,
            0.1308917999267578,
            0.0059604644775390625,
            0.09608268737792969,
            0.0050067901611328125,
            17.20595359802246,
            0.030994415283203125,
            7.648944854736328,
            0.080108642578125,
            0.08702278137207031,
            0.0069141387939453125,
            0.025033950805664062
        ]
    }
}