{
    "(2886734945, 3741648133, 42408, 443, 'tcp', 0)": {
        "ts_list": [
            1645651440.670873,
            1645651440.671052,
            1645651440.67121,
            1645651440.679206,
            1645651440.67923,
            1645651440.679321,
            1645651440.680207,
            1645651440.680303,
            1645651440.68031,
            1645651440.68032,
            1645651440.680325,
            1645651440.680326,
            1645651440.680329,
            1645651440.682219,
            1645651440.68223,
            1645651440.682244,
            1645651440.682249,
            1645651440.72823,
            1645651441.04625,
            1645651441.046286,
            1645651441.055284,
            1645651441.05531,
            1645651441.055584,
            1645651441.055599,
            1645651441.056237,
            1645651441.056247,
            1645651441.056259,
            1645651441.056263,
            1645651441.144016,
            1645651441.144044,
            1645651441.145512,
            1645651441.145535,
            1645651441.152316,
            1645651441.1524,
            1645651441.15241,
            1645651441.153229,
            1645651441.153242,
            1645651441.153414,
            1645651441.153421,
            1645651441.154164,
            1645651441.15431,
            1645651441.154319,
            1645651441.155879,
            1645651441.155891,
            1645651441.155974,
            1645651441.15598,
            1645651442.142391,
            1645651442.142425,
            1645651442.151294,
            1645651442.151394,
            1645651442.151404,
            1645651442.152208,
            1645651442.15222,
            1645651442.15229,
            1645651442.152296,
            1645651442.370674,
            1645651442.370714,
            1645651442.370729,
            1645651442.370806,
            1645651442.379281,
            1645651442.37932,
            1645651442.379337,
            1645651442.379352,
            1645651442.379362,
            1645651442.380302,
            1645651442.380314,
            1645651442.380397,
            1645651442.380403,
            1645651442.380404,
            1645651442.380408
        ],
        "ps_list": [
            164,
            184,
            225,
            121,
            66,
            97,
            66,
            101,
            66,
            97,
            66,
            101,
            66,
            191,
            66,
            260,
            66,
            66,
            121,
            225,
            66,
            66,
            101,
            66,
            144,
            66,
            255,
            66,
            121,
            225,
            121,
            225,
            66,
            101,
            66,
            120,
            66,
            502,
            66,
            66,
            101,
            66,
            121,
            66,
            258,
            66,
            121,
            225,
            66,
            101,
            66,
            144,
            66,
            297,
            66,
            121,
            121,
            225,
            225,
            66,
            101,
            66,
            101,
            66,
            122,
            66,
            352,
            66,
            514,
            66
        ],
        "direction_list": [
            0,
            0,
            0,
            1,
            0,
            0,
            1,
            1,
            0,
            1,
            0,
            1,
            0,
            1,
            0,
            1,
            0,
            1,
            0,
            0,
            1,
            1,
            1,
            0,
            1,
            0,
            1,
            0,
            0,
            0,
            0,
            0,
            1,
            1,
            0,
            1,
            0,
            1,
            0,
            1,
            1,
            0,
            1,
            0,
            1,
            0,
            0,
            0,
            1,
            1,
            0,
            1,
            0,
            1,
            0,
            0,
            0,
            0,
            0,
            1,
            1,
            0,
            1,
            0,
            1,
            0,
            1,
            0,
            1,
            0
        ],
        "piat_list": [
            0.2830028533935547,
            0.17905235290527344,
            0.15807151794433594,
            7.995843887329102,
            0.024080276489257812,
            0.09107589721679688,
            0.8859634399414062,
            0.09608268737792969,
            0.0069141387939453125,
            0.010013580322265625,
            0.0050067901611328125,
            0.00095367431640625,
            0.0030994415283203125,
            1.889944076538086,
            0.010967254638671875,
            0.014066696166992188,
            0.0050067901611328125,
            45.98093032836914,
            318.0201053619385,
            0.03600120544433594,
            8.997917175292969,
            0.025987625122070312,
            0.2739429473876953,
            0.015020370483398438,
            0.6380081176757812,
            0.010013580322265625,
            0.011920928955078125,
            0.0040531158447265625,
            87.7530574798584,
            0.027894973754882812,
            1.4681816101074219,
            0.02288818359375,
            6.781101226806641,
            0.08392333984375,
            0.010013580322265625,
            0.8189678192138672,
            0.013113021850585938,
            0.17189979553222656,
            0.0069141387939453125,
            0.7431507110595703,
            0.14591217041015625,
            0.009059906005859375,
            1.5599727630615234,
            0.011920928955078125,
            0.08296966552734375,
            0.006198883056640625,
            986.4108562469482,
            0.03409385681152344,
            8.868932723999023,
            0.09989738464355469,
            0.010013580322265625,
            0.8041858673095703,
            0.011920928955078125,
            0.07009506225585938,
            0.0059604644775390625,
            218.37782859802246,
            0.0400543212890625,
            0.015020370483398438,
            0.07700920104980469,
            8.475065231323242,
            0.03886222839355469,
            0.0171661376953125,
            0.015020370483398438,
            0.010013580322265625,
            0.9398460388183594,
            0.012159347534179688,
            0.08296966552734375,
            0.0059604644775390625,
            0.00095367431640625,
            0.0040531158447265625
        ]
    }
}