{
    "(2886734945, 3741648133, 42550, 443, 'tcp', 0)": {
        "ts_list": [
            1645651638.816456,
            1645651638.816644,
            1645651638.816674,
            1645651638.824607,
            1645651638.824631,
            1645651638.824642,
            1645651638.824698,
            1645651638.824703,
            1645651638.82479,
            1645651638.824794,
            1645651638.824946,
            1645651638.825047,
            1645651638.825051,
            1645651638.825053,
            1645651638.825057,
            1645651638.825058,
            1645651638.825061,
            1645651638.826525,
            1645651638.874541,
            1645651639.158226,
            1645651639.158262,
            1645651639.166378,
            1645651639.166397,
            1645651639.16646,
            1645651639.166471,
            1645651639.166563,
            1645651639.166569,
            1645651639.166575,
            1645651639.166579,
            1645651639.269617,
            1645651639.269647,
            1645651639.271294,
            1645651639.271317,
            1645651639.278141,
            1645651639.278222,
            1645651639.278232,
            1645651639.278323,
            1645651639.278328,
            1645651639.278329,
            1645651639.278332,
            1645651639.279643,
            1645651639.279743,
            1645651639.279747,
            1645651639.279753,
            1645651639.279756,
            1645651639.279841,
            1645651639.279845,
            1645651640.253936,
            1645651640.25397,
            1645651640.262133,
            1645651640.262275,
            1645651640.262285,
            1645651640.262293,
            1645651640.262297,
            1645651640.2623,
            1645651640.262305,
            1645651640.456894,
            1645651640.456939,
            1645651640.465258,
            1645651640.465279,
            1645651640.46529,
            1645651640.4653,
            1645651640.465304,
            1645651640.465695,
            1645651640.465698,
            1645651640.468863,
            1645651640.468885,
            1645651640.477123,
            1645651640.477217,
            1645651640.477221,
            1645651640.477223,
            1645651640.477273
        ],
        "ps_list": [
            158,
            184,
            225,
            66,
            121,
            66,
            101,
            66,
            97,
            66,
            66,
            101,
            66,
            190,
            66,
            260,
            66,
            97,
            66,
            121,
            225,
            66,
            66,
            101,
            66,
            144,
            66,
            255,
            66,
            121,
            225,
            121,
            225,
            66,
            101,
            66,
            120,
            66,
            502,
            66,
            66,
            101,
            66,
            121,
            66,
            258,
            66,
            121,
            225,
            66,
            101,
            66,
            144,
            66,
            297,
            66,
            121,
            225,
            66,
            101,
            66,
            108,
            66,
            514,
            66,
            121,
            225,
            66,
            101,
            121,
            332,
            66
        ],
        "direction_list": [
            0,
            0,
            0,
            1,
            1,
            0,
            1,
            0,
            1,
            0,
            1,
            1,
            0,
            1,
            0,
            1,
            0,
            0,
            1,
            0,
            0,
            1,
            1,
            1,
            0,
            1,
            0,
            1,
            0,
            0,
            0,
            0,
            0,
            1,
            1,
            0,
            1,
            0,
            1,
            0,
            1,
            1,
            0,
            1,
            0,
            1,
            0,
            0,
            0,
            1,
            1,
            0,
            1,
            0,
            1,
            0,
            0,
            0,
            1,
            1,
            0,
            1,
            0,
            1,
            0,
            0,
            0,
            1,
            1,
            1,
            1,
            0
        ],
        "piat_list": [
            0.2751350402832031,
            0.18787384033203125,
            0.030040740966796875,
            7.932901382446289,
            0.024080276489257812,
            0.010967254638671875,
            0.05602836608886719,
            0.0050067901611328125,
            0.08702278137207031,
            0.0040531158447265625,
            0.1518726348876953,
            0.1010894775390625,
            0.0040531158447265625,
            0.0019073486328125,
            0.0040531158447265625,
            0.00095367431640625,
            0.0030994415283203125,
            1.4638900756835938,
            48.01607131958008,
            283.68496894836426,
            0.03600120544433594,
            8.116006851196289,
            0.019073486328125,
            0.0629425048828125,
            0.010967254638671875,
            0.09202957153320312,
            0.0059604644775390625,
            0.0059604644775390625,
            0.0040531158447265625,
            103.03807258605957,
            0.029802322387695312,
            1.6472339630126953,
            0.02288818359375,
            6.824016571044922,
            0.08106231689453125,
            0.010013580322265625,
            0.09083747863769531,
            0.0050067901611328125,
            0.00095367431640625,
            0.0030994415283203125,
            1.3110637664794922,
            0.09989738464355469,
            0.0040531158447265625,
            0.0059604644775390625,
            0.0030994415283203125,
            0.08487701416015625,
            0.0040531158447265625,
            974.0910530090332,
            0.033855438232421875,
            8.162975311279297,
            0.14209747314453125,
            0.010013580322265625,
            0.008106231689453125,
            0.003814697265625,
            0.0030994415283203125,
            0.0050067901611328125,
            194.58889961242676,
            0.04506111145019531,
            8.318901062011719,
            0.021219253540039062,
            0.010967254638671875,
            0.010013580322265625,
            0.003814697265625,
            0.3910064697265625,
            0.0030994415283203125,
            3.165006637573242,
            0.02193450927734375,
            8.238077163696289,
            0.09393692016601562,
            0.0040531158447265625,
            0.0019073486328125,
            0.050067901611328125
        ]
    }
}