{
    "(2886734945, 3741648133, 54388, 443, 'tcp', 0)": {
        "ts_list": [
            1645540015.565472,
            1645540015.571102,
            1645540015.571384,
            1645540015.571577,
            1645540015.571601,
            1645540015.580418,
            1645540015.580452,
            1645540015.580466,
            1645540015.580495,
            1645540015.580502,
            1645540015.580594,
            1645540015.580603,
            1645540015.580613,
            1645540015.581431,
            1645540015.581452,
            1645540015.582428,
            1645540015.582443,
            1645540015.582525,
            1645540015.582532,
            1645540015.631316,
            1645540015.908181,
            1645540015.908218,
            1645540015.917365,
            1645540015.917387,
            1645540015.91755,
            1645540015.91756,
            1645540015.918389,
            1645540015.918396,
            1645540015.918464,
            1645540015.91847,
            1645540016.042567,
            1645540016.042595,
            1645540016.043977,
            1645540016.044,
            1645540016.051453,
            1645540016.051531,
            1645540016.051541,
            1645540016.052674,
            1645540016.05269,
            1645540016.0527,
            1645540016.052705,
            1645540016.053428,
            1645540016.053538,
            1645540016.053548,
            1645540016.068116,
            1645540016.068132,
            1645540016.068142,
            1645540016.068147,
            1645540016.159552,
            1645540016.159577,
            1645540016.168527,
            1645540016.168682,
            1645540016.168687,
            1645540016.172341,
            1645540016.172361,
            1645540016.172421,
            1645540016.445699,
            1645540016.445744,
            1645540016.458325,
            1645540016.458354,
            1645540016.458366,
            1645540016.460469,
            1645540016.460477,
            1645540016.460481,
            1645540016.460485,
            1645540016.514469,
            1645540016.514499,
            1645540016.523727,
            1645540016.523832,
            1645540016.523838,
            1645540016.524536,
            1645540016.524554,
            1645540016.524566,
            1645540016.524571
        ],
        "ps_list": [
            78,
            130,
            158,
            184,
            225,
            66,
            121,
            66,
            101,
            66,
            97,
            97,
            66,
            101,
            66,
            190,
            66,
            260,
            66,
            66,
            121,
            225,
            66,
            66,
            101,
            66,
            121,
            66,
            255,
            66,
            121,
            225,
            121,
            225,
            66,
            101,
            66,
            144,
            66,
            249,
            66,
            66,
            101,
            66,
            108,
            66,
            253,
            66,
            121,
            225,
            66,
            101,
            66,
            122,
            252,
            66,
            121,
            225,
            66,
            101,
            66,
            121,
            66,
            297,
            66,
            121,
            225,
            66,
            101,
            66,
            122,
            66,
            272,
            66
        ],
        "direction_list": [
            0,
            0,
            0,
            0,
            0,
            1,
            1,
            0,
            1,
            0,
            1,
            0,
            0,
            1,
            0,
            1,
            0,
            1,
            0,
            1,
            0,
            0,
            1,
            1,
            1,
            0,
            1,
            0,
            1,
            0,
            0,
            0,
            0,
            0,
            1,
            1,
            0,
            1,
            0,
            1,
            0,
            1,
            1,
            0,
            1,
            0,
            1,
            0,
            0,
            0,
            1,
            1,
            0,
            1,
            1,
            0,
            0,
            0,
            1,
            1,
            0,
            1,
            0,
            1,
            0,
            0,
            0,
            1,
            1,
            0,
            1,
            0,
            1,
            0
        ],
        "piat_list": [
            0.03790855407714844,
            5.630016326904297,
            0.28204917907714844,
            0.19311904907226562,
            0.02384185791015625,
            8.817195892333984,
            0.033855438232421875,
            0.014066696166992188,
            0.029087066650390625,
            0.0069141387939453125,
            0.09202957153320312,
            0.008821487426757812,
            0.010013580322265625,
            0.8180141448974609,
            0.0209808349609375,
            0.9760856628417969,
            0.015020370483398438,
            0.0820159912109375,
            0.0069141387939453125,
            48.78401756286621,
            276.86500549316406,
            0.03695487976074219,
            9.147167205810547,
            0.02193450927734375,
            0.16307830810546875,
            0.010013580322265625,
            0.8289813995361328,
            0.0069141387939453125,
            0.06794929504394531,
            0.0059604644775390625,
            124.09710884094238,
            0.027894973754882812,
            1.3821125030517578,
            0.02288818359375,
            7.453203201293945,
            0.07796287536621094,
            0.010013580322265625,
            1.132965087890625,
            0.015974044799804688,
            0.010013580322265625,
            0.0050067901611328125,
            0.7228851318359375,
            0.11014938354492188,
            0.010013580322265625,
            14.567852020263672,
            0.015974044799804688,
            0.010013580322265625,
            0.0050067901611328125,
            91.40515327453613,
            0.0247955322265625,
            8.949995040893555,
            0.1552104949951172,
            0.0050067901611328125,
            3.654003143310547,
            0.019788742065429688,
            0.06008148193359375,
            273.27799797058105,
            0.04506111145019531,
            12.58087158203125,
            0.029087066650390625,
            0.011920928955078125,
            2.103090286254883,
            0.008106231689453125,
            0.003814697265625,
            0.0040531158447265625,
            53.98392677307129,
            0.030040740966796875,
            9.227991104125977,
            0.10514259338378906,
            0.0059604644775390625,
            0.6978511810302734,
            0.01811981201171875,
            0.011920928955078125,
            0.0050067901611328125
        ]
    }
}