{
    "(2886734945, 3741648133, 53342, 443, 'tcp', 0)": {
        "ts_list": [
            1645093358.660962,
            1645093358.661148,
            1645093358.661177,
            1645093358.673105,
            1645093358.673129,
            1645093358.673136,
            1645093358.67314,
            1645093358.673143,
            1645093358.673145,
            1645093358.673149,
            1645093358.674276,
            1645093358.674281,
            1645093358.674481,
            1645093358.674485,
            1645093358.678117,
            1645093358.72913,
            1645093358.955391,
            1645093358.955426,
            1645093358.964215,
            1645093358.964261,
            1645093358.96439,
            1645093358.964405,
            1645093358.965207,
            1645093358.965215,
            1645093358.965221,
            1645093358.965225,
            1645093359.063243,
            1645093359.063276,
            1645093359.072388,
            1645093359.072425,
            1645093359.072439,
            1645093359.073247,
            1645093359.073253,
            1645093359.073346,
            1645093359.073352,
            1645093359.28488,
            1645093359.284916,
            1645093359.290314,
            1645093359.290342,
            1645093359.294248,
            1645093359.294376,
            1645093359.294393,
            1645093359.295191,
            1645093359.2952,
            1645093359.295272,
            1645093359.295276,
            1645093359.299291,
            1645093359.299374,
            1645093359.299382,
            1645093359.30015,
            1645093359.300156,
            1645093359.300269,
            1645093359.300274,
            1645093359.982863,
            1645093359.982901,
            1645093359.992306,
            1645093359.992338,
            1645093359.992351,
            1645093359.993382,
            1645093359.993387,
            1645093359.993481,
            1645093359.993486,
            1645093360.088251,
            1645093360.088278,
            1645093360.097254,
            1645093360.097265,
            1645093360.097271,
            1645093360.098778,
            1645093360.098786,
            1645093360.098788,
            1645093360.098793
        ],
        "ps_list": [
            158,
            184,
            225,
            66,
            121,
            66,
            110,
            66,
            101,
            66,
            190,
            66,
            260,
            66,
            97,
            66,
            121,
            225,
            66,
            66,
            101,
            66,
            122,
            66,
            255,
            66,
            121,
            225,
            66,
            101,
            66,
            144,
            66,
            700,
            66,
            121,
            225,
            121,
            225,
            66,
            101,
            66,
            108,
            66,
            256,
            66,
            66,
            101,
            66,
            117,
            66,
            256,
            66,
            121,
            225,
            66,
            101,
            66,
            119,
            66,
            328,
            66,
            121,
            225,
            66,
            101,
            66,
            144,
            66,
            272,
            66
        ],
        "direction_list": [
            0,
            0,
            0,
            1,
            1,
            0,
            1,
            0,
            1,
            0,
            1,
            0,
            1,
            0,
            0,
            1,
            0,
            0,
            1,
            1,
            1,
            0,
            1,
            0,
            1,
            0,
            0,
            0,
            1,
            1,
            0,
            1,
            0,
            1,
            0,
            0,
            0,
            0,
            0,
            1,
            1,
            0,
            1,
            0,
            1,
            0,
            1,
            1,
            0,
            1,
            0,
            1,
            0,
            0,
            0,
            1,
            1,
            0,
            1,
            0,
            1,
            0,
            0,
            0,
            1,
            1,
            0,
            1,
            0,
            1,
            0
        ],
        "piat_list": [
            0.2760887145996094,
            0.18596649169921875,
            0.028848648071289062,
            11.928081512451172,
            0.024080276489257812,
            0.0069141387939453125,
            0.0040531158447265625,
            0.00286102294921875,
            0.0021457672119140625,
            0.0040531158447265625,
            1.127004623413086,
            0.00476837158203125,
            0.20003318786621094,
            0.0040531158447265625,
            3.632068634033203,
            51.01299285888672,
            226.26090049743652,
            0.03504753112792969,
            8.7890625,
            0.04601478576660156,
            0.1289844512939453,
            0.015020370483398438,
            0.8020401000976562,
            0.007867813110351562,
            0.0059604644775390625,
            0.0040531158447265625,
            98.01793098449707,
            0.03314018249511719,
            9.111881256103516,
            0.03695487976074219,
            0.014066696166992188,
            0.8080005645751953,
            0.0059604644775390625,
            0.09298324584960938,
            0.006198883056640625,
            211.52782440185547,
            0.03600120544433594,
            5.398035049438477,
            0.028133392333984375,
            3.9060115814208984,
            0.1277923583984375,
            0.0171661376953125,
            0.7979869842529297,
            0.009059906005859375,
            0.07200241088867188,
            0.003814697265625,
            4.0149688720703125,
            0.08320808410644531,
            0.007867813110351562,
            0.7679462432861328,
            0.006198883056640625,
            0.11277198791503906,
            0.0050067901611328125,
            682.589054107666,
            0.03814697265625,
            9.404897689819336,
            0.031948089599609375,
            0.013113021850585938,
            1.0309219360351562,
            0.0050067901611328125,
            0.09393692016601562,
            0.0050067901611328125,
            94.76518630981445,
            0.026941299438476562,
            8.975982666015625,
            0.010967254638671875,
            0.0059604644775390625,
            1.5070438385009766,
            0.008106231689453125,
            0.0019073486328125,
            0.0050067901611328125
        ]
    }
}