{
    "(2886734945, 3741648133, 56910, 443, 'tcp', 0)": {
        "ts_list": [
            1645110829.65159,
            1645110829.651786,
            1645110829.651819,
            1645110829.659984,
            1645110829.660014,
            1645110829.660031,
            1645110829.660035,
            1645110829.660038,
            1645110829.66004,
            1645110829.660043,
            1645110829.66016,
            1645110829.660878,
            1645110829.660889,
            1645110829.660973,
            1645110829.660979,
            1645110829.708875,
            1645110829.990154,
            1645110829.990189,
            1645110829.998831,
            1645110829.998899,
            1645110829.998997,
            1645110829.999004,
            1645110829.999872,
            1645110829.999878,
            1645110829.999882,
            1645110829.999886,
            1645110830.091428,
            1645110830.091454,
            1645110830.099949,
            1645110830.100028
        ],
        "ps_list": [
            158,
            184,
            225,
            66,
            121,
            66,
            110,
            66,
            101,
            66,
            97,
            190,
            66,
            260,
            66,
            66,
            121,
            225,
            66,
            66,
            101,
            66,
            121,
            66,
            255,
            66,
            121,
            225,
            66,
            101
        ],
        "direction_list": [
            0,
            0,
            0,
            1,
            1,
            0,
            1,
            0,
            1,
            0,
            0,
            1,
            0,
            1,
            0,
            1,
            0,
            0,
            1,
            1,
            1,
            0,
            1,
            0,
            1,
            0,
            0,
            0,
            1,
            1
        ],
        "piat_list": [
            0.2601146697998047,
            0.19598007202148438,
            0.032901763916015625,
            8.165121078491211,
            0.029802322387695312,
            0.0171661376953125,
            0.003814697265625,
            0.0030994415283203125,
            0.0019073486328125,
            0.0030994415283203125,
            0.11706352233886719,
            0.7178783416748047,
            0.010967254638671875,
            0.08416175842285156,
            0.0059604644775390625,
            47.89590835571289,
            281.2790870666504,
            0.03504753112792969,
            8.641958236694336,
            0.06794929504394531,
            0.09799003601074219,
            0.0069141387939453125,
            0.8680820465087891,
            0.0059604644775390625,
            0.0040531158447265625,
            0.0040531158447265625,
            91.54200553894043,
            0.025987625122070312,
            8.494853973388672,
            0.07915496826171875
        ]
    }
}