{
    "(2886734945, 3741713926, 57278, 443, 'tcp', 0)": {
        "ts_list": [
            1645070335.184048,
            1645070335.184269,
            1645070335.184302,
            1645070335.211234,
            1645070335.21126,
            1645070335.211285,
            1645070335.211299,
            1645070335.211305,
            1645070335.211307,
            1645070335.21131,
            1645070335.21145,
            1645070335.212206,
            1645070335.21221,
            1645070335.212216,
            1645070335.212219,
            1645070335.278251,
            1645070335.482683,
            1645070335.482717,
            1645070335.509231,
            1645070335.509252,
            1645070335.509259,
            1645070335.509272,
            1645070335.510105,
            1645070335.510114,
            1645070335.510121,
            1645070335.510125,
            1645070335.579732,
            1645070335.579758,
            1645070335.606125,
            1645070335.606201
        ],
        "ps_list": [
            158,
            184,
            225,
            66,
            121,
            66,
            110,
            66,
            101,
            66,
            97,
            189,
            66,
            260,
            66,
            66,
            121,
            225,
            66,
            66,
            101,
            66,
            122,
            66,
            255,
            66,
            121,
            225,
            66,
            101
        ],
        "direction_list": [
            0,
            0,
            0,
            1,
            1,
            0,
            1,
            0,
            1,
            0,
            0,
            1,
            0,
            1,
            0,
            1,
            0,
            0,
            1,
            1,
            1,
            0,
            1,
            0,
            1,
            0,
            0,
            0,
            1,
            1
        ],
        "piat_list": [
            0.3399848937988281,
            0.22101402282714844,
            0.03314018249511719,
            26.9320011138916,
            0.025987625122070312,
            0.025033950805664062,
            0.013828277587890625,
            0.0059604644775390625,
            0.0021457672119140625,
            0.00286102294921875,
            0.14019012451171875,
            0.7557868957519531,
            0.0040531158447265625,
            0.0059604644775390625,
            0.0030994415283203125,
            66.03193283081055,
            204.43201065063477,
            0.03409385681152344,
            26.514053344726562,
            0.0209808349609375,
            0.0069141387939453125,
            0.013113021850585938,
            0.8327960968017578,
            0.009059906005859375,
            0.007152557373046875,
            0.003814697265625,
            69.60701942443848,
            0.025987625122070312,
            26.3671875,
            0.07581710815429688
        ]
    }
}