{
    "(2886734945, 3741713926, 56038, 443, 'tcp', 0)": {
        "ts_list": [
            1645172444.511885,
            1645172444.512048,
            1645172444.512071,
            1645172444.537698,
            1645172444.537734,
            1645172444.537756,
            1645172444.537761,
            1645172444.537765,
            1645172444.537874,
            1645172444.537877,
            1645172444.538655,
            1645172444.538659,
            1645172444.538772,
            1645172444.538778,
            1645172444.542821,
            1645172444.60882,
            1645172444.773977,
            1645172444.774014,
            1645172444.799741,
            1645172444.799762,
            1645172444.799817,
            1645172444.799826,
            1645172444.801004,
            1645172444.801009,
            1645172444.801103,
            1645172444.801107,
            1645172444.873237,
            1645172444.873268,
            1645172444.898802,
            1645172444.898834,
            1645172444.898847,
            1645172444.900069,
            1645172444.900083,
            1645172444.900096,
            1645172444.900101,
            1645172444.928984,
            1645172444.929012,
            1645172444.954824,
            1645172444.95485,
            1645172444.955784,
            1645172444.955819,
            1645172444.955884,
            1645172444.998787,
            1645172445.070666,
            1645172445.070698,
            1645172445.096772,
            1645172445.09682,
            1645172445.096835,
            1645172445.097756,
            1645172445.097762,
            1645172445.097856,
            1645172445.097896,
            1645172445.570687,
            1645172445.570728,
            1645172445.589441,
            1645172445.589476,
            1645172445.596729,
            1645172445.596818,
            1645172445.596836,
            1645172445.597666,
            1645172445.59768,
            1645172445.597761,
            1645172445.59777,
            1645172445.615671,
            1645172445.615708,
            1645172445.615728,
            1645172445.616767,
            1645172445.616783,
            1645172445.616805,
            1645172445.616811
        ],
        "ps_list": [
            158,
            184,
            225,
            66,
            121,
            66,
            110,
            66,
            101,
            66,
            191,
            66,
            260,
            66,
            97,
            66,
            121,
            225,
            66,
            66,
            101,
            66,
            121,
            66,
            255,
            66,
            121,
            225,
            66,
            101,
            66,
            122,
            66,
            252,
            66,
            121,
            225,
            66,
            101,
            107,
            66,
            306,
            66,
            121,
            225,
            66,
            101,
            66,
            143,
            66,
            318,
            66,
            121,
            225,
            121,
            225,
            66,
            101,
            66,
            120,
            66,
            297,
            66,
            66,
            101,
            66,
            119,
            66,
            328,
            66
        ],
        "direction_list": [
            0,
            0,
            0,
            1,
            1,
            0,
            1,
            0,
            1,
            0,
            1,
            0,
            1,
            0,
            0,
            1,
            0,
            0,
            1,
            1,
            1,
            0,
            1,
            0,
            1,
            0,
            0,
            0,
            1,
            1,
            0,
            1,
            0,
            1,
            0,
            0,
            0,
            1,
            1,
            1,
            0,
            1,
            0,
            0,
            0,
            1,
            1,
            0,
            1,
            0,
            1,
            0,
            0,
            0,
            0,
            0,
            1,
            1,
            0,
            1,
            0,
            1,
            0,
            1,
            1,
            0,
            1,
            0,
            1,
            0
        ],
        "piat_list": [
            0.26988983154296875,
            0.16307830810546875,
            0.02288818359375,
            25.62713623046875,
            0.03600120544433594,
            0.02193450927734375,
            0.0050067901611328125,
            0.0040531158447265625,
            0.10895729064941406,
            0.0030994415283203125,
            0.7779598236083984,
            0.0040531158447265625,
            0.11301040649414062,
            0.0059604644775390625,
            4.042863845825195,
            65.99903106689453,
            165.15707969665527,
            0.03695487976074219,
            25.727033615112305,
            0.0209808349609375,
            0.05507469177246094,
            0.008821487426757812,
            1.1780261993408203,
            0.0050067901611328125,
            0.09417533874511719,
            0.003814697265625,
            72.12996482849121,
            0.030994415283203125,
            25.53415298461914,
            0.031948089599609375,
            0.013113021850585938,
            1.2218952178955078,
            0.014066696166992188,
            0.012874603271484375,
            0.0050067901611328125,
            28.882980346679688,
            0.028133392333984375,
            25.81191062927246,
            0.025987625122070312,
            0.9341239929199219,
            0.034809112548828125,
            0.06508827209472656,
            42.90294647216797,
            71.87914848327637,
            0.031948089599609375,
            26.073932647705078,
            0.048160552978515625,
            0.014781951904296875,
            0.9210109710693359,
            0.006198883056640625,
            0.09393692016601562,
            0.0400543212890625,
            472.7909564971924,
            0.04100799560546875,
            18.712997436523438,
            0.03504753112792969,
            7.252931594848633,
            0.08893013000488281,
            0.01811981201171875,
            0.8299350738525391,
            0.014066696166992188,
            0.08082389831542969,
            0.009059906005859375,
            17.900943756103516,
            0.03719329833984375,
            0.019788742065429688,
            1.0390281677246094,
            0.015974044799804688,
            0.022172927856445312,
            0.0059604644775390625
        ]
    }
}