{
    "(2886734945, 3741713926, 56302, 443, 'tcp', 0)": {
        "ts_list": [
            1645172787.094643,
            1645172787.094867,
            1645172787.094893,
            1645172787.1235,
            1645172787.123532,
            1645172787.123544,
            1645172787.123555,
            1645172787.12356,
            1645172787.123564,
            1645172787.123574,
            1645172787.123714,
            1645172787.124402,
            1645172787.124407,
            1645172787.124494,
            1645172787.124499,
            1645172787.192474,
            1645172787.368331,
            1645172787.368367,
            1645172787.397453,
            1645172787.397478,
            1645172787.397632,
            1645172787.397642,
            1645172787.398451,
            1645172787.398459,
            1645172787.398463,
            1645172787.398467,
            1645172787.444876,
            1645172787.444903,
            1645172787.473453,
            1645172787.473548,
            1645172787.473557,
            1645172787.474573,
            1645172787.474586,
            1645172787.474592,
            1645172787.474596,
            1645172787.476365,
            1645172787.476385,
            1645172787.504445,
            1645172787.504477,
            1645172787.505433,
            1645172787.50544,
            1645172787.50547,
            1645172787.631638,
            1645172787.631666,
            1645172787.660466,
            1645172787.660495,
            1645172787.661412,
            1645172787.66142,
            1645172787.661454,
            1645172788.088098,
            1645172788.088141,
            1645172788.100828,
            1645172788.100864,
            1645172788.116409,
            1645172788.11651,
            1645172788.117401,
            1645172788.117409,
            1645172788.117435,
            1645172788.129443,
            1645172788.129529,
            1645172788.130532,
            1645172788.130538,
            1645172788.13056
        ],
        "ps_list": [
            158,
            184,
            225,
            66,
            121,
            66,
            110,
            66,
            101,
            66,
            97,
            191,
            66,
            260,
            66,
            66,
            121,
            225,
            66,
            66,
            101,
            66,
            121,
            66,
            255,
            66,
            121,
            225,
            66,
            101,
            66,
            122,
            66,
            252,
            66,
            121,
            225,
            66,
            101,
            121,
            306,
            66,
            121,
            225,
            66,
            101,
            119,
            318,
            66,
            121,
            225,
            121,
            225,
            66,
            101,
            130,
            297,
            66,
            66,
            101,
            120,
            328,
            66
        ],
        "direction_list": [
            0,
            0,
            0,
            1,
            1,
            0,
            1,
            0,
            1,
            0,
            0,
            1,
            0,
            1,
            0,
            1,
            0,
            0,
            1,
            1,
            1,
            0,
            1,
            0,
            1,
            0,
            0,
            0,
            1,
            1,
            0,
            1,
            0,
            1,
            0,
            0,
            0,
            1,
            1,
            1,
            1,
            0,
            0,
            0,
            1,
            1,
            1,
            1,
            0,
            0,
            0,
            0,
            0,
            1,
            1,
            1,
            1,
            0,
            1,
            1,
            1,
            1,
            0
        ],
        "piat_list": [
            0.3371238708496094,
            0.2238750457763672,
            0.025987625122070312,
            28.60713005065918,
            0.031948089599609375,
            0.011920928955078125,
            0.010967254638671875,
            0.0050067901611328125,
            0.0040531158447265625,
            0.010013580322265625,
            0.1399517059326172,
            0.6880760192871094,
            0.0050067901611328125,
            0.08702278137207031,
            0.0050067901611328125,
            67.97480583190918,
            175.8570671081543,
            0.03600120544433594,
            29.08611297607422,
            0.025033950805664062,
            0.1537799835205078,
            0.010013580322265625,
            0.8091926574707031,
            0.007867813110351562,
            0.0040531158447265625,
            0.0040531158447265625,
            46.408891677856445,
            0.026941299438476562,
            28.550148010253906,
            0.09489059448242188,
            0.009059906005859375,
            1.0159015655517578,
            0.013113021850585938,
            0.0059604644775390625,
            0.0040531158447265625,
            1.7690658569335938,
            0.02002716064453125,
            28.059959411621094,
            0.031948089599609375,
            0.9560585021972656,
            0.0069141387939453125,
            0.030040740966796875,
            126.16801261901855,
            0.027894973754882812,
            28.800010681152344,
            0.029087066650390625,
            0.9169578552246094,
            0.008106231689453125,
            0.033855438232421875,
            426.64408683776855,
            0.04291534423828125,
            12.686967849731445,
            0.03600120544433594,
            15.545129776000977,
            0.10085105895996094,
            0.8909702301025391,
            0.008106231689453125,
            0.025987625122070312,
            12.007951736450195,
            0.08606910705566406,
            1.0030269622802734,
            0.0059604644775390625,
            0.02193450927734375
        ]
    }
}