{
    "(2886734945, 3741648133, 35898, 443, 'tcp', 0)": {
        "ts_list": [
            1644991237.642087,
            1644991237.642357,
            1644991237.642403,
            1644991237.650146,
            1644991237.650189,
            1644991237.650202,
            1644991237.650217,
            1644991237.650223,
            1644991237.650322,
            1644991237.65033,
            1644991237.650409,
            1644991237.651034,
            1644991237.651044,
            1644991237.651061,
            1644991237.651066,
            1644991237.698976,
            1644991237.959327,
            1644991237.959371,
            1644991237.96793,
            1644991237.967953,
            1644991237.968111,
            1644991237.968121,
            1644991237.96901,
            1644991237.969017,
            1644991237.96913,
            1644991237.969135,
            1644991238.051995,
            1644991238.052029,
            1644991238.060035,
            1644991238.060124,
            1644991238.060134,
            1644991238.060971,
            1644991238.06098,
            1644991238.06107,
            1644991238.061077,
            1644991238.532275,
            1644991238.532313,
            1644991238.54148,
            1644991238.541499,
            1644991238.541508,
            1644991238.542119,
            1644991238.542123,
            1644991238.542129,
            1644991238.542134,
            1644991238.595721,
            1644991238.59577,
            1644991238.604999,
            1644991238.605018,
            1644991238.605028,
            1644991238.605273,
            1644991238.605279,
            1644991238.605374,
            1644991238.605378,
            1644991238.657306,
            1644991238.657329,
            1644991238.665059,
            1644991238.665144,
            1644991238.665154,
            1644991238.666089,
            1644991238.666093,
            1644991238.666186,
            1644991238.66619,
            1644991238.696704,
            1644991238.69673,
            1644991238.706945,
            1644991238.70703,
            1644991238.707131,
            1644991238.707141,
            1644991238.707161
        ],
        "ps_list": [
            158,
            184,
            225,
            66,
            121,
            66,
            110,
            66,
            101,
            66,
            97,
            191,
            66,
            260,
            66,
            66,
            121,
            225,
            66,
            66,
            101,
            66,
            120,
            66,
            255,
            66,
            121,
            225,
            66,
            101,
            66,
            142,
            66,
            248,
            66,
            121,
            225,
            66,
            101,
            66,
            121,
            66,
            297,
            66,
            121,
            225,
            66,
            101,
            66,
            121,
            66,
            332,
            66,
            121,
            225,
            66,
            101,
            66,
            119,
            66,
            328,
            66,
            121,
            225,
            66,
            101,
            122,
            272,
            66
        ],
        "direction_list": [
            0,
            0,
            0,
            1,
            1,
            0,
            1,
            0,
            1,
            0,
            0,
            1,
            0,
            1,
            0,
            1,
            0,
            0,
            1,
            1,
            1,
            0,
            1,
            0,
            1,
            0,
            0,
            0,
            1,
            1,
            0,
            1,
            0,
            1,
            0,
            0,
            0,
            1,
            1,
            0,
            1,
            0,
            1,
            0,
            0,
            0,
            1,
            1,
            0,
            1,
            0,
            1,
            0,
            0,
            0,
            1,
            1,
            0,
            1,
            0,
            1,
            0,
            0,
            0,
            1,
            1,
            1,
            1,
            0
        ],
        "piat_list": [
            0.39196014404296875,
            0.2701282501220703,
            0.0457763671875,
            7.743120193481445,
            0.04291534423828125,
            0.013113021850585938,
            0.015020370483398438,
            0.0059604644775390625,
            0.09894371032714844,
            0.008106231689453125,
            0.07891654968261719,
            0.6251335144042969,
            0.009775161743164062,
            0.0171661376953125,
            0.0050067901611328125,
            47.90997505187988,
            260.35094261169434,
            0.04410743713378906,
            8.558988571166992,
            0.02288818359375,
            0.15807151794433594,
            0.010013580322265625,
            0.8890628814697266,
            0.0069141387939453125,
            0.11301040649414062,
            0.0050067901611328125,
            82.85999298095703,
            0.033855438232421875,
            8.006095886230469,
            0.08893013000488281,
            0.010013580322265625,
            0.8370876312255859,
            0.009059906005859375,
            0.08988380432128906,
            0.007152557373046875,
            471.19784355163574,
            0.03814697265625,
            9.166955947875977,
            0.018835067749023438,
            0.009059906005859375,
            0.6110668182373047,
            0.0040531158447265625,
            0.0059604644775390625,
            0.0050067901611328125,
            53.58695983886719,
            0.04887580871582031,
            9.229183197021484,
            0.018835067749023438,
            0.010013580322265625,
            0.24509429931640625,
            0.0059604644775390625,
            0.09512901306152344,
            0.003814697265625,
            51.928043365478516,
            0.023126602172851562,
            7.730007171630859,
            0.08487701416015625,
            0.010013580322265625,
            0.9350776672363281,
            0.0040531158447265625,
            0.09298324584960938,
            0.003814697265625,
            30.514001846313477,
            0.025987625122070312,
            10.215044021606445,
            0.08511543273925781,
            0.10085105895996094,
            0.010013580322265625,
            0.02002716064453125
        ]
    }
}