{
    "(2886734945, 3741713926, 35610, 443, 'tcp', 0)": {
        "ts_list": [
            1645304593.664066,
            1645304593.66424,
            1645304593.664262,
            1645304593.69219,
            1645304593.692222,
            1645304593.692251,
            1645304593.692257,
            1645304593.692264,
            1645304593.692371,
            1645304593.692534,
            1645304593.692538,
            1645304593.693243,
            1645304593.693248,
            1645304593.693256,
            1645304593.69326,
            1645304593.760297,
            1645304593.954928,
            1645304593.954963,
            1645304593.982238,
            1645304593.982263,
            1645304593.982271,
            1645304593.982283,
            1645304593.983161,
            1645304593.983175,
            1645304593.983191,
            1645304593.983195,
            1645304594.093301,
            1645304594.093342,
            1645304594.121178,
            1645304594.121253
        ],
        "ps_list": [
            158,
            184,
            225,
            66,
            121,
            66,
            110,
            66,
            97,
            101,
            66,
            191,
            66,
            260,
            66,
            66,
            121,
            225,
            66,
            66,
            101,
            66,
            122,
            66,
            255,
            66,
            121,
            225,
            66,
            101
        ],
        "direction_list": [
            0,
            0,
            0,
            1,
            1,
            0,
            1,
            0,
            0,
            1,
            0,
            1,
            0,
            1,
            0,
            1,
            0,
            0,
            1,
            1,
            1,
            0,
            1,
            0,
            1,
            0,
            0,
            0,
            1,
            1
        ],
        "piat_list": [
            0.25010108947753906,
            0.17380714416503906,
            0.022172927856445312,
            27.927875518798828,
            0.03218650817871094,
            0.028848648071289062,
            0.0059604644775390625,
            0.007152557373046875,
            0.1068115234375,
            0.16307830810546875,
            0.0040531158447265625,
            0.7050037384033203,
            0.0050067901611328125,
            0.007867813110351562,
            0.0040531158447265625,
            67.03710556030273,
            194.63086128234863,
            0.03504753112792969,
            27.27508544921875,
            0.025033950805664062,
            0.007867813110351562,
            0.012159347534179688,
            0.8778572082519531,
            0.014066696166992188,
            0.015974044799804688,
            0.0040531158447265625,
            110.10599136352539,
            0.04100799560546875,
            27.835845947265625,
            0.07510185241699219
        ]
    }
}