{
    "(2886734945, 3741713926, 35726, 443, 'tcp', 0)": {
        "ts_list": [
            1645304788.905335,
            1645304788.905513,
            1645304788.905532,
            1645304788.932003,
            1645304788.932034,
            1645304788.932047,
            1645304788.932059,
            1645304788.932064,
            1645304788.93207,
            1645304788.932075,
            1645304788.932178,
            1645304788.932953,
            1645304788.93296,
            1645304788.933055,
            1645304788.93306,
            1645304788.998977,
            1645304789.188859,
            1645304789.188892,
            1645304789.215985,
            1645304789.216012,
            1645304789.216171,
            1645304789.216186,
            1645304789.217241,
            1645304789.217245,
            1645304789.217251,
            1645304789.217255,
            1645304789.295453,
            1645304789.29548,
            1645304789.322056,
            1645304789.32208
        ],
        "ps_list": [
            158,
            184,
            225,
            66,
            121,
            66,
            110,
            66,
            101,
            66,
            97,
            190,
            66,
            260,
            66,
            66,
            121,
            225,
            66,
            66,
            101,
            66,
            144,
            66,
            255,
            66,
            121,
            225,
            66,
            101
        ],
        "direction_list": [
            0,
            0,
            0,
            1,
            1,
            0,
            1,
            0,
            1,
            0,
            0,
            1,
            0,
            1,
            0,
            1,
            0,
            0,
            1,
            1,
            1,
            0,
            1,
            0,
            1,
            0,
            0,
            0,
            1,
            1
        ],
        "piat_list": [
            0.2460479736328125,
            0.1780986785888672,
            0.018835067749023438,
            26.47113800048828,
            0.030994415283203125,
            0.012874603271484375,
            0.012159347534179688,
            0.0050067901611328125,
            0.0059604644775390625,
            0.0050067901611328125,
            0.102996826171875,
            0.7748603820800781,
            0.007152557373046875,
            0.09489059448242188,
            0.0050067901611328125,
            65.9170150756836,
            189.8820400238037,
            0.032901763916015625,
            27.093172073364258,
            0.026941299438476562,
            0.1590251922607422,
            0.015020370483398438,
            1.055002212524414,
            0.0040531158447265625,
            0.0059604644775390625,
            0.0040531158447265625,
            78.19795608520508,
            0.026941299438476562,
            26.57604217529297,
            0.02384185791015625
        ]
    }
}