{
    "(2886734945, 3741713926, 35950, 443, 'tcp', 0)": {
        "ts_list": [
            1645305105.018277,
            1645305105.018457,
            1645305105.018479,
            1645305105.044932,
            1645305105.044963,
            1645305105.044977,
            1645305105.044991,
            1645305105.044995,
            1645305105.045105,
            1645305105.045109,
            1645305105.045142,
            1645305105.05496,
            1645305105.054984,
            1645305105.054996,
            1645305105.055924,
            1645305105.055929,
            1645305105.056053,
            1645305105.056057,
            1645305105.110889,
            1645305105.281037,
            1645305105.281069,
            1645305105.307003,
            1645305105.307021,
            1645305105.307028,
            1645305105.307038,
            1645305105.307908,
            1645305105.307914,
            1645305105.307918,
            1645305105.307921,
            1645305105.386197,
            1645305105.386224,
            1645305105.412878,
            1645305105.412986,
            1645305105.412998,
            1645305105.414232,
            1645305105.414239,
            1645305105.414243,
            1645305105.414246
        ],
        "ps_list": [
            158,
            184,
            225,
            66,
            121,
            66,
            101,
            66,
            97,
            66,
            97,
            66,
            101,
            66,
            190,
            66,
            260,
            66,
            66,
            121,
            225,
            66,
            66,
            101,
            66,
            121,
            66,
            255,
            66,
            121,
            225,
            66,
            101,
            66,
            122,
            66,
            250,
            66
        ],
        "direction_list": [
            0,
            0,
            0,
            1,
            1,
            0,
            1,
            0,
            1,
            0,
            0,
            1,
            1,
            0,
            1,
            0,
            1,
            0,
            1,
            0,
            0,
            1,
            1,
            1,
            0,
            1,
            0,
            1,
            0,
            0,
            0,
            1,
            1,
            0,
            1,
            0,
            1,
            0
        ],
        "piat_list": [
            0.25081634521484375,
            0.1800060272216797,
            0.022172927856445312,
            26.45277976989746,
            0.030994415283203125,
            0.014066696166992188,
            0.014066696166992188,
            0.0040531158447265625,
            0.10991096496582031,
            0.0040531158447265625,
            0.032901763916015625,
            9.818077087402344,
            0.024080276489257812,
            0.011920928955078125,
            0.9279251098632812,
            0.0050067901611328125,
            0.1239776611328125,
            0.0040531158447265625,
            54.83198165893555,
            170.14813423156738,
            0.031948089599609375,
            25.93398094177246,
            0.017881393432617188,
            0.007152557373046875,
            0.010013580322265625,
            0.8699893951416016,
            0.0059604644775390625,
            0.0040531158447265625,
            0.00286102294921875,
            78.27615737915039,
            0.026941299438476562,
            26.65400505065918,
            0.10800361633300781,
            0.011920928955078125,
            1.2340545654296875,
            0.0069141387939453125,
            0.0040531158447265625,
            0.0030994415283203125
        ]
    }
}