{
    "(2886734945, 3741713926, 36034, 443, 'tcp', 0)": {
        "ts_list": [
            1645305216.589069,
            1645305216.589258,
            1645305216.58928,
            1645305216.620435,
            1645305216.62047,
            1645305216.620493,
            1645305216.620498,
            1645305216.620502,
            1645305216.620511,
            1645305216.620516,
            1645305216.620626,
            1645305216.621422,
            1645305216.621426,
            1645305216.62152,
            1645305216.621524,
            1645305216.692579,
            1645305216.840995,
            1645305216.841027,
            1645305216.872422,
            1645305216.87245,
            1645305216.87246,
            1645305216.872474,
            1645305216.873529,
            1645305216.873533,
            1645305216.873537,
            1645305216.87354,
            1645305216.946969,
            1645305216.946995,
            1645305216.978382,
            1645305216.978465,
            1645305216.978478,
            1645305216.979377,
            1645305216.979381,
            1645305216.979386,
            1645305216.979389
        ],
        "ps_list": [
            158,
            184,
            225,
            66,
            121,
            66,
            110,
            66,
            101,
            66,
            97,
            191,
            66,
            260,
            66,
            66,
            121,
            225,
            66,
            66,
            101,
            66,
            122,
            66,
            255,
            66,
            121,
            225,
            66,
            101,
            66,
            122,
            66,
            250,
            66
        ],
        "direction_list": [
            0,
            0,
            0,
            1,
            1,
            0,
            1,
            0,
            1,
            0,
            0,
            1,
            0,
            1,
            0,
            1,
            0,
            0,
            1,
            1,
            1,
            0,
            1,
            0,
            1,
            0,
            0,
            0,
            1,
            1,
            0,
            1,
            0,
            1,
            0
        ],
        "piat_list": [
            0.247955322265625,
            0.18906593322753906,
            0.02193450927734375,
            31.155109405517578,
            0.03504753112792969,
            0.02288818359375,
            0.0050067901611328125,
            0.0040531158447265625,
            0.009059906005859375,
            0.0050067901611328125,
            0.10991096496582031,
            0.7960796356201172,
            0.0040531158447265625,
            0.09393692016601562,
            0.0040531158447265625,
            71.05493545532227,
            148.41604232788086,
            0.031948089599609375,
            31.39495849609375,
            0.028133392333984375,
            0.009775161743164062,
            0.014066696166992188,
            1.055002212524414,
            0.0040531158447265625,
            0.0040531158447265625,
            0.00286102294921875,
            73.42910766601562,
            0.025987625122070312,
            31.3870906829834,
            0.08296966552734375,
            0.012874603271484375,
            0.8990764617919922,
            0.0040531158447265625,
            0.0050067901611328125,
            0.00286102294921875
        ]
    }
}