{
    "(2886734945, 3741648133, 44746, 443, 'tcp', 0)": {
        "ts_list": [
            1645302698.631492,
            1645302698.631668,
            1645302698.631692,
            1645302698.643071,
            1645302698.643093,
            1645302698.643108,
            1645302698.64312,
            1645302698.64313,
            1645302698.643132,
            1645302698.643138,
            1645302698.643143,
            1645302698.643148,
            1645302698.643217,
            1645302698.6442,
            1645302698.644224,
            1645302698.644232,
            1645302698.644242,
            1645302698.693128,
            1645302698.891456,
            1645302698.891492,
            1645302698.900017,
            1645302698.900039,
            1645302698.900202,
            1645302698.900215,
            1645302698.901095,
            1645302698.901109,
            1645302698.901121,
            1645302698.901125,
            1645302699.029856,
            1645302699.029886,
            1645302699.038105,
            1645302699.03819,
            1645302699.038201,
            1645302699.039022,
            1645302699.03903,
            1645302699.039037,
            1645302699.039041,
            1645302699.219718,
            1645302699.219734,
            1645302699.228115,
            1645302699.228275,
            1645302699.228284,
            1645302699.229114,
            1645302699.229118,
            1645302699.229122,
            1645302699.229126,
            1645302699.509047,
            1645302699.50907,
            1645302699.51444,
            1645302699.514465,
            1645302699.517157,
            1645302699.517178,
            1645302699.517187,
            1645302699.518037,
            1645302699.518046,
            1645302699.518132,
            1645302699.518138,
            1645302699.523111,
            1645302699.523121,
            1645302699.523128,
            1645302699.524065,
            1645302699.524069,
            1645302699.524071,
            1645302699.524074
        ],
        "ps_list": [
            158,
            184,
            225,
            66,
            121,
            66,
            101,
            66,
            97,
            66,
            101,
            66,
            97,
            190,
            66,
            260,
            66,
            66,
            121,
            225,
            66,
            66,
            101,
            66,
            121,
            66,
            255,
            66,
            121,
            225,
            66,
            101,
            66,
            143,
            66,
            251,
            66,
            121,
            225,
            66,
            101,
            66,
            108,
            66,
            295,
            66,
            121,
            225,
            121,
            225,
            66,
            101,
            66,
            121,
            66,
            297,
            66,
            66,
            101,
            66,
            104,
            66,
            255,
            66
        ],
        "direction_list": [
            0,
            0,
            0,
            1,
            1,
            0,
            1,
            0,
            1,
            0,
            1,
            0,
            0,
            1,
            0,
            1,
            0,
            1,
            0,
            0,
            1,
            1,
            1,
            0,
            1,
            0,
            1,
            0,
            0,
            0,
            1,
            1,
            0,
            1,
            0,
            1,
            0,
            0,
            0,
            1,
            1,
            0,
            1,
            0,
            1,
            0,
            0,
            0,
            0,
            0,
            1,
            1,
            0,
            1,
            0,
            1,
            0,
            1,
            1,
            0,
            1,
            0,
            1,
            0
        ],
        "piat_list": [
            0.21696090698242188,
            0.1761913299560547,
            0.02384185791015625,
            11.379003524780273,
            0.022172927856445312,
            0.014781951904296875,
            0.012159347534179688,
            0.010013580322265625,
            0.0019073486328125,
            0.0059604644775390625,
            0.0050067901611328125,
            0.0050067901611328125,
            0.06914138793945312,
            0.9829998016357422,
            0.02384185791015625,
            0.008106231689453125,
            0.010013580322265625,
            48.88606071472168,
            198.32777976989746,
            0.03600120544433594,
            8.52513313293457,
            0.02193450927734375,
            0.16307830810546875,
            0.012874603271484375,
            0.8800029754638672,
            0.014066696166992188,
            0.011920928955078125,
            0.0040531158447265625,
            128.73101234436035,
            0.030040740966796875,
            8.219003677368164,
            0.08487701416015625,
            0.011205673217773438,
            0.8208751678466797,
            0.008106231689453125,
            0.0069141387939453125,
            0.0040531158447265625,
            180.67693710327148,
            0.015974044799804688,
            8.381128311157227,
            0.15997886657714844,
            0.008821487426757812,
            0.8301734924316406,
            0.0040531158447265625,
            0.003814697265625,
            0.0040531158447265625,
            279.9210548400879,
            0.02288818359375,
            5.370140075683594,
            0.025033950805664062,
            2.691984176635742,
            0.0209808349609375,
            0.009059906005859375,
            0.8499622344970703,
            0.008821487426757812,
            0.08606910705566406,
            0.0059604644775390625,
            4.973173141479492,
            0.010013580322265625,
            0.0069141387939453125,
            0.9369850158691406,
            0.0040531158447265625,
            0.0019073486328125,
            0.0030994415283203125
        ]
    }
}