{
    "(2886734945, 3741648133, 46388, 443, 'tcp', 0)": {
        "ts_list": [
            1645314992.3386,
            1645314992.33878,
            1645314992.338803,
            1645314992.34781,
            1645314992.34783,
            1645314992.347847,
            1645314992.347857,
            1645314992.347862,
            1645314992.347927,
            1645314992.347992,
            1645314992.347996,
            1645314992.348818,
            1645314992.348829,
            1645314992.348958,
            1645314992.348966,
            1645314992.396999,
            1645314992.681928,
            1645314992.681966,
            1645314992.69077,
            1645314992.690787,
            1645314992.690976,
            1645314992.690984,
            1645314992.691858,
            1645314992.691862,
            1645314992.691955,
            1645314992.691959,
            1645314992.773865,
            1645314992.773893,
            1645314992.78285,
            1645314992.782948,
            1645314992.782959,
            1645314992.783864,
            1645314992.78387,
            1645314992.783958,
            1645314992.783963,
            1645314992.907706,
            1645314992.907744,
            1645314992.916889,
            1645314992.917027,
            1645314992.917037,
            1645314992.917852,
            1645314992.917856,
            1645314992.917946,
            1645314992.917951,
            1645314993.381874,
            1645314993.381904,
            1645314993.391859,
            1645314993.391939,
            1645314993.391949,
            1645314993.395749,
            1645314993.395753,
            1645314993.395846,
            1645314993.39585,
            1645314993.603734,
            1645314993.603762,
            1645314993.612786,
            1645314993.613034,
            1645314993.613042,
            1645314993.61693,
            1645314993.616935,
            1645314993.616941,
            1645314993.616944,
            1645314993.623347,
            1645314993.62337,
            1645314993.632955,
            1645314993.633049,
            1645314993.633057,
            1645314993.633094,
            1645314993.633149,
            1645314993.674791
        ],
        "ps_list": [
            158,
            184,
            225,
            66,
            121,
            66,
            110,
            66,
            97,
            101,
            66,
            190,
            66,
            260,
            66,
            66,
            121,
            225,
            66,
            66,
            101,
            66,
            122,
            66,
            255,
            66,
            121,
            225,
            66,
            101,
            66,
            121,
            66,
            537,
            66,
            121,
            225,
            66,
            101,
            66,
            121,
            66,
            253,
            66,
            121,
            225,
            66,
            101,
            66,
            143,
            66,
            297,
            66,
            121,
            225,
            66,
            101,
            66,
            122,
            66,
            332,
            66,
            121,
            225,
            66,
            101,
            122,
            66,
            272,
            66
        ],
        "direction_list": [
            0,
            0,
            0,
            1,
            1,
            0,
            1,
            0,
            0,
            1,
            0,
            1,
            0,
            1,
            0,
            1,
            0,
            0,
            1,
            1,
            1,
            0,
            1,
            0,
            1,
            0,
            0,
            0,
            1,
            1,
            0,
            1,
            0,
            1,
            0,
            0,
            0,
            1,
            1,
            0,
            1,
            0,
            1,
            0,
            0,
            0,
            1,
            1,
            0,
            1,
            0,
            1,
            0,
            0,
            0,
            1,
            1,
            0,
            1,
            0,
            1,
            0,
            0,
            0,
            1,
            1,
            1,
            0,
            1,
            0
        ],
        "piat_list": [
            0.24580955505371094,
            0.1800060272216797,
            0.023126602172851562,
            9.006977081298828,
            0.02002716064453125,
            0.016927719116210938,
            0.010013580322265625,
            0.0050067901611328125,
            0.06508827209472656,
            0.064849853515625,
            0.0040531158447265625,
            0.8220672607421875,
            0.010967254638671875,
            0.1289844512939453,
            0.007867813110351562,
            48.03299903869629,
            284.9290370941162,
            0.03814697265625,
            8.803844451904297,
            0.0171661376953125,
            0.1888275146484375,
            0.008106231689453125,
            0.8740425109863281,
            0.0040531158447265625,
            0.09298324584960938,
            0.003814697265625,
            81.90608024597168,
            0.028133392333984375,
            8.9569091796875,
            0.09799003601074219,
            0.010967254638671875,
            0.9050369262695312,
            0.0059604644775390625,
            0.08797645568847656,
            0.0050067901611328125,
            123.74305725097656,
            0.03790855407714844,
            9.145021438598633,
            0.1380443572998047,
            0.010013580322265625,
            0.8149147033691406,
            0.0040531158447265625,
            0.09012222290039062,
            0.0050067901611328125,
            463.92297744750977,
            0.029802322387695312,
            9.955167770385742,
            0.07987022399902344,
            0.010013580322265625,
            3.8001537322998047,
            0.003814697265625,
            0.09298324584960938,
            0.0040531158447265625,
            207.8840732574463,
            0.027894973754882812,
            9.02414321899414,
            0.247955322265625,
            0.008106231689453125,
            3.8878917694091797,
            0.0050067901611328125,
            0.0059604644775390625,
            0.0030994415283203125,
            6.4029693603515625,
            0.02288818359375,
            9.585142135620117,
            0.09393692016601562,
            0.008106231689453125,
            0.03695487976074219,
            0.054836273193359375,
            41.642189025878906
        ]
    }
}