{
    "(2886734945, 3741648133, 52116, 443, 'tcp', 0)": {
        "ts_list": [
            1645262053.236789,
            1645262053.236973,
            1645262053.23699,
            1645262053.244979,
            1645262053.244991,
            1645262053.245,
            1645262053.245006,
            1645262053.24501,
            1645262053.245171,
            1645262053.245174,
            1645262053.245964,
            1645262053.245968,
            1645262053.246063,
            1645262053.246066,
            1645262053.251894,
            1645262053.299957,
            1645262053.527106,
            1645262053.52714,
            1645262053.535043,
            1645262053.535063,
            1645262053.535126,
            1645262053.535136,
            1645262053.535974,
            1645262053.53598,
            1645262053.535985,
            1645262053.535988,
            1645262053.610298,
            1645262053.610324,
            1645262053.618995,
            1645262053.619012,
            1645262053.619023,
            1645262053.619952,
            1645262053.619963,
            1645262053.620044,
            1645262053.620048,
            1645262053.684468,
            1645262053.684495,
            1645262053.692982,
            1645262053.692998,
            1645262053.693009,
            1645262053.694033,
            1645262053.694037,
            1645262053.694039,
            1645262053.694043,
            1645262053.77096,
            1645262053.770985,
            1645262053.779039,
            1645262053.779147,
            1645262053.779155,
            1645262053.779968,
            1645262053.779973,
            1645262053.779995,
            1645262054.040381,
            1645262054.0404,
            1645262054.048953,
            1645262054.049041,
            1645262054.049049,
            1645262054.049153,
            1645262054.049157,
            1645262054.049163,
            1645262054.049166,
            1645262054.119152,
            1645262054.119175,
            1645262054.126955,
            1645262054.127048,
            1645262054.127057,
            1645262054.127989,
            1645262054.127994,
            1645262054.128,
            1645262054.128003
        ],
        "ps_list": [
            158,
            184,
            225,
            66,
            121,
            66,
            110,
            66,
            101,
            66,
            191,
            66,
            260,
            66,
            97,
            66,
            121,
            225,
            66,
            66,
            101,
            66,
            121,
            66,
            255,
            66,
            121,
            225,
            66,
            101,
            66,
            122,
            66,
            251,
            66,
            121,
            225,
            66,
            101,
            66,
            117,
            66,
            255,
            66,
            121,
            225,
            66,
            101,
            66,
            121,
            297,
            66,
            121,
            225,
            66,
            101,
            66,
            143,
            66,
            409,
            66,
            121,
            225,
            66,
            101,
            66,
            122,
            66,
            272,
            66
        ],
        "direction_list": [
            0,
            0,
            0,
            1,
            1,
            0,
            1,
            0,
            1,
            0,
            1,
            0,
            1,
            0,
            0,
            1,
            0,
            0,
            1,
            1,
            1,
            0,
            1,
            0,
            1,
            0,
            0,
            0,
            1,
            1,
            0,
            1,
            0,
            1,
            0,
            0,
            0,
            1,
            1,
            0,
            1,
            0,
            1,
            0,
            0,
            0,
            1,
            1,
            0,
            1,
            1,
            0,
            0,
            0,
            1,
            1,
            0,
            1,
            0,
            1,
            0,
            0,
            0,
            1,
            1,
            0,
            1,
            0,
            1,
            0
        ],
        "piat_list": [
            0.21600723266601562,
            0.18405914306640625,
            0.016927719116210938,
            7.988929748535156,
            0.012159347534179688,
            0.008821487426757812,
            0.006198883056640625,
            0.003814697265625,
            0.16117095947265625,
            0.00286102294921875,
            0.7901191711425781,
            0.0040531158447265625,
            0.09489059448242188,
            0.0030994415283203125,
            5.827903747558594,
            48.063039779663086,
            227.14900970458984,
            0.033855438232421875,
            7.903099060058594,
            0.02002716064453125,
            0.0629425048828125,
            0.010013580322265625,
            0.8380413055419922,
            0.0059604644775390625,
            0.0050067901611328125,
            0.0030994415283203125,
            74.3098258972168,
            0.025987625122070312,
            8.671045303344727,
            0.0171661376953125,
            0.010967254638671875,
            0.9288787841796875,
            0.010967254638671875,
            0.08106231689453125,
            0.0040531158447265625,
            64.41998481750488,
            0.026941299438476562,
            8.48698616027832,
            0.015974044799804688,
            0.010967254638671875,
            1.024007797241211,
            0.0040531158447265625,
            0.0021457672119140625,
            0.003814697265625,
            76.91717147827148,
            0.0247955322265625,
            8.054018020629883,
            0.10800361633300781,
            0.008106231689453125,
            0.8130073547363281,
            0.0050067901611328125,
            0.02193450927734375,
            260.38599014282227,
            0.019073486328125,
            8.553028106689453,
            0.08797645568847656,
            0.007867813110351562,
            0.10418891906738281,
            0.003814697265625,
            0.006198883056640625,
            0.00286102294921875,
            69.98610496520996,
            0.02288818359375,
            7.7800750732421875,
            0.09298324584960938,
            0.009059906005859375,
            0.9319782257080078,
            0.0050067901611328125,
            0.0059604644775390625,
            0.00286102294921875
        ]
    }
}