{
    "(2886734945, 3741713926, 37610, 443, 'tcp', 0)": {
        "ts_list": [
            1645604024.058811,
            1645604024.059005,
            1645604024.059025,
            1645604024.082909,
            1645604024.082956,
            1645604024.083134,
            1645604024.08314,
            1645604024.083234,
            1645604024.083238,
            1645604024.083336,
            1645604024.083343,
            1645604024.083344,
            1645604024.083348,
            1645604024.083434,
            1645604024.083438,
            1645604024.08841,
            1645604024.152483,
            1645604024.411514,
            1645604024.411549,
            1645604024.435624,
            1645604024.435692,
            1645604024.435793,
            1645604024.435804,
            1645604024.435817,
            1645604024.435821,
            1645604024.435828,
            1645604024.435831,
            1645604024.533301,
            1645604024.533328,
            1645604024.557561,
            1645604024.557585,
            1645604024.557596,
            1645604024.557601,
            1645604024.557604,
            1645604024.557608,
            1645604024.557611,
            1645604024.623632,
            1645604024.623675,
            1645604024.624187,
            1645604024.624208,
            1645604024.640302,
            1645604024.640336,
            1645604024.647787,
            1645604024.647863,
            1645604024.647878,
            1645604024.647966,
            1645604024.64797,
            1645604024.647972,
            1645604024.648204,
            1645604024.648355,
            1645604024.648472,
            1645604024.648474,
            1645604024.65277,
            1645604024.664452,
            1645604024.664543,
            1645604024.664549,
            1645604024.664641,
            1645604024.665851,
            1645604024.748801,
            1645604024.748836,
            1645604024.772951,
            1645604024.77304,
            1645604024.773138,
            1645604024.77314,
            1645604024.77555
        ],
        "ps_list": [
            164,
            184,
            225,
            121,
            66,
            101,
            66,
            97,
            66,
            101,
            66,
            190,
            66,
            260,
            66,
            97,
            66,
            121,
            225,
            66,
            66,
            101,
            66,
            121,
            66,
            255,
            66,
            121,
            225,
            66,
            101,
            66,
            120,
            66,
            502,
            66,
            121,
            225,
            121,
            225,
            121,
            225,
            66,
            101,
            66,
            122,
            66,
            291,
            66,
            101,
            108,
            352,
            66,
            66,
            101,
            120,
            345,
            66,
            121,
            225,
            66,
            101,
            118,
            345,
            66
        ],
        "direction_list": [
            0,
            0,
            0,
            1,
            0,
            1,
            0,
            1,
            0,
            1,
            0,
            1,
            0,
            1,
            0,
            0,
            1,
            0,
            0,
            1,
            1,
            1,
            0,
            1,
            0,
            1,
            0,
            0,
            0,
            1,
            1,
            0,
            1,
            0,
            1,
            0,
            0,
            0,
            0,
            0,
            0,
            0,
            1,
            1,
            0,
            1,
            0,
            1,
            1,
            1,
            1,
            1,
            0,
            1,
            1,
            1,
            1,
            0,
            0,
            0,
            1,
            1,
            1,
            1,
            0
        ],
        "piat_list": [
            0.29087066650390625,
            0.19407272338867188,
            0.02002716064453125,
            23.884057998657227,
            0.04696846008300781,
            0.17786026000976562,
            0.0059604644775390625,
            0.09417533874511719,
            0.003814697265625,
            0.09822845458984375,
            0.0069141387939453125,
            0.00095367431640625,
            0.0040531158447265625,
            0.08606910705566406,
            0.003814697265625,
            4.971981048583984,
            64.07308578491211,
            259.0310573577881,
            0.03504753112792969,
            24.074792861938477,
            0.06818771362304688,
            0.10085105895996094,
            0.010967254638671875,
            0.013113021850585938,
            0.0040531158447265625,
            0.0069141387939453125,
            0.0030994415283203125,
            97.47004508972168,
            0.026941299438476562,
            24.232864379882812,
            0.024080276489257812,
            0.010967254638671875,
            0.0050067901611328125,
            0.0030994415283203125,
            0.003814697265625,
            0.0030994415283203125,
            66.02096557617188,
            0.04315376281738281,
            0.5118846893310547,
            0.0209808349609375,
            16.093969345092773,
            0.03409385681152344,
            7.451057434082031,
            0.07581710815429688,
            0.015020370483398438,
            0.08797645568847656,
            0.0040531158447265625,
            0.0021457672119140625,
            0.2319812774658203,
            0.15091896057128906,
            0.11706352233886719,
            0.0019073486328125,
            4.296064376831055,
            11.68203353881836,
            0.09083747863769531,
            0.006198883056640625,
            0.09179115295410156,
            1.2102127075195312,
            82.94987678527832,
            0.03504753112792969,
            24.11484718322754,
            0.08916854858398438,
            0.09799003601074219,
            0.0019073486328125,
            2.4099349975585938
        ]
    }
}