{
    "(2886734945, 3741648133, 52962, 443, 'tcp', 0)": {
        "ts_list": [
            1645750941.80284,
            1645750941.803004,
            1645750941.803025,
            1645750941.81052,
            1645750941.81054,
            1645750941.810606,
            1645750941.810672,
            1645750941.810676,
            1645750941.810779,
            1645750941.810783,
            1645750941.810788,
            1645750941.810873,
            1645750941.810876,
            1645750941.810881,
            1645750941.810884,
            1645750941.810973,
            1645750941.810976,
            1645750941.85756,
            1645750942.170496,
            1645750942.17053,
            1645750942.178283,
            1645750942.178302,
            1645750942.178365,
            1645750942.178376,
            1645750942.178467,
            1645750942.178471,
            1645750942.178476,
            1645750942.178479,
            1645750942.276068,
            1645750942.276094,
            1645750942.277455,
            1645750942.277477,
            1645750942.283749,
            1645750942.283838,
            1645750942.283848,
            1645750942.28394,
            1645750942.283944,
            1645750942.284039,
            1645750942.284043,
            1645750942.285163,
            1645750942.285234,
            1645750942.285239,
            1645750942.285245,
            1645750942.285249,
            1645750942.285335,
            1645750942.285338,
            1645750943.090734,
            1645750943.090774,
            1645750943.098403,
            1645750943.098496,
            1645750943.098508,
            1645750943.098593,
            1645750943.098599,
            1645750943.098694,
            1645750943.098699,
            1645750943.148973,
            1645750943.148994,
            1645750943.151095,
            1645750943.151119,
            1645750943.156792,
            1645750943.156805,
            1645750943.156812,
            1645750943.156819,
            1645750943.156823,
            1645750943.156826,
            1645750943.156829,
            1645750943.158778,
            1645750943.158878,
            1645750943.158882,
            1645750943.158886,
            1645750943.158889,
            1645750943.158893,
            1645750943.158896
        ],
        "ps_list": [
            158,
            184,
            225,
            121,
            66,
            97,
            101,
            66,
            97,
            66,
            66,
            101,
            66,
            190,
            66,
            260,
            66,
            66,
            121,
            225,
            66,
            66,
            101,
            66,
            145,
            66,
            255,
            66,
            121,
            225,
            121,
            225,
            66,
            101,
            66,
            119,
            66,
            248,
            66,
            66,
            101,
            66,
            108,
            66,
            252,
            66,
            121,
            225,
            66,
            101,
            66,
            144,
            66,
            366,
            66,
            121,
            225,
            121,
            225,
            66,
            101,
            66,
            121,
            66,
            344,
            66,
            66,
            101,
            66,
            121,
            66,
            254,
            66
        ],
        "direction_list": [
            0,
            0,
            0,
            1,
            0,
            0,
            1,
            0,
            1,
            0,
            1,
            1,
            0,
            1,
            0,
            1,
            0,
            1,
            0,
            0,
            1,
            1,
            1,
            0,
            1,
            0,
            1,
            0,
            0,
            0,
            0,
            0,
            1,
            1,
            0,
            1,
            0,
            1,
            0,
            1,
            1,
            0,
            1,
            0,
            1,
            0,
            0,
            0,
            1,
            1,
            0,
            1,
            0,
            1,
            0,
            0,
            0,
            0,
            0,
            1,
            1,
            0,
            1,
            0,
            1,
            0,
            1,
            1,
            0,
            1,
            0,
            1,
            0
        ],
        "piat_list": [
            0.3070831298828125,
            0.164031982421875,
            0.0209808349609375,
            7.494926452636719,
            0.02002716064453125,
            0.06604194641113281,
            0.06604194641113281,
            0.0040531158447265625,
            0.102996826171875,
            0.003814697265625,
            0.0050067901611328125,
            0.08511543273925781,
            0.00286102294921875,
            0.0050067901611328125,
            0.0030994415283203125,
            0.08893013000488281,
            0.0030994415283203125,
            46.58389091491699,
            312.93606758117676,
            0.03409385681152344,
            7.752895355224609,
            0.019073486328125,
            0.0629425048828125,
            0.010967254638671875,
            0.09107589721679688,
            0.0040531158447265625,
            0.0050067901611328125,
            0.00286102294921875,
            97.58901596069336,
            0.025987625122070312,
            1.3611316680908203,
            0.02193450927734375,
            6.272077560424805,
            0.08893013000488281,
            0.010013580322265625,
            0.09202957153320312,
            0.003814697265625,
            0.09512901306152344,
            0.0040531158447265625,
            1.119852066040039,
            0.07104873657226562,
            0.0050067901611328125,
            0.0059604644775390625,
            0.0040531158447265625,
            0.08606910705566406,
            0.00286102294921875,
            805.3960800170898,
            0.0400543212890625,
            7.628917694091797,
            0.09298324584960938,
            0.011920928955078125,
            0.08511543273925781,
            0.0059604644775390625,
            0.09512901306152344,
            0.0050067901611328125,
            50.273895263671875,
            0.0209808349609375,
            2.1009445190429688,
            0.024080276489257812,
            5.672931671142578,
            0.013113021850585938,
            0.0069141387939453125,
            0.007152557373046875,
            0.003814697265625,
            0.0030994415283203125,
            0.0030994415283203125,
            1.9488334655761719,
            0.10013580322265625,
            0.003814697265625,
            0.0040531158447265625,
            0.0030994415283203125,
            0.0040531158447265625,
            0.00286102294921875
        ]
    }
}