{
    "(2886734945, 3741648133, 49158, 443, 'tcp', 0)": {
        "ts_list": [
            1644785183.583817,
            1644785183.584019,
            1644785183.584048,
            1644785183.592838,
            1644785183.592873,
            1644785183.592883,
            1644785183.592917,
            1644785183.592923,
            1644785183.59299,
            1644785183.593022,
            1644785183.593028,
            1644785183.594915,
            1644785183.594927,
            1644785183.594941,
            1644785183.594946,
            1644785183.642052,
            1644785183.839284,
            1644785183.839316,
            1644785183.848808,
            1644785183.848834,
            1644785183.84899,
            1644785183.849,
            1644785183.849854,
            1644785183.849866,
            1644785183.849878,
            1644785183.849882,
            1644785183.960583,
            1644785183.960608,
            1644785183.96292,
            1644785183.962943,
            1644785183.969914,
            1644785183.970121,
            1644785183.970129,
            1644785183.971074,
            1644785183.971078,
            1644785183.971085,
            1644785183.97109,
            1644785183.972772,
            1644785183.972873,
            1644785183.972876,
            1644785183.973768,
            1644785183.973772,
            1644785183.973902,
            1644785183.973906,
            1644785184.213463,
            1644785184.213507,
            1644785184.2228,
            1644785184.222879,
            1644785184.222888,
            1644785184.223821,
            1644785184.223827,
            1644785184.223921,
            1644785184.223926,
            1644785184.484216,
            1644785184.484258,
            1644785184.493983,
            1644785184.494018,
            1644785184.494032,
            1644785184.494938,
            1644785184.494947,
            1644785184.494952,
            1644785184.494955,
            1644785186.50329,
            1644785186.503322,
            1644785186.512972,
            1644785186.513057,
            1644785186.513065,
            1644785186.5139,
            1644785186.513904,
            1644785186.51391,
            1644785186.513913
        ],
        "ps_list": [
            158,
            184,
            225,
            66,
            121,
            66,
            110,
            66,
            97,
            101,
            66,
            190,
            66,
            260,
            66,
            66,
            121,
            225,
            66,
            66,
            101,
            66,
            120,
            66,
            255,
            66,
            121,
            225,
            121,
            225,
            66,
            101,
            66,
            122,
            66,
            250,
            66,
            66,
            101,
            66,
            122,
            66,
            362,
            66,
            121,
            225,
            66,
            101,
            66,
            143,
            66,
            326,
            66,
            121,
            225,
            66,
            101,
            66,
            122,
            66,
            272,
            66,
            121,
            225,
            66,
            101,
            66,
            145,
            66,
            333,
            66
        ],
        "direction_list": [
            0,
            0,
            0,
            1,
            1,
            0,
            1,
            0,
            0,
            1,
            0,
            1,
            0,
            1,
            0,
            1,
            0,
            0,
            1,
            1,
            1,
            0,
            1,
            0,
            1,
            0,
            0,
            0,
            0,
            0,
            1,
            1,
            0,
            1,
            0,
            1,
            0,
            1,
            1,
            0,
            1,
            0,
            1,
            0,
            0,
            0,
            1,
            1,
            0,
            1,
            0,
            1,
            0,
            0,
            0,
            1,
            1,
            0,
            1,
            0,
            1,
            0,
            0,
            0,
            1,
            1,
            0,
            1,
            0,
            1,
            0
        ],
        "piat_list": [
            0.31304359436035156,
            0.20194053649902344,
            0.029087066650390625,
            8.790016174316406,
            0.03504753112792969,
            0.010013580322265625,
            0.033855438232421875,
            0.0059604644775390625,
            0.06699562072753906,
            0.03218650817871094,
            0.0059604644775390625,
            1.8868446350097656,
            0.012159347534179688,
            0.013828277587890625,
            0.0050067901611328125,
            47.106027603149414,
            197.23200798034668,
            0.031948089599609375,
            9.492158889770508,
            0.025987625122070312,
            0.15592575073242188,
            0.010013580322265625,
            0.8540153503417969,
            0.011920928955078125,
            0.012159347534179688,
            0.003814697265625,
            110.70108413696289,
            0.025033950805664062,
            2.3119449615478516,
            0.023126602172851562,
            6.970882415771484,
            0.20694732666015625,
            0.008106231689453125,
            0.9450912475585938,
            0.003814697265625,
            0.007152557373046875,
            0.0050067901611328125,
            1.6818046569824219,
            0.1010894775390625,
            0.0030994415283203125,
            0.8919239044189453,
            0.0040531158447265625,
            0.12993812561035156,
            0.0040531158447265625,
            239.55702781677246,
            0.0438690185546875,
            9.293079376220703,
            0.07891654968261719,
            0.009059906005859375,
            0.9329319000244141,
            0.0059604644775390625,
            0.09417533874511719,
            0.0050067901611328125,
            260.28990745544434,
            0.041961669921875,
            9.725093841552734,
            0.03504753112792969,
            0.013828277587890625,
            0.9059906005859375,
            0.009059906005859375,
            0.0050067901611328125,
            0.0030994415283203125,
            2008.3348751068115,
            0.031948089599609375,
            9.650230407714844,
            0.08487701416015625,
            0.008106231689453125,
            0.8349418640136719,
            0.0040531158447265625,
            0.0059604644775390625,
            0.00286102294921875
        ]
    }
}