{
    "(2886734945, 3741648133, 51400, 443, 'tcp', 0)": {
        "ts_list": [
            1645260686.19561,
            1645260686.195781,
            1645260686.195805,
            1645260686.204883,
            1645260686.204973,
            1645260686.204991,
            1645260686.204998,
            1645260686.205002,
            1645260686.205048,
            1645260686.205074,
            1645260686.205078,
            1645260686.205935,
            1645260686.20594,
            1645260686.206033,
            1645260686.206037,
            1645260686.253895,
            1645260686.502052,
            1645260686.502089,
            1645260686.510922,
            1645260686.510944,
            1645260686.5111,
            1645260686.511111,
            1645260686.5119,
            1645260686.511905,
            1645260686.512014,
            1645260686.512018,
            1645260686.605821,
            1645260686.605851,
            1645260686.614963,
            1645260686.615062,
            1645260686.615073,
            1645260686.615912,
            1645260686.615917,
            1645260686.616058,
            1645260686.616063
        ],
        "ps_list": [
            164,
            184,
            225,
            66,
            121,
            66,
            110,
            66,
            97,
            101,
            66,
            191,
            66,
            260,
            66,
            66,
            121,
            225,
            66,
            66,
            101,
            66,
            121,
            66,
            255,
            66,
            121,
            225,
            66,
            101,
            66,
            121,
            66,
            1012,
            66
        ],
        "direction_list": [
            0,
            0,
            0,
            1,
            1,
            0,
            1,
            0,
            0,
            1,
            0,
            1,
            0,
            1,
            0,
            1,
            0,
            0,
            1,
            1,
            1,
            0,
            1,
            0,
            1,
            0,
            0,
            0,
            1,
            1,
            0,
            1,
            0,
            1,
            0
        ],
        "piat_list": [
            0.2391338348388672,
            0.1709461212158203,
            0.024080276489257812,
            9.078025817871094,
            0.08988380432128906,
            0.01811981201171875,
            0.0069141387939453125,
            0.0040531158447265625,
            0.04601478576660156,
            0.025987625122070312,
            0.003814697265625,
            0.8571147918701172,
            0.0050067901611328125,
            0.09298324584960938,
            0.0040531158447265625,
            47.85799980163574,
            248.15702438354492,
            0.03695487976074219,
            8.832931518554688,
            0.02193450927734375,
            0.15616416931152344,
            0.010967254638671875,
            0.7889270782470703,
            0.0050067901611328125,
            0.10895729064941406,
            0.0040531158447265625,
            93.80292892456055,
            0.030040740966796875,
            9.112119674682617,
            0.09894371032714844,
            0.010967254638671875,
            0.8389949798583984,
            0.0050067901611328125,
            0.141143798828125,
            0.0050067901611328125
        ]
    }
}