{
    "(2886734945, 3741648133, 49962, 443, 'tcp', 0)": {
        "ts_list": [
            1645398009.430633,
            1645398009.430832,
            1645398009.430864,
            1645398009.439332,
            1645398009.439356,
            1645398009.439376,
            1645398009.439384,
            1645398009.439389,
            1645398009.439429,
            1645398009.439578,
            1645398009.439585,
            1645398009.440199,
            1645398009.440208,
            1645398009.440221,
            1645398009.440227,
            1645398009.488286,
            1645398009.807832,
            1645398009.807866,
            1645398009.816226,
            1645398009.816462,
            1645398009.816561,
            1645398009.816575,
            1645398009.817204,
            1645398009.817217,
            1645398009.81723,
            1645398009.817234,
            1645398009.931772,
            1645398009.931799,
            1645398009.933312,
            1645398009.933335,
            1645398009.940159,
            1645398009.94024,
            1645398009.940252,
            1645398009.9412,
            1645398009.941206,
            1645398009.941437,
            1645398009.941442,
            1645398009.942307,
            1645398009.942404,
            1645398009.942409,
            1645398009.943212,
            1645398009.943219,
            1645398009.943226,
            1645398009.94323,
            1645398010.027396,
            1645398010.027431,
            1645398010.036293,
            1645398010.036377,
            1645398010.036388,
            1645398010.037236,
            1645398010.037254,
            1645398010.037393,
            1645398010.071199,
            1645398010.071222,
            1645398010.08022,
            1645398010.080317,
            1645398010.081247,
            1645398010.081253,
            1645398010.0815,
            1645398010.206586,
            1645398010.206612,
            1645398010.215274,
            1645398010.215383,
            1645398010.216174,
            1645398010.216203,
            1645398010.216277,
            1645398010.2588
        ],
        "ps_list": [
            158,
            184,
            225,
            66,
            121,
            66,
            110,
            66,
            97,
            101,
            66,
            191,
            66,
            260,
            66,
            66,
            121,
            225,
            66,
            66,
            101,
            66,
            122,
            66,
            255,
            66,
            121,
            225,
            121,
            225,
            66,
            101,
            66,
            122,
            66,
            251,
            66,
            66,
            101,
            66,
            120,
            66,
            285,
            66,
            121,
            225,
            66,
            101,
            66,
            144,
            694,
            66,
            121,
            225,
            66,
            101,
            120,
            297,
            66,
            121,
            225,
            66,
            101,
            122,
            66,
            272,
            66
        ],
        "direction_list": [
            0,
            0,
            0,
            1,
            1,
            0,
            1,
            0,
            0,
            1,
            0,
            1,
            0,
            1,
            0,
            1,
            0,
            0,
            1,
            1,
            1,
            0,
            1,
            0,
            1,
            0,
            0,
            0,
            0,
            0,
            1,
            1,
            0,
            1,
            0,
            1,
            0,
            1,
            1,
            0,
            1,
            0,
            1,
            0,
            0,
            0,
            1,
            1,
            0,
            1,
            1,
            0,
            0,
            0,
            1,
            1,
            1,
            1,
            0,
            0,
            0,
            1,
            1,
            1,
            0,
            1,
            0
        ],
        "piat_list": [
            0.2281665802001953,
            0.19884109497070312,
            0.03218650817871094,
            8.467912673950195,
            0.024080276489257812,
            0.02002716064453125,
            0.007867813110351562,
            0.0050067901611328125,
            0.0400543212890625,
            0.14901161193847656,
            0.0069141387939453125,
            0.6139278411865234,
            0.009059906005859375,
            0.013113021850585938,
            0.0059604644775390625,
            48.05898666381836,
            319.5459842681885,
            0.03409385681152344,
            8.359909057617188,
            0.23603439331054688,
            0.09894371032714844,
            0.014066696166992188,
            0.6289482116699219,
            0.013113021850585938,
            0.012874603271484375,
            0.0040531158447265625,
            114.53795433044434,
            0.026941299438476562,
            1.5130043029785156,
            0.023126602172851562,
            6.824016571044922,
            0.08082389831542969,
            0.012159347534179688,
            0.9479522705078125,
            0.0059604644775390625,
            0.23102760314941406,
            0.0050067901611328125,
            0.8649826049804688,
            0.09703636169433594,
            0.0050067901611328125,
            0.8029937744140625,
            0.0069141387939453125,
            0.007152557373046875,
            0.003814697265625,
            84.16604995727539,
            0.03504753112792969,
            8.862018585205078,
            0.08392333984375,
            0.010967254638671875,
            0.8480548858642578,
            0.01811981201171875,
            0.13899803161621094,
            33.80584716796875,
            0.023126602172851562,
            8.997917175292969,
            0.09703636169433594,
            0.9300708770751953,
            0.0059604644775390625,
            0.24700164794921875,
            125.08583068847656,
            0.026226043701171875,
            8.661985397338867,
            0.10895729064941406,
            0.7908344268798828,
            0.029087066650390625,
            0.07390975952148438,
            42.52314567565918
        ]
    }
}