{
    "(2886734945, 3741648133, 36392, 443, 'tcp', 0)": {
        "ts_list": [
            1645044718.957308,
            1645044718.957541,
            1645044718.957585,
            1645044718.966142,
            1645044718.966164,
            1645044718.966173,
            1645044718.966187,
            1645044718.966193,
            1645044718.966325,
            1645044718.966332,
            1645044718.967095,
            1645044718.967113,
            1645044718.967202,
            1645044718.967209,
            1645044718.970027,
            1645044719.018149,
            1645044719.264429,
            1645044719.264471,
            1645044719.273108,
            1645044719.273189,
            1645044719.273196,
            1645044719.273207,
            1645044719.274166,
            1645044719.274174,
            1645044719.274184,
            1645044719.274189,
            1645044719.341244,
            1645044719.341275,
            1645044719.344608,
            1645044719.344634,
            1645044719.350164,
            1645044719.350253,
            1645044719.350263,
            1645044719.351339,
            1645044719.351352,
            1645044719.351362,
            1645044719.351367,
            1645044719.35309,
            1645044719.353186,
            1645044719.353192,
            1645044719.354116,
            1645044719.354129,
            1645044719.354196,
            1645044719.354201,
            1645044719.478578,
            1645044719.47861,
            1645044719.48716,
            1645044719.487262,
            1645044719.487273,
            1645044719.488071,
            1645044719.488118,
            1645044719.488178,
            1645044719.488223,
            1645044719.489662,
            1645044719.489685,
            1645044719.498196,
            1645044719.498209,
            1645044719.499084,
            1645044719.499125,
            1645044719.49918,
            1645044719.503307,
            1645044719.503333,
            1645044719.512194,
            1645044719.512285,
            1645044719.513162,
            1645044719.513176,
            1645044719.513201
        ],
        "ps_list": [
            158,
            184,
            225,
            66,
            121,
            66,
            110,
            66,
            101,
            66,
            191,
            66,
            260,
            66,
            97,
            66,
            121,
            225,
            66,
            66,
            101,
            66,
            144,
            66,
            255,
            66,
            121,
            225,
            121,
            225,
            66,
            101,
            66,
            122,
            66,
            250,
            66,
            66,
            101,
            66,
            120,
            66,
            254,
            66,
            121,
            225,
            66,
            101,
            66,
            121,
            66,
            462,
            66,
            121,
            225,
            66,
            101,
            121,
            66,
            257,
            121,
            225,
            66,
            101,
            121,
            272,
            66
        ],
        "direction_list": [
            0,
            0,
            0,
            1,
            1,
            0,
            1,
            0,
            1,
            0,
            1,
            0,
            1,
            0,
            0,
            1,
            0,
            0,
            1,
            1,
            1,
            0,
            1,
            0,
            1,
            0,
            0,
            0,
            0,
            0,
            1,
            1,
            0,
            1,
            0,
            1,
            0,
            1,
            1,
            0,
            1,
            0,
            1,
            0,
            0,
            0,
            1,
            1,
            0,
            1,
            0,
            1,
            0,
            0,
            0,
            1,
            1,
            1,
            0,
            1,
            0,
            0,
            1,
            1,
            1,
            1,
            0
        ],
        "piat_list": [
            0.3230571746826172,
            0.23293495178222656,
            0.04410743713378906,
            8.556842803955078,
            0.022172927856445312,
            0.008821487426757812,
            0.014066696166992188,
            0.0059604644775390625,
            0.13208389282226562,
            0.0069141387939453125,
            0.762939453125,
            0.01811981201171875,
            0.08893013000488281,
            0.007152557373046875,
            2.817869186401367,
            48.12192916870117,
            246.28019332885742,
            0.041961669921875,
            8.636951446533203,
            0.08106231689453125,
            0.0069141387939453125,
            0.010967254638671875,
            0.9591579437255859,
            0.007867813110351562,
            0.010013580322265625,
            0.0050067901611328125,
            67.05498695373535,
            0.030994415283203125,
            3.3330917358398438,
            0.025987625122070312,
            5.529880523681641,
            0.08916854858398438,
            0.010013580322265625,
            1.0759830474853516,
            0.012874603271484375,
            0.010013580322265625,
            0.0050067901611328125,
            1.7230510711669922,
            0.09584426879882812,
            0.006198883056640625,
            0.9238719940185547,
            0.013113021850585938,
            0.06699562072753906,
            0.0050067901611328125,
            124.37701225280762,
            0.031948089599609375,
            8.549928665161133,
            0.10204315185546875,
            0.010967254638671875,
            0.7979869842529297,
            0.04696846008300781,
            0.06008148193359375,
            0.04506111145019531,
            1.4388561248779297,
            0.023126602172851562,
            8.510828018188477,
            0.013113021850585938,
            0.8749961853027344,
            0.04100799560546875,
            0.05507469177246094,
            4.127025604248047,
            0.025987625122070312,
            8.86082649230957,
            0.09107589721679688,
            0.8769035339355469,
            0.014066696166992188,
            0.025033950805664062
        ]
    }
}