{
    "(2886734945, 3741713926, 47428, 443, 'tcp', 0)": {
        "ts_list": [
            1645045191.331079,
            1645045191.331247,
            1645045191.331274,
            1645045191.357662,
            1645045191.357695,
            1645045191.357708,
            1645045191.357721,
            1645045191.357729,
            1645045191.35784,
            1645045191.357864,
            1645045191.357876,
            1645045191.358615,
            1645045191.358621,
            1645045191.358769,
            1645045191.358775,
            1645045191.423599,
            1645045191.6051,
            1645045191.605138,
            1645045191.631695,
            1645045191.63172,
            1645045191.631723,
            1645045191.631738,
            1645045191.632618,
            1645045191.632624,
            1645045191.632721,
            1645045191.632726,
            1645045191.695298,
            1645045191.695329,
            1645045191.696857,
            1645045191.696887,
            1645045191.721566,
            1645045191.721648,
            1645045191.721664,
            1645045191.722906,
            1645045191.722914,
            1645045191.723011,
            1645045191.723015,
            1645045191.723627,
            1645045191.723727,
            1645045191.723732,
            1645045191.724691,
            1645045191.724699,
            1645045191.724703,
            1645045191.724707,
            1645045191.863119,
            1645045191.863154,
            1645045191.872604,
            1645045191.872629,
            1645045191.889687,
            1645045191.889702,
            1645045191.889788,
            1645045191.890674,
            1645045191.890713,
            1645045191.890779,
            1645045191.890842,
            1645045191.898587,
            1645045191.898713,
            1645045191.898807,
            1645045191.899588,
            1645045191.899634,
            1645045191.899686,
            1645045191.899718,
            1645045191.930183,
            1645045191.93021,
            1645045191.95664,
            1645045191.956666,
            1645045191.957626,
            1645045191.957635,
            1645045191.957672
        ],
        "ps_list": [
            158,
            184,
            225,
            66,
            121,
            66,
            110,
            66,
            101,
            97,
            66,
            191,
            66,
            260,
            66,
            66,
            121,
            225,
            66,
            66,
            101,
            66,
            121,
            66,
            255,
            66,
            121,
            225,
            121,
            225,
            66,
            101,
            66,
            122,
            66,
            250,
            66,
            66,
            101,
            66,
            121,
            66,
            254,
            66,
            121,
            225,
            121,
            225,
            66,
            101,
            66,
            121,
            66,
            530,
            66,
            66,
            101,
            66,
            121,
            66,
            257,
            66,
            121,
            225,
            66,
            101,
            122,
            272,
            66
        ],
        "direction_list": [
            0,
            0,
            0,
            1,
            1,
            0,
            1,
            0,
            1,
            0,
            0,
            1,
            0,
            1,
            0,
            1,
            0,
            0,
            1,
            1,
            1,
            0,
            1,
            0,
            1,
            0,
            0,
            0,
            0,
            0,
            1,
            1,
            0,
            1,
            0,
            1,
            0,
            1,
            1,
            0,
            1,
            0,
            1,
            0,
            0,
            0,
            0,
            0,
            1,
            1,
            0,
            1,
            0,
            1,
            0,
            1,
            1,
            0,
            1,
            0,
            1,
            0,
            0,
            0,
            1,
            1,
            1,
            1,
            0
        ],
        "piat_list": [
            0.26106834411621094,
            0.16808509826660156,
            0.026941299438476562,
            26.387929916381836,
            0.03314018249511719,
            0.012874603271484375,
            0.013113021850585938,
            0.007867813110351562,
            0.11110305786132812,
            0.02384185791015625,
            0.012159347534179688,
            0.7388591766357422,
            0.0059604644775390625,
            0.1480579376220703,
            0.0059604644775390625,
            64.82410430908203,
            181.50091171264648,
            0.03814697265625,
            26.556968688964844,
            0.025033950805664062,
            0.00286102294921875,
            0.015020370483398438,
            0.8800029754638672,
            0.0059604644775390625,
            0.09703636169433594,
            0.0050067901611328125,
            62.57200241088867,
            0.030994415283203125,
            1.528024673461914,
            0.030040740966796875,
            24.678945541381836,
            0.0820159912109375,
            0.015974044799804688,
            1.2421607971191406,
            0.007867813110351562,
            0.09703636169433594,
            0.0040531158447265625,
            0.6120204925537109,
            0.09989738464355469,
            0.0050067901611328125,
            0.9589195251464844,
            0.008106231689453125,
            0.0040531158447265625,
            0.003814697265625,
            138.4119987487793,
            0.03504753112792969,
            9.449958801269531,
            0.025033950805664062,
            17.058134078979492,
            0.015020370483398438,
            0.0858306884765625,
            0.8862018585205078,
            0.03886222839355469,
            0.06604194641113281,
            0.0629425048828125,
            7.745027542114258,
            0.12612342834472656,
            0.09393692016601562,
            0.7810592651367188,
            0.0457763671875,
            0.05221366882324219,
            0.031948089599609375,
            30.464887619018555,
            0.027179718017578125,
            26.42989158630371,
            0.025987625122070312,
            0.9601116180419922,
            0.008821487426757812,
            0.03719329833984375
        ]
    }
}