{
    "(2886734945, 3741713926, 47514, 443, 'tcp', 0)": {
        "ts_list": [
            1645045305.065757,
            1645045305.065924,
            1645045305.065946,
            1645045305.097554,
            1645045305.097593,
            1645045305.097609,
            1645045305.097621,
            1645045305.097628,
            1645045305.09773,
            1645045305.097735,
            1645045305.097764,
            1645045305.098447,
            1645045305.098454,
            1645045305.098545,
            1645045305.098551,
            1645045305.169563,
            1645045305.294915,
            1645045305.294951,
            1645045305.326413,
            1645045305.326438,
            1645045305.326598,
            1645045305.326609,
            1645045305.327488,
            1645045305.327502,
            1645045305.327688,
            1645045305.327721,
            1645045305.425736,
            1645045305.425765,
            1645045305.427384,
            1645045305.427406,
            1645045305.457591,
            1645045305.457622,
            1645045305.457692,
            1645045305.458485,
            1645045305.458583,
            1645045305.458606,
            1645045305.458685,
            1645045305.458699,
            1645045305.459472,
            1645045305.459505,
            1645045305.459598,
            1645045305.45962,
            1645045305.604477,
            1645045305.604503,
            1645045305.61941,
            1645045305.619443,
            1645045305.635506,
            1645045305.635533,
            1645045305.635584,
            1645045305.636471,
            1645045305.6365,
            1645045305.636623,
            1645045305.636643,
            1645045305.650517,
            1645045305.650544,
            1645045305.650603,
            1645045305.651476,
            1645045305.651528,
            1645045305.651562,
            1645045305.651652,
            1645045305.680089,
            1645045305.68011,
            1645045305.711487,
            1645045305.711506,
            1645045305.712502,
            1645045305.712506,
            1645045305.712521
        ],
        "ps_list": [
            158,
            184,
            225,
            66,
            121,
            66,
            110,
            66,
            101,
            66,
            97,
            191,
            66,
            260,
            66,
            66,
            121,
            225,
            66,
            66,
            101,
            66,
            121,
            66,
            255,
            66,
            121,
            225,
            121,
            225,
            66,
            101,
            66,
            66,
            122,
            66,
            263,
            66,
            121,
            66,
            254,
            66,
            121,
            225,
            121,
            225,
            66,
            101,
            66,
            121,
            66,
            530,
            66,
            66,
            101,
            66,
            121,
            66,
            257,
            66,
            121,
            225,
            66,
            101,
            121,
            272,
            66
        ],
        "direction_list": [
            0,
            0,
            0,
            1,
            1,
            0,
            1,
            0,
            1,
            0,
            0,
            1,
            0,
            1,
            0,
            1,
            0,
            0,
            1,
            1,
            1,
            0,
            1,
            0,
            1,
            0,
            0,
            0,
            0,
            0,
            1,
            1,
            0,
            1,
            1,
            0,
            1,
            0,
            1,
            0,
            1,
            0,
            0,
            0,
            0,
            0,
            1,
            1,
            0,
            1,
            0,
            1,
            0,
            1,
            1,
            0,
            1,
            0,
            1,
            0,
            0,
            0,
            1,
            1,
            1,
            1,
            0
        ],
        "piat_list": [
            0.2949237823486328,
            0.16689300537109375,
            0.022172927856445312,
            31.607866287231445,
            0.03910064697265625,
            0.015974044799804688,
            0.011920928955078125,
            0.007152557373046875,
            0.10180473327636719,
            0.0050067901611328125,
            0.029087066650390625,
            0.6830692291259766,
            0.0069141387939453125,
            0.09107589721679688,
            0.0059604644775390625,
            71.01202011108398,
            125.3519058227539,
            0.03600120544433594,
            31.46195411682129,
            0.025033950805664062,
            0.15997886657714844,
            0.010967254638671875,
            0.8790493011474609,
            0.014066696166992188,
            0.18596649169921875,
            0.03314018249511719,
            98.01483154296875,
            0.029087066650390625,
            1.6188621520996094,
            0.022172927856445312,
            30.18498420715332,
            0.030994415283203125,
            0.06985664367675781,
            0.7929801940917969,
            0.09822845458984375,
            0.02288818359375,
            0.07891654968261719,
            0.014066696166992188,
            0.7729530334472656,
            0.03314018249511719,
            0.09298324584960938,
            0.02193450927734375,
            144.85692977905273,
            0.025987625122070312,
            14.907121658325195,
            0.032901763916015625,
            16.06297492980957,
            0.027179718017578125,
            0.051021575927734375,
            0.8869171142578125,
            0.028848648071289062,
            0.12302398681640625,
            0.02002716064453125,
            13.874053955078125,
            0.026941299438476562,
            0.0591278076171875,
            0.8728504180908203,
            0.051975250244140625,
            0.03409385681152344,
            0.09012222290039062,
            28.436899185180664,
            0.0209808349609375,
            31.377077102661133,
            0.018835067749023438,
            0.9961128234863281,
            0.0040531158447265625,
            0.015020370483398438
        ]
    }
}