{
    "(2886734945, 3741713926, 55528, 443, 'tcp', 0)": {
        "ts_list": [
            1644942119.829082,
            1644942119.829254,
            1644942119.829277,
            1644942119.857847,
            1644942119.857877,
            1644942119.85789,
            1644942119.8579,
            1644942119.857904,
            1644942119.857911,
            1644942119.857914,
            1644942119.858076,
            1644942119.860124,
            1644942119.86013,
            1644942119.860137,
            1644942119.860141,
            1644942119.924891,
            1644942120.053046,
            1644942120.053083,
            1644942120.081823,
            1644942120.081852,
            1644942120.081855,
            1644942120.081868,
            1644942120.083809,
            1644942120.083815,
            1644942120.083825,
            1644942120.083851,
            1644942120.128107,
            1644942120.12815,
            1644942120.156791,
            1644942120.156828,
            1644942120.158959,
            1644942120.158978,
            1644942120.160351
        ],
        "ps_list": [
            158,
            184,
            225,
            66,
            121,
            66,
            110,
            66,
            101,
            66,
            97,
            190,
            66,
            260,
            66,
            66,
            121,
            225,
            66,
            66,
            101,
            66,
            145,
            66,
            255,
            66,
            121,
            225,
            66,
            101,
            121,
            249,
            66
        ],
        "direction_list": [
            0,
            0,
            0,
            1,
            1,
            0,
            1,
            0,
            1,
            0,
            0,
            1,
            0,
            1,
            0,
            1,
            0,
            0,
            1,
            1,
            1,
            0,
            1,
            0,
            1,
            0,
            0,
            0,
            1,
            1,
            1,
            1,
            0
        ],
        "piat_list": [
            0.2899169921875,
            0.17189979553222656,
            0.023126602172851562,
            28.569936752319336,
            0.030040740966796875,
            0.012874603271484375,
            0.010013580322265625,
            0.0040531158447265625,
            0.007152557373046875,
            0.00286102294921875,
            0.1621246337890625,
            2.048015594482422,
            0.0059604644775390625,
            0.0069141387939453125,
            0.0040531158447265625,
            64.74995613098145,
            128.15499305725098,
            0.03695487976074219,
            28.74016761779785,
            0.028848648071289062,
            0.0030994415283203125,
            0.012874603271484375,
            1.9409656524658203,
            0.006198883056640625,
            0.010013580322265625,
            0.025987625122070312,
            44.255971908569336,
            0.04291534423828125,
            28.6409854888916,
            0.03695487976074219,
            2.1309852600097656,
            0.019073486328125,
            1.3730525970458984
        ]
    }
}