{
    "(2886734945, 3741713926, 55558, 443, 'tcp', 0)": {
        "ts_list": [
            1644942236.164135,
            1644942236.164302,
            1644942236.164324,
            1644942236.191156,
            1644942236.191189,
            1644942236.1912,
            1644942236.191216,
            1644942236.19122,
            1644942236.192129,
            1644942236.192222,
            1644942236.192228,
            1644942236.19318,
            1644942236.193189,
            1644942236.193269,
            1644942236.193273,
            1644942236.194203,
            1644942236.261186,
            1644942236.423541,
            1644942236.423588,
            1644942236.451223,
            1644942236.451252,
            1644942236.451256,
            1644942236.451266,
            1644942236.452315,
            1644942236.452329,
            1644942236.452405,
            1644942236.452409,
            1644942236.535126,
            1644942236.535159,
            1644942236.562185,
            1644942236.562223,
            1644942236.562236,
            1644942236.563207,
            1644942236.563213,
            1644942236.563305,
            1644942236.563309
        ],
        "ps_list": [
            158,
            184,
            225,
            66,
            121,
            66,
            110,
            66,
            66,
            101,
            66,
            191,
            66,
            260,
            66,
            97,
            66,
            121,
            225,
            66,
            66,
            101,
            66,
            121,
            66,
            255,
            66,
            121,
            225,
            66,
            101,
            66,
            121,
            66,
            249,
            66
        ],
        "direction_list": [
            0,
            0,
            0,
            1,
            1,
            0,
            1,
            0,
            1,
            1,
            0,
            1,
            0,
            1,
            0,
            0,
            1,
            0,
            0,
            1,
            1,
            1,
            0,
            1,
            0,
            1,
            0,
            0,
            0,
            1,
            1,
            0,
            1,
            0,
            1,
            0
        ],
        "piat_list": [
            0.2899169921875,
            0.1671314239501953,
            0.02193450927734375,
            26.831865310668945,
            0.03314018249511719,
            0.010967254638671875,
            0.015974044799804688,
            0.0040531158447265625,
            0.9088516235351562,
            0.09322166442871094,
            0.0059604644775390625,
            0.9520053863525391,
            0.008821487426757812,
            0.080108642578125,
            0.0040531158447265625,
            0.9298324584960938,
            66.98298454284668,
            162.3551845550537,
            0.04696846008300781,
            27.634859085083008,
            0.029087066650390625,
            0.0040531158447265625,
            0.010013580322265625,
            1.049041748046875,
            0.013828277587890625,
            0.07605552673339844,
            0.0040531158447265625,
            82.7169418334961,
            0.03314018249511719,
            27.025938034057617,
            0.03790855407714844,
            0.013113021850585938,
            0.9708404541015625,
            0.006198883056640625,
            0.09179115295410156,
            0.0040531158447265625
        ]
    }
}