{
    "(2886734945, 3741713926, 40936, 443, 'tcp', 0)": {
        "ts_list": [
            1645706538.165136,
            1645706538.165294,
            1645706538.165557,
            1645706538.191196,
            1645706538.191234,
            1645706538.19169,
            1645706538.191699,
            1645706538.191862,
            1645706538.191868,
            1645706538.192277,
            1645706538.192284,
            1645706538.192745,
            1645706538.192748,
            1645706538.192764,
            1645706538.192856,
            1645706538.192865,
            1645706538.257608,
            1645706538.539286,
            1645706538.539329,
            1645706538.564476,
            1645706538.564558,
            1645706538.565021,
            1645706538.565034,
            1645706538.565044,
            1645706538.565048,
            1645706538.565219,
            1645706538.565223,
            1645706538.651973,
            1645706538.65201,
            1645706538.677172,
            1645706538.677249
        ],
        "ps_list": [
            158,
            184,
            225,
            121,
            66,
            101,
            66,
            97,
            66,
            101,
            66,
            191,
            97,
            66,
            260,
            66,
            66,
            121,
            225,
            66,
            66,
            101,
            66,
            122,
            66,
            255,
            66,
            121,
            225,
            66,
            101
        ],
        "direction_list": [
            0,
            0,
            0,
            1,
            0,
            1,
            0,
            1,
            0,
            1,
            0,
            1,
            0,
            0,
            1,
            0,
            1,
            0,
            0,
            1,
            1,
            1,
            0,
            1,
            0,
            1,
            0,
            0,
            0,
            1,
            1
        ],
        "piat_list": [
            0.2570152282714844,
            0.15783309936523438,
            0.26297569274902344,
            25.639057159423828,
            0.03814697265625,
            0.4558563232421875,
            0.009059906005859375,
            0.16307830810546875,
            0.0059604644775390625,
            0.4088878631591797,
            0.007152557373046875,
            0.4608631134033203,
            0.0030994415283203125,
            0.015974044799804688,
            0.09202957153320312,
            0.008821487426757812,
            64.7430419921875,
            281.6779613494873,
            0.04315376281738281,
            25.146961212158203,
            0.0820159912109375,
            0.4630088806152344,
            0.012874603271484375,
            0.010013580322265625,
            0.0040531158447265625,
            0.1709461212158203,
            0.0040531158447265625,
            86.75003051757812,
            0.03695487976074219,
            25.1619815826416,
            0.07700920104980469
        ]
    }
}