{
    "(2886734945, 3741713926, 41414, 443, 'tcp', 0)": {
        "ts_list": [
            1645707354.240565,
            1645707354.240727,
            1645707354.24075,
            1645707354.267882,
            1645707354.267916,
            1645707354.268031,
            1645707354.268065,
            1645707354.268071,
            1645707354.268075,
            1645707354.268078,
            1645707354.268163,
            1645707354.268287,
            1645707354.268291,
            1645707354.268295,
            1645707354.2683,
            1645707354.268302,
            1645707354.268305,
            1645707354.334674,
            1645707354.589518,
            1645707354.589557,
            1645707354.616881,
            1645707354.6169,
            1645707354.61696,
            1645707354.616973,
            1645707354.617064,
            1645707354.617069,
            1645707354.617071,
            1645707354.617074,
            1645707354.698816,
            1645707354.698842,
            1645707354.726209,
            1645707354.726299
        ],
        "ps_list": [
            158,
            184,
            225,
            121,
            66,
            97,
            101,
            66,
            97,
            66,
            66,
            101,
            66,
            191,
            66,
            260,
            66,
            66,
            121,
            225,
            66,
            66,
            101,
            66,
            121,
            66,
            255,
            66,
            121,
            225,
            66,
            101
        ],
        "direction_list": [
            0,
            0,
            0,
            1,
            0,
            0,
            1,
            0,
            1,
            0,
            1,
            1,
            0,
            1,
            0,
            1,
            0,
            1,
            0,
            0,
            1,
            1,
            1,
            0,
            1,
            0,
            1,
            0,
            0,
            0,
            1,
            1
        ],
        "piat_list": [
            0.26297569274902344,
            0.16188621520996094,
            0.023126602172851562,
            27.132034301757812,
            0.033855438232421875,
            0.11491775512695312,
            0.03409385681152344,
            0.0059604644775390625,
            0.0040531158447265625,
            0.0030994415283203125,
            0.08487701416015625,
            0.1239776611328125,
            0.0040531158447265625,
            0.0040531158447265625,
            0.0050067901611328125,
            0.0019073486328125,
            0.0030994415283203125,
            66.36881828308105,
            254.84418869018555,
            0.03886222839355469,
            27.32396125793457,
            0.019073486328125,
            0.06008148193359375,
            0.012874603271484375,
            0.09107589721679688,
            0.0050067901611328125,
            0.0019073486328125,
            0.0030994415283203125,
            81.7420482635498,
            0.025987625122070312,
            27.36687660217285,
            0.09012222290039062
        ]
    }
}