{
    "(2886734945, 3741713926, 43676, 443, 'tcp', 0)": {
        "ts_list": [
            1644711529.105794,
            1644711529.105976,
            1644711529.105994,
            1644711529.135006,
            1644711529.135067,
            1644711529.135083,
            1644711529.135096,
            1644711529.1351,
            1644711529.135213,
            1644711529.135323,
            1644711529.135326,
            1644711529.135784,
            1644711529.135789,
            1644711529.135794,
            1644711529.135798,
            1644711529.203786,
            1644711529.314461,
            1644711529.314505,
            1644711529.343603,
            1644711529.343627,
            1644711529.344903,
            1644711529.344914,
            1644711529.345645,
            1644711529.345651,
            1644711529.345868,
            1644711529.345904,
            1644711529.406262,
            1644711529.406297,
            1644711529.409317,
            1644711529.409346,
            1644711529.43573,
            1644711529.435762,
            1644711529.43585,
            1644711529.436885,
            1644711529.436898,
            1644711529.436954,
            1644711529.438701,
            1644711529.438799,
            1644711529.438842,
            1644711529.439651,
            1644711529.439689,
            1644711529.439748,
            1644711529.43979,
            1644711530.005865,
            1644711530.00589,
            1644711530.034792,
            1644711530.034898,
            1644711530.034903,
            1644711530.03568,
            1644711530.035684,
            1644711530.035688,
            1644711530.035691
        ],
        "ps_list": [
            158,
            184,
            225,
            66,
            121,
            66,
            110,
            66,
            97,
            101,
            66,
            190,
            66,
            260,
            66,
            66,
            121,
            225,
            66,
            66,
            101,
            66,
            122,
            66,
            255,
            66,
            121,
            225,
            121,
            225,
            66,
            101,
            66,
            122,
            273,
            66,
            66,
            101,
            66,
            121,
            66,
            415,
            66,
            121,
            225,
            66,
            101,
            66,
            143,
            66,
            497,
            66
        ],
        "direction_list": [
            0,
            0,
            0,
            1,
            1,
            0,
            1,
            0,
            0,
            1,
            0,
            1,
            0,
            1,
            0,
            1,
            0,
            0,
            1,
            1,
            1,
            0,
            1,
            0,
            1,
            0,
            0,
            0,
            0,
            0,
            1,
            1,
            0,
            1,
            1,
            0,
            1,
            1,
            0,
            1,
            0,
            1,
            0,
            0,
            0,
            1,
            1,
            0,
            1,
            0,
            1,
            0
        ],
        "piat_list": [
            0.2560615539550781,
            0.18215179443359375,
            0.017881393432617188,
            29.011964797973633,
            0.06103515625,
            0.015974044799804688,
            0.013113021850585938,
            0.003814697265625,
            0.11301040649414062,
            0.11014938354492188,
            0.00286102294921875,
            0.45800209045410156,
            0.0050067901611328125,
            0.0050067901611328125,
            0.0040531158447265625,
            67.98791885375977,
            110.67509651184082,
            0.04410743713378906,
            29.097795486450195,
            0.024080276489257812,
            1.2760162353515625,
            0.010967254638671875,
            0.7309913635253906,
            0.0059604644775390625,
            0.21719932556152344,
            0.03600120544433594,
            60.35780906677246,
            0.03504753112792969,
            3.020048141479492,
            0.029087066650390625,
            26.38387680053711,
            0.031948089599609375,
            0.08797645568847656,
            1.0352134704589844,
            0.012874603271484375,
            0.05602836608886719,
            1.7468929290771484,
            0.09799003601074219,
            0.04315376281738281,
            0.8089542388916016,
            0.03790855407714844,
            0.0591278076171875,
            0.041961669921875,
            566.0750865936279,
            0.0247955322265625,
            28.902053833007812,
            0.10609626770019531,
            0.0050067901611328125,
            0.7770061492919922,
            0.0040531158447265625,
            0.003814697265625,
            0.0030994415283203125
        ]
    }
}