{
    "(2886734945, 3741648133, 44532, 443, 'tcp', 0)": {
        "ts_list": [
            1645301965.956762,
            1645301965.956946,
            1645301965.956966,
            1645301965.966942,
            1645301965.966976,
            1645301965.966985,
            1645301965.966993,
            1645301965.966997,
            1645301965.967001,
            1645301965.967005,
            1645301965.967108,
            1645301965.967349,
            1645301965.967354,
            1645301965.968069,
            1645301965.968075,
            1645301965.96808,
            1645301965.968085,
            1645301966.015937,
            1645301966.262986,
            1645301966.263024,
            1645301966.274843,
            1645301966.274869,
            1645301966.275064,
            1645301966.275078,
            1645301966.276865,
            1645301966.276883,
            1645301966.276894,
            1645301966.276898,
            1645301966.398455,
            1645301966.398482,
            1645301966.407755,
            1645301966.407788,
            1645301966.410035,
            1645301966.410056,
            1645301966.410065,
            1645301966.410135,
            1645301966.41014,
            1645301966.41022,
            1645301966.410224,
            1645301966.418876,
            1645301966.418999,
            1645301966.419005,
            1645301966.419142,
            1645301966.419146,
            1645301966.419151,
            1645301966.419155
        ],
        "ps_list": [
            158,
            184,
            225,
            66,
            121,
            66,
            101,
            66,
            97,
            66,
            97,
            101,
            66,
            191,
            66,
            260,
            66,
            66,
            121,
            225,
            66,
            66,
            101,
            66,
            145,
            66,
            255,
            66,
            121,
            225,
            121,
            225,
            66,
            101,
            66,
            118,
            66,
            255,
            66,
            66,
            101,
            66,
            121,
            66,
            259,
            66
        ],
        "direction_list": [
            0,
            0,
            0,
            1,
            1,
            0,
            1,
            0,
            1,
            0,
            0,
            1,
            0,
            1,
            0,
            1,
            0,
            1,
            0,
            0,
            1,
            1,
            1,
            0,
            1,
            0,
            1,
            0,
            0,
            0,
            0,
            0,
            1,
            1,
            0,
            1,
            0,
            1,
            0,
            1,
            1,
            0,
            1,
            0,
            1,
            0
        ],
        "piat_list": [
            0.2560615539550781,
            0.1838207244873047,
            0.02002716064453125,
            9.97614860534668,
            0.033855438232421875,
            0.009059906005859375,
            0.008106231689453125,
            0.003814697265625,
            0.0040531158447265625,
            0.0040531158447265625,
            0.102996826171875,
            0.2410411834716797,
            0.0050067901611328125,
            0.7150173187255859,
            0.0059604644775390625,
            0.0050067901611328125,
            0.0050067901611328125,
            47.8520393371582,
            247.04885482788086,
            0.03814697265625,
            11.818885803222656,
            0.025987625122070312,
            0.19502639770507812,
            0.014066696166992188,
            1.786947250366211,
            0.017881393432617188,
            0.011205673217773438,
            0.003814697265625,
            121.55699729919434,
            0.027179718017578125,
            9.27281379699707,
            0.03314018249511719,
            2.246856689453125,
            0.021219253540039062,
            0.008821487426757812,
            0.07009506225585938,
            0.0050067901611328125,
            0.07987022399902344,
            0.0040531158447265625,
            8.651971817016602,
            0.12302398681640625,
            0.0059604644775390625,
            0.13709068298339844,
            0.0040531158447265625,
            0.0050067901611328125,
            0.003814697265625
        ]
    }
}