{
    "(2886734945, 3741713926, 50114, 443, 'tcp', 0)": {
        "ts_list": [
            1645554836.58681,
            1645554836.587012,
            1645554836.587034,
            1645554836.611394,
            1645554836.611425,
            1645554836.611438,
            1645554836.611451,
            1645554836.611455,
            1645554836.611468,
            1645554836.611472,
            1645554836.611478,
            1645554836.611481,
            1645554836.611619,
            1645554836.612392,
            1645554836.612397,
            1645554836.61249,
            1645554836.612496,
            1645554836.67646,
            1645554836.918997,
            1645554836.919036,
            1645554836.943387,
            1645554836.944279,
            1645554836.944394,
            1645554836.944405,
            1645554836.94529,
            1645554836.945295,
            1645554836.945391,
            1645554836.945396,
            1645554837.001046,
            1645554837.001078,
            1645554837.025397,
            1645554837.025473,
            1645554837.025484,
            1645554837.026354,
            1645554837.02636,
            1645554837.026453,
            1645554837.026458,
            1645554837.069967,
            1645554837.069998,
            1645554837.09442,
            1645554837.094525,
            1645554837.094539,
            1645554837.09536,
            1645554837.095369,
            1645554837.095456,
            1645554837.095461,
            1645554837.09779,
            1645554837.097823,
            1645554837.104393,
            1645554837.104432,
            1645554837.122347,
            1645554837.122483,
            1645554837.123362,
            1645554837.123401,
            1645554837.123461,
            1645554837.129367,
            1645554837.129395,
            1645554837.130342,
            1645554837.130442,
            1645554837.131025,
            1645554837.570265,
            1645554837.570297,
            1645554837.595405,
            1645554837.595432,
            1645554837.596333,
            1645554837.596384,
            1645554837.596433,
            1645554837.6428
        ],
        "ps_list": [
            158,
            184,
            225,
            66,
            121,
            66,
            101,
            66,
            97,
            66,
            101,
            66,
            97,
            191,
            66,
            260,
            66,
            66,
            121,
            225,
            66,
            66,
            101,
            66,
            121,
            66,
            255,
            66,
            121,
            225,
            66,
            101,
            66,
            143,
            66,
            416,
            66,
            121,
            225,
            66,
            101,
            66,
            120,
            66,
            328,
            66,
            121,
            225,
            121,
            225,
            66,
            101,
            121,
            66,
            344,
            66,
            101,
            107,
            297,
            66,
            121,
            225,
            66,
            101,
            108,
            66,
            332,
            66
        ],
        "direction_list": [
            0,
            0,
            0,
            1,
            1,
            0,
            1,
            0,
            1,
            0,
            1,
            0,
            0,
            1,
            0,
            1,
            0,
            1,
            0,
            0,
            1,
            1,
            1,
            0,
            1,
            0,
            1,
            0,
            0,
            0,
            1,
            1,
            0,
            1,
            0,
            1,
            0,
            0,
            0,
            1,
            1,
            0,
            1,
            0,
            1,
            0,
            0,
            0,
            0,
            0,
            1,
            1,
            1,
            0,
            1,
            1,
            1,
            1,
            1,
            0,
            0,
            0,
            1,
            1,
            1,
            0,
            1,
            0
        ],
        "piat_list": [
            0.3921985626220703,
            0.20194053649902344,
            0.02193450927734375,
            24.359941482543945,
            0.030994415283203125,
            0.013113021850585938,
            0.012874603271484375,
            0.0040531158447265625,
            0.013113021850585938,
            0.003814697265625,
            0.006198883056640625,
            0.00286102294921875,
            0.1380443572998047,
            0.7729530334472656,
            0.0050067901611328125,
            0.09298324584960938,
            0.0059604644775390625,
            63.964128494262695,
            242.5370216369629,
            0.03886222839355469,
            24.351119995117188,
            0.8919239044189453,
            0.11515617370605469,
            0.010967254638671875,
            0.885009765625,
            0.0050067901611328125,
            0.09584426879882812,
            0.0050067901611328125,
            55.64999580383301,
            0.031948089599609375,
            24.319171905517578,
            0.07605552673339844,
            0.010967254638671875,
            0.8699893951416016,
            0.0059604644775390625,
            0.09298324584960938,
            0.0050067901611328125,
            43.50900650024414,
            0.030994415283203125,
            24.42193031311035,
            0.10514259338378906,
            0.013828277587890625,
            0.8211135864257812,
            0.009059906005859375,
            0.08678436279296875,
            0.0050067901611328125,
            2.329111099243164,
            0.032901763916015625,
            6.570100784301758,
            0.03910064697265625,
            17.915010452270508,
            0.13589859008789062,
            0.8790493011474609,
            0.03886222839355469,
            0.06008148193359375,
            5.906105041503906,
            0.027894973754882812,
            0.9469985961914062,
            0.09989738464355469,
            0.5831718444824219,
            439.2399787902832,
            0.031948089599609375,
            25.10809898376465,
            0.026941299438476562,
            0.9009838104248047,
            0.051021575927734375,
            0.04887580871582031,
            46.36716842651367
        ]
    }
}