{
    "(2886734945, 3741648133, 52312, 443, 'tcp', 0)": {
        "ts_list": [
            1645609606.721234,
            1645609606.721519,
            1645609606.721556,
            1645609606.73002,
            1645609606.730062,
            1645609606.730181,
            1645609606.730187,
            1645609606.730187,
            1645609606.730197,
            1645609606.730203,
            1645609606.730406,
            1645609606.730562,
            1645609606.730572,
            1645609606.730662,
            1645609606.73067,
            1645609606.730683,
            1645609606.730689,
            1645609606.778597,
            1645609607.07096,
            1645609607.071004,
            1645609607.079777,
            1645609607.079811,
            1645609607.079964,
            1645609607.079981,
            1645609607.079993,
            1645609607.079999,
            1645609607.080001,
            1645609607.080006,
            1645609607.1567,
            1645609607.156738,
            1645609607.165587,
            1645609607.165662,
            1645609607.165677,
            1645609607.165691,
            1645609607.165696,
            1645609607.165766,
            1645609607.165773,
            1645609607.232155,
            1645609607.232188,
            1645609607.241086,
            1645609607.241172,
            1645609607.241185,
            1645609607.241274,
            1645609607.241278,
            1645609607.241373,
            1645609607.241377,
            1645609607.290078,
            1645609607.290114,
            1645609607.299054,
            1645609607.299124,
            1645609607.299135,
            1645609607.299226,
            1645609607.299232,
            1645609607.299256
        ],
        "ps_list": [
            158,
            184,
            225,
            121,
            66,
            101,
            97,
            97,
            66,
            66,
            66,
            101,
            66,
            189,
            66,
            260,
            66,
            66,
            121,
            225,
            66,
            66,
            101,
            66,
            144,
            66,
            255,
            66,
            121,
            225,
            66,
            101,
            66,
            122,
            66,
            285,
            66,
            121,
            225,
            66,
            101,
            66,
            122,
            66,
            293,
            66,
            121,
            225,
            66,
            101,
            66,
            122,
            345,
            66
        ],
        "direction_list": [
            0,
            0,
            0,
            1,
            0,
            1,
            0,
            1,
            0,
            0,
            1,
            1,
            0,
            1,
            0,
            1,
            0,
            1,
            0,
            0,
            1,
            1,
            1,
            0,
            1,
            0,
            1,
            0,
            0,
            0,
            1,
            1,
            0,
            1,
            0,
            1,
            0,
            0,
            0,
            1,
            1,
            0,
            1,
            0,
            1,
            0,
            0,
            0,
            1,
            1,
            0,
            1,
            1,
            0
        ],
        "piat_list": [
            0.41103363037109375,
            0.2849102020263672,
            0.03695487976074219,
            8.46409797668457,
            0.041961669921875,
            0.11897087097167969,
            0.0059604644775390625,
            0.0,
            0.010013580322265625,
            0.0059604644775390625,
            0.20313262939453125,
            0.15592575073242188,
            0.010013580322265625,
            0.09012222290039062,
            0.007867813110351562,
            0.013113021850585938,
            0.0059604644775390625,
            47.90806770324707,
            292.36292839050293,
            0.0438690185546875,
            8.773088455200195,
            0.03409385681152344,
            0.15282630920410156,
            0.0171661376953125,
            0.011920928955078125,
            0.0059604644775390625,
            0.0021457672119140625,
            0.00476837158203125,
            76.69401168823242,
            0.03814697265625,
            8.848905563354492,
            0.07510185241699219,
            0.015020370483398438,
            0.013828277587890625,
            0.0050067901611328125,
            0.07009506225585938,
            0.0069141387939453125,
            66.38216972351074,
            0.032901763916015625,
            8.898019790649414,
            0.08606910705566406,
            0.012874603271484375,
            0.08916854858398438,
            0.003814697265625,
            0.09512901306152344,
            0.0040531158447265625,
            48.700809478759766,
            0.03600120544433594,
            8.939981460571289,
            0.07009506225585938,
            0.010967254638671875,
            0.09107589721679688,
            0.0059604644775390625,
            0.024080276489257812
        ]
    }
}