{
    "(2886734945, 3741713926, 38096, 443, 'tcp', 0)": {
        "ts_list": [
            1645681645.448284,
            1645681645.47724,
            1645681645.477265,
            1645681645.477279,
            1645681645.477289,
            1645681645.477293,
            1645681645.477416,
            1645681645.477421,
            1645681645.477425,
            1645681645.477429,
            1645681645.477432,
            1645681645.477435,
            1645681645.477518,
            1645681645.477522,
            1645681645.547378,
            1645681645.796968,
            1645681645.797006,
            1645681645.825975,
            1645681645.825995,
            1645681645.826154,
            1645681645.826166,
            1645681645.826177,
            1645681645.826181,
            1645681645.826184,
            1645681645.826187,
            1645681645.91781,
            1645681645.917838,
            1645681645.94694,
            1645681645.947048
        ],
        "ps_list": [
            225,
            66,
            121,
            66,
            110,
            66,
            97,
            66,
            101,
            66,
            191,
            66,
            260,
            66,
            66,
            121,
            225,
            66,
            66,
            101,
            66,
            122,
            66,
            255,
            66,
            121,
            225,
            66,
            101
        ],
        "direction_list": [
            0,
            1,
            1,
            0,
            1,
            0,
            0,
            1,
            1,
            0,
            1,
            0,
            1,
            0,
            1,
            0,
            0,
            1,
            1,
            1,
            0,
            1,
            0,
            1,
            0,
            0,
            0,
            1,
            1
        ],
        "piat_list": [
            0.027894973754882812,
            28.956174850463867,
            0.0247955322265625,
            0.014066696166992188,
            0.010013580322265625,
            0.0040531158447265625,
            0.12302398681640625,
            0.0050067901611328125,
            0.0040531158447265625,
            0.003814697265625,
            0.0030994415283203125,
            0.0030994415283203125,
            0.08296966552734375,
            0.003814697265625,
            69.85616683959961,
            249.5899200439453,
            0.03790855407714844,
            28.96904945373535,
            0.02002716064453125,
            0.1590251922607422,
            0.011920928955078125,
            0.010967254638671875,
            0.0040531158447265625,
            0.0030994415283203125,
            0.00286102294921875,
            91.62306785583496,
            0.028133392333984375,
            29.101848602294922,
            0.10800361633300781
        ]
    }
}