{
    "(2886734945, 3741713926, 38362, 443, 'tcp', 0)": {
        "ts_list": [
            1645682056.325318,
            1645682056.325489,
            1645682056.325514,
            1645682056.351976,
            1645682056.352005,
            1645682056.352018,
            1645682056.352031,
            1645682056.352035,
            1645682056.352038,
            1645682056.352041,
            1645682056.352931,
            1645682056.352937,
            1645682056.353005,
            1645682056.353009,
            1645682056.357437,
            1645682056.423989,
            1645682056.645578,
            1645682056.645617,
            1645682056.672028,
            1645682056.672048,
            1645682056.672057,
            1645682056.672068,
            1645682056.672852,
            1645682056.672859,
            1645682056.673016,
            1645682056.673024,
            1645682056.770729,
            1645682056.770773,
            1645682056.797928,
            1645682056.797959
        ],
        "ps_list": [
            158,
            184,
            225,
            66,
            121,
            66,
            110,
            66,
            101,
            66,
            191,
            66,
            260,
            66,
            97,
            66,
            121,
            225,
            66,
            66,
            101,
            66,
            121,
            66,
            255,
            66,
            121,
            225,
            66,
            101
        ],
        "direction_list": [
            0,
            0,
            0,
            1,
            1,
            0,
            1,
            0,
            1,
            0,
            1,
            0,
            1,
            0,
            0,
            1,
            0,
            0,
            1,
            1,
            1,
            0,
            1,
            0,
            1,
            0,
            0,
            0,
            1,
            1
        ],
        "piat_list": [
            0.2830028533935547,
            0.1709461212158203,
            0.025033950805664062,
            26.46183967590332,
            0.029087066650390625,
            0.013113021850585938,
            0.012874603271484375,
            0.0040531158447265625,
            0.00286102294921875,
            0.0030994415283203125,
            0.8900165557861328,
            0.0059604644775390625,
            0.06794929504394531,
            0.0040531158447265625,
            4.427909851074219,
            66.55216217041016,
            221.5888500213623,
            0.03910064697265625,
            26.411056518554688,
            0.02002716064453125,
            0.008821487426757812,
            0.011205673217773438,
            0.7839202880859375,
            0.0069141387939453125,
            0.1571178436279297,
            0.007867813110351562,
            97.70512580871582,
            0.0438690185546875,
            27.155160903930664,
            0.030994415283203125
        ]
    }
}