{
    "(2886734945, 3741713926, 57576, 443, 'tcp', 0)": {
        "ts_list": [
            1644853195.683068,
            1644853195.683261,
            1644853195.683316,
            1644853195.71158,
            1644853195.711627,
            1644853195.711769,
            1644853195.7126,
            1644853195.712692,
            1644853195.712704,
            1644853195.712717,
            1644853195.712724,
            1644853195.712731,
            1644853195.71274,
            1644853195.713464,
            1644853195.713477,
            1644853195.713596,
            1644853195.713604,
            1644853195.780572,
            1644853195.943453,
            1644853195.943496,
            1644853195.972555,
            1644853195.972579,
            1644853195.972636,
            1644853195.972647,
            1644853195.973555,
            1644853195.973563,
            1644853195.973673,
            1644853195.973678,
            1644853196.048402,
            1644853196.048433,
            1644853196.049863,
            1644853196.049892,
            1644853196.0777,
            1644853196.077731,
            1644853196.077743,
            1644853196.07849,
            1644853196.078497,
            1644853196.078588,
            1644853196.078594,
            1644853196.078689,
            1644853196.078693,
            1644853196.079505,
            1644853196.07951,
            1644853196.079515,
            1644853196.079518,
            1644853197.125164,
            1644853197.125203,
            1644853197.153633,
            1644853197.15366,
            1644853197.153675,
            1644853197.154725,
            1644853197.15473,
            1644853197.154736,
            1644853197.154739,
            1644853197.23256,
            1644853197.232586,
            1644853197.261582,
            1644853197.261606,
            1644853197.261621,
            1644853197.262574,
            1644853197.262586,
            1644853197.2626,
            1644853197.262606,
            1644853197.316975,
            1644853197.317005,
            1644853197.345666,
            1644853197.34569,
            1644853197.3457,
            1644853197.346603,
            1644853197.346607,
            1644853197.346702,
            1644853197.346707
        ],
        "ps_list": [
            164,
            184,
            225,
            121,
            66,
            97,
            66,
            101,
            66,
            97,
            66,
            101,
            66,
            191,
            66,
            260,
            66,
            66,
            121,
            225,
            66,
            66,
            101,
            66,
            122,
            66,
            255,
            66,
            121,
            225,
            121,
            225,
            66,
            101,
            66,
            145,
            66,
            251,
            66,
            101,
            66,
            121,
            66,
            315,
            66,
            121,
            225,
            66,
            101,
            66,
            143,
            66,
            297,
            66,
            121,
            225,
            66,
            101,
            66,
            122,
            66,
            332,
            66,
            121,
            225,
            66,
            101,
            66,
            122,
            66,
            272,
            66
        ],
        "direction_list": [
            0,
            0,
            0,
            1,
            0,
            0,
            1,
            1,
            0,
            1,
            0,
            1,
            0,
            1,
            0,
            1,
            0,
            1,
            0,
            0,
            1,
            1,
            1,
            0,
            1,
            0,
            1,
            0,
            0,
            0,
            0,
            0,
            1,
            1,
            0,
            1,
            0,
            1,
            0,
            1,
            0,
            1,
            0,
            1,
            0,
            0,
            0,
            1,
            1,
            0,
            1,
            0,
            1,
            0,
            0,
            0,
            1,
            1,
            0,
            1,
            0,
            1,
            0,
            0,
            0,
            1,
            1,
            0,
            1,
            0,
            1,
            0
        ],
        "piat_list": [
            0.3230571746826172,
            0.19288063049316406,
            0.05507469177246094,
            28.26404571533203,
            0.04696846008300781,
            0.14209747314453125,
            0.8308887481689453,
            0.09202957153320312,
            0.011920928955078125,
            0.013113021850585938,
            0.0069141387939453125,
            0.0069141387939453125,
            0.009059906005859375,
            0.7240772247314453,
            0.012874603271484375,
            0.11920928955078125,
            0.007867813110351562,
            66.96796417236328,
            162.88113594055176,
            0.04291534423828125,
            29.05893325805664,
            0.024080276489257812,
            0.05698204040527344,
            0.010967254638671875,
            0.9081363677978516,
            0.007867813110351562,
            0.11014938354492188,
            0.0050067901611328125,
            74.72395896911621,
            0.030994415283203125,
            1.4300346374511719,
            0.028848648071289062,
            27.807950973510742,
            0.030994415283203125,
            0.012159347534179688,
            0.7469654083251953,
            0.0069141387939453125,
            0.09107589721679688,
            0.0059604644775390625,
            0.09512901306152344,
            0.003814697265625,
            0.8120536804199219,
            0.0050067901611328125,
            0.0050067901611328125,
            0.0030994415283203125,
            1045.6459522247314,
            0.03886222839355469,
            28.43022346496582,
            0.026941299438476562,
            0.015020370483398438,
            1.0499954223632812,
            0.0050067901611328125,
            0.0059604644775390625,
            0.00286102294921875,
            77.82101631164551,
            0.025987625122070312,
            28.995990753173828,
            0.024080276489257812,
            0.015020370483398438,
            0.9529590606689453,
            0.012159347534179688,
            0.013828277587890625,
            0.0059604644775390625,
            54.369211196899414,
            0.029802322387695312,
            28.661012649536133,
            0.024080276489257812,
            0.010013580322265625,
            0.9028911590576172,
            0.0040531158447265625,
            0.09512901306152344,
            0.0050067901611328125
        ]
    }
}