{
    "(2886734945, 3741713926, 57378, 443, 'tcp', 0)": {
        "ts_list": [
            1644852922.126123,
            1644852922.126317,
            1644852922.12634,
            1644852922.15191,
            1644852922.151946,
            1644852922.15196,
            1644852922.151971,
            1644852922.151976,
            1644852922.152086,
            1644852922.152091,
            1644852922.152129,
            1644852922.152906,
            1644852922.152913,
            1644852922.153012,
            1644852922.153018,
            1644852922.217985,
            1644852922.375957,
            1644852922.376004,
            1644852922.400973,
            1644852922.401944,
            1644852922.402043,
            1644852922.402058,
            1644852922.402959,
            1644852922.402965,
            1644852922.402973,
            1644852922.402979,
            1644852922.478452,
            1644852922.478493,
            1644852922.47993,
            1644852922.479957,
            1644852922.503967,
            1644852922.504004,
            1644852922.504018,
            1644852922.504947,
            1644852922.505048,
            1644852922.505053,
            1644852922.505061,
            1644852922.505064,
            1644852922.505068,
            1644852922.505072,
            1644852922.505925,
            1644852922.50593,
            1644852922.506025,
            1644852922.50603,
            1644852923.501838,
            1644852923.501886,
            1644852923.526954,
            1644852923.526983,
            1644852923.526994,
            1644852923.527945,
            1644852923.527958,
            1644852923.527962,
            1644852923.527967,
            1644852923.760904,
            1644852923.760952,
            1644852923.773028,
            1644852923.773061,
            1644852923.78596,
            1644852923.786037,
            1644852923.786052,
            1644852923.786994,
            1644852923.787001,
            1644852923.787092,
            1644852923.787099,
            1644852923.798986,
            1644852923.799402,
            1644852923.799414,
            1644852923.800161,
            1644852923.800166,
            1644852923.800261,
            1644852923.800267
        ],
        "ps_list": [
            158,
            184,
            225,
            66,
            121,
            66,
            110,
            66,
            101,
            66,
            97,
            191,
            66,
            260,
            66,
            66,
            121,
            225,
            66,
            66,
            101,
            66,
            121,
            66,
            255,
            66,
            121,
            225,
            121,
            225,
            66,
            101,
            66,
            66,
            101,
            66,
            122,
            66,
            251,
            66,
            107,
            66,
            315,
            66,
            121,
            225,
            66,
            101,
            66,
            143,
            66,
            297,
            66,
            121,
            225,
            121,
            225,
            66,
            101,
            66,
            122,
            66,
            272,
            66,
            66,
            101,
            66,
            122,
            66,
            332,
            66
        ],
        "direction_list": [
            0,
            0,
            0,
            1,
            1,
            0,
            1,
            0,
            1,
            0,
            0,
            1,
            0,
            1,
            0,
            1,
            0,
            0,
            1,
            1,
            1,
            0,
            1,
            0,
            1,
            0,
            0,
            0,
            0,
            0,
            1,
            1,
            0,
            1,
            1,
            0,
            1,
            0,
            1,
            0,
            1,
            0,
            1,
            0,
            0,
            0,
            1,
            1,
            0,
            1,
            0,
            1,
            0,
            0,
            0,
            0,
            0,
            1,
            1,
            0,
            1,
            0,
            1,
            0,
            1,
            1,
            0,
            1,
            0,
            1,
            0
        ],
        "piat_list": [
            0.2720355987548828,
            0.19407272338867188,
            0.02288818359375,
            25.570154190063477,
            0.03600120544433594,
            0.013828277587890625,
            0.011205673217773438,
            0.0050067901611328125,
            0.10991096496582031,
            0.0050067901611328125,
            0.03790855407714844,
            0.7770061492919922,
            0.007152557373046875,
            0.09894371032714844,
            0.0059604644775390625,
            64.96691703796387,
            157.9720973968506,
            0.04696846008300781,
            24.969100952148438,
            0.9708404541015625,
            0.09918212890625,
            0.014781951904296875,
            0.9012222290039062,
            0.0059604644775390625,
            0.007867813110351562,
            0.0059604644775390625,
            75.47307014465332,
            0.04100799560546875,
            1.4369487762451172,
            0.027179718017578125,
            24.00994300842285,
            0.03695487976074219,
            0.014066696166992188,
            0.9288787841796875,
            0.1010894775390625,
            0.0050067901611328125,
            0.007867813110351562,
            0.0030994415283203125,
            0.0040531158447265625,
            0.0040531158447265625,
            0.8528232574462891,
            0.0050067901611328125,
            0.09512901306152344,
            0.0050067901611328125,
            995.8078861236572,
            0.04792213439941406,
            25.068044662475586,
            0.029087066650390625,
            0.010967254638671875,
            0.9510517120361328,
            0.012874603271484375,
            0.0040531158447265625,
            0.0050067901611328125,
            232.93709754943848,
            0.04792213439941406,
            12.07590103149414,
            0.03314018249511719,
            12.898921966552734,
            0.07700920104980469,
            0.015020370483398438,
            0.9419918060302734,
            0.0069141387939453125,
            0.09107589721679688,
            0.0069141387939453125,
            11.887073516845703,
            0.41604042053222656,
            0.011920928955078125,
            0.7469654083251953,
            0.0050067901611328125,
            0.09512901306152344,
            0.0059604644775390625
        ]
    }
}