{
    "(2886734945, 3741713926, 57976, 443, 'tcp', 0)": {
        "ts_list": [
            1644853743.853072,
            1644853743.853244,
            1644853743.853266,
            1644853743.883672,
            1644853743.8837,
            1644853743.883711,
            1644853743.88372,
            1644853743.883724,
            1644853743.883727,
            1644853743.883731,
            1644853743.883834,
            1644853743.884519,
            1644853743.884527,
            1644853743.884615,
            1644853743.884619,
            1644853743.954607,
            1644853744.115502,
            1644853744.115544,
            1644853744.146475,
            1644853744.146501,
            1644853744.146648,
            1644853744.14666,
            1644853744.14752,
            1644853744.147527,
            1644853744.147618,
            1644853744.147623,
            1644853744.219346,
            1644853744.219377,
            1644853744.220891,
            1644853744.220913,
            1644853744.249596,
            1644853744.249671,
            1644853744.249686,
            1644853744.250579,
            1644853744.250595,
            1644853744.250672,
            1644853744.250677,
            1644853744.251543,
            1644853744.251638,
            1644853744.251645,
            1644853744.252542,
            1644853744.252552,
            1644853744.252635,
            1644853744.25264,
            1644853745.148146,
            1644853745.148179,
            1644853745.178535,
            1644853745.178565,
            1644853745.178576,
            1644853745.179494,
            1644853745.179499,
            1644853745.179591,
            1644853745.179595,
            1644853745.417359,
            1644853745.417392,
            1644853745.447534,
            1644853745.44762,
            1644853745.44763,
            1644853745.448562,
            1644853745.448567,
            1644853745.448572,
            1644853745.448577,
            1644853745.509291,
            1644853745.509317,
            1644853745.539522,
            1644853745.539607,
            1644853745.53962,
            1644853745.540634,
            1644853745.540644,
            1644853745.540728,
            1644853745.540732
        ],
        "ps_list": [
            158,
            184,
            225,
            66,
            121,
            66,
            110,
            66,
            101,
            66,
            97,
            191,
            66,
            260,
            66,
            66,
            121,
            225,
            66,
            66,
            101,
            66,
            145,
            66,
            255,
            66,
            121,
            225,
            121,
            225,
            66,
            101,
            66,
            122,
            66,
            251,
            66,
            66,
            101,
            66,
            107,
            66,
            315,
            66,
            121,
            225,
            66,
            101,
            66,
            144,
            66,
            297,
            66,
            121,
            225,
            66,
            101,
            66,
            122,
            66,
            332,
            66,
            121,
            225,
            66,
            101,
            66,
            120,
            66,
            272,
            66
        ],
        "direction_list": [
            0,
            0,
            0,
            1,
            1,
            0,
            1,
            0,
            1,
            0,
            0,
            1,
            0,
            1,
            0,
            1,
            0,
            0,
            1,
            1,
            1,
            0,
            1,
            0,
            1,
            0,
            0,
            0,
            0,
            0,
            1,
            1,
            0,
            1,
            0,
            1,
            0,
            1,
            1,
            0,
            1,
            0,
            1,
            0,
            0,
            0,
            1,
            1,
            0,
            1,
            0,
            1,
            0,
            0,
            0,
            1,
            1,
            0,
            1,
            0,
            1,
            0,
            0,
            0,
            1,
            1,
            0,
            1,
            0,
            1,
            0
        ],
        "piat_list": [
            0.2498626708984375,
            0.17213821411132812,
            0.02193450927734375,
            30.40599822998047,
            0.027894973754882812,
            0.011205673217773438,
            0.008821487426757812,
            0.0040531158447265625,
            0.0030994415283203125,
            0.003814697265625,
            0.102996826171875,
            0.6852149963378906,
            0.007867813110351562,
            0.08797645568847656,
            0.0040531158447265625,
            69.98801231384277,
            160.89510917663574,
            0.041961669921875,
            30.93099594116211,
            0.025987625122070312,
            0.1468658447265625,
            0.012159347534179688,
            0.8599758148193359,
            0.0069141387939453125,
            0.09107589721679688,
            0.0050067901611328125,
            71.72298431396484,
            0.030994415283203125,
            1.5139579772949219,
            0.02193450927734375,
            28.683185577392578,
            0.07486343383789062,
            0.015020370483398438,
            0.8931159973144531,
            0.015974044799804688,
            0.07700920104980469,
            0.0050067901611328125,
            0.865936279296875,
            0.09489059448242188,
            0.007152557373046875,
            0.8969306945800781,
            0.010013580322265625,
            0.08296966552734375,
            0.0050067901611328125,
            895.5059051513672,
            0.03314018249511719,
            30.35593032836914,
            0.030040740966796875,
            0.010967254638671875,
            0.9179115295410156,
            0.0050067901611328125,
            0.09202957153320312,
            0.0040531158447265625,
            237.7641201019287,
            0.032901763916015625,
            30.14206886291504,
            0.0858306884765625,
            0.010013580322265625,
            0.9319782257080078,
            0.0050067901611328125,
            0.0050067901611328125,
            0.0050067901611328125,
            60.714006423950195,
            0.025987625122070312,
            30.20501136779785,
            0.08511543273925781,
            0.012874603271484375,
            1.0139942169189453,
            0.010013580322265625,
            0.08416175842285156,
            0.003814697265625
        ]
    }
}