{
    "(2886734945, 3741648133, 55870, 443, 'tcp', 0)": {
        "ts_list": [
            1645192888.49548,
            1645192888.495702,
            1645192888.495736,
            1645192888.503454,
            1645192888.503542,
            1645192888.50355,
            1645192888.503559,
            1645192888.503563,
            1645192888.50364,
            1645192888.503643,
            1645192888.504481,
            1645192888.504486,
            1645192888.5046,
            1645192888.504605,
            1645192888.507247,
            1645192888.5653,
            1645192888.760207,
            1645192888.76024,
            1645192888.768896,
            1645192888.768916,
            1645192888.769209,
            1645192888.769221,
            1645192888.769594,
            1645192888.769598,
            1645192888.769693,
            1645192888.769697,
            1645192888.860463,
            1645192888.86049,
            1645192888.868487,
            1645192888.868628,
            1645192888.868637,
            1645192888.869588,
            1645192888.869594,
            1645192888.869685,
            1645192888.86969,
            1645192888.896129,
            1645192888.896153,
            1645192888.904453,
            1645192888.904529,
            1645192888.904538,
            1645192888.905466,
            1645192888.90547,
            1645192888.905565,
            1645192888.905568,
            1645192888.929214,
            1645192888.929239,
            1645192888.937674,
            1645192888.937795,
            1645192888.938539,
            1645192888.938563,
            1645192888.938641,
            1645192888.978786,
            1645192889.195968,
            1645192889.195997,
            1645192889.224545,
            1645192889.224562,
            1645192889.224569,
            1645192889.22575,
            1645192889.225762,
            1645192889.225768,
            1645192889.225773,
            1645192889.25754,
            1645192889.257559
        ],
        "ps_list": [
            158,
            184,
            225,
            66,
            121,
            66,
            110,
            66,
            101,
            66,
            190,
            66,
            260,
            66,
            97,
            66,
            121,
            225,
            66,
            66,
            101,
            66,
            121,
            66,
            255,
            66,
            121,
            225,
            66,
            101,
            66,
            121,
            66,
            533,
            66,
            121,
            225,
            66,
            101,
            66,
            120,
            66,
            264,
            66,
            121,
            225,
            66,
            101,
            119,
            66,
            297,
            66,
            121,
            225,
            66,
            101,
            66,
            144,
            66,
            272,
            66,
            272,
            78
        ],
        "direction_list": [
            0,
            0,
            0,
            1,
            1,
            0,
            1,
            0,
            1,
            0,
            1,
            0,
            1,
            0,
            0,
            1,
            0,
            0,
            1,
            1,
            1,
            0,
            1,
            0,
            1,
            0,
            0,
            0,
            1,
            1,
            0,
            1,
            0,
            1,
            0,
            0,
            0,
            1,
            1,
            0,
            1,
            0,
            1,
            0,
            0,
            0,
            1,
            1,
            1,
            0,
            1,
            0,
            0,
            0,
            1,
            1,
            0,
            1,
            0,
            1,
            0,
            1,
            0
        ],
        "piat_list": [
            0.3190040588378906,
            0.2219676971435547,
            0.033855438232421875,
            7.718086242675781,
            0.08797645568847656,
            0.008106231689453125,
            0.009059906005859375,
            0.003814697265625,
            0.07700920104980469,
            0.0030994415283203125,
            0.8380413055419922,
            0.0050067901611328125,
            0.11396408081054688,
            0.0050067901611328125,
            2.641916275024414,
            58.053016662597656,
            194.90694999694824,
            0.03314018249511719,
            8.656024932861328,
            0.019788742065429688,
            0.2930164337158203,
            0.012159347534179688,
            0.37288665771484375,
            0.0040531158447265625,
            0.09489059448242188,
            0.0040531158447265625,
            90.76595306396484,
            0.027179718017578125,
            7.996797561645508,
            0.141143798828125,
            0.009059906005859375,
            0.9508132934570312,
            0.006198883056640625,
            0.09083747863769531,
            0.0050067901611328125,
            26.43895149230957,
            0.024080276489257812,
            8.300065994262695,
            0.07605552673339844,
            0.008821487426757812,
            0.9281635284423828,
            0.003814697265625,
            0.09512901306152344,
            0.00286102294921875,
            23.646116256713867,
            0.025033950805664062,
            8.43501091003418,
            0.12087821960449219,
            0.7441043853759766,
            0.024080276489257812,
            0.07796287536621094,
            40.144920349121094,
            217.18192100524902,
            0.029087066650390625,
            28.548002243041992,
            0.016927719116210938,
            0.007152557373046875,
            1.180887222290039,
            0.011920928955078125,
            0.006198883056640625,
            0.0050067901611328125,
            31.766891479492188,
            0.019073486328125
        ]
    }
}