{
    "(2886734945, 3741648133, 59586, 443, 'tcp', 0)": {
        "ts_list": [
            1645282072.281217,
            1645282072.28146,
            1645282072.281504,
            1645282072.289933,
            1645282072.290024,
            1645282072.290032,
            1645282072.290039,
            1645282072.290043,
            1645282072.290132,
            1645282072.290136,
            1645282072.290968,
            1645282072.290973,
            1645282072.29107,
            1645282072.291074,
            1645282072.291986,
            1645282072.34094,
            1645282072.579401,
            1645282072.579437,
            1645282072.5879,
            1645282072.587918,
            1645282072.587979,
            1645282072.587988,
            1645282072.58901,
            1645282072.589024,
            1645282072.589041,
            1645282072.589045,
            1645282072.665207,
            1645282072.665234,
            1645282072.674081,
            1645282072.674162,
            1645282072.674178,
            1645282072.674973,
            1645282072.674985,
            1645282072.675069,
            1645282072.675076,
            1645282073.121831,
            1645282073.121861,
            1645282073.129969,
            1645282073.130051,
            1645282073.130061,
            1645282073.130951,
            1645282073.130958,
            1645282073.131049,
            1645282073.131053,
            1645282073.174832,
            1645282073.174855,
            1645282073.183012,
            1645282073.183115,
            1645282073.183122,
            1645282073.183904,
            1645282073.183908,
            1645282073.184039,
            1645282073.184043,
            1645282073.269619,
            1645282073.269651,
            1645282073.277979,
            1645282073.278065,
            1645282073.278072,
            1645282073.279018,
            1645282073.279022,
            1645282073.279133,
            1645282073.279138
        ],
        "ps_list": [
            158,
            184,
            225,
            66,
            121,
            66,
            110,
            66,
            101,
            66,
            191,
            66,
            260,
            66,
            97,
            66,
            121,
            225,
            66,
            66,
            101,
            66,
            121,
            66,
            255,
            66,
            121,
            225,
            66,
            101,
            66,
            122,
            66,
            251,
            66,
            121,
            225,
            66,
            101,
            66,
            143,
            66,
            297,
            66,
            121,
            225,
            66,
            101,
            66,
            122,
            66,
            332,
            66,
            121,
            225,
            66,
            101,
            66,
            120,
            66,
            272,
            66
        ],
        "direction_list": [
            0,
            0,
            0,
            1,
            1,
            0,
            1,
            0,
            1,
            0,
            1,
            0,
            1,
            0,
            0,
            1,
            0,
            0,
            1,
            1,
            1,
            0,
            1,
            0,
            1,
            0,
            0,
            0,
            1,
            1,
            0,
            1,
            0,
            1,
            0,
            0,
            0,
            1,
            1,
            0,
            1,
            0,
            1,
            0,
            0,
            0,
            1,
            1,
            0,
            1,
            0,
            1,
            0,
            0,
            0,
            1,
            1,
            0,
            1,
            0,
            1,
            0
        ],
        "piat_list": [
            0.2980232238769531,
            0.2429485321044922,
            0.0438690185546875,
            8.42905044555664,
            0.09107589721679688,
            0.007867813110351562,
            0.007152557373046875,
            0.0040531158447265625,
            0.08893013000488281,
            0.0040531158447265625,
            0.8318424224853516,
            0.0050067901611328125,
            0.09703636169433594,
            0.0040531158447265625,
            0.9119510650634766,
            48.954010009765625,
            238.46101760864258,
            0.03600120544433594,
            8.462905883789062,
            0.01811981201171875,
            0.06103515625,
            0.008821487426757812,
            1.0221004486083984,
            0.014066696166992188,
            0.016927719116210938,
            0.0040531158447265625,
            76.16186141967773,
            0.027179718017578125,
            8.84699821472168,
            0.08082389831542969,
            0.015974044799804688,
            0.7951259613037109,
            0.011920928955078125,
            0.08416175842285156,
            0.0069141387939453125,
            446.75493240356445,
            0.030040740966796875,
            8.107900619506836,
            0.0820159912109375,
            0.010013580322265625,
            0.8900165557861328,
            0.007152557373046875,
            0.09083747863769531,
            0.0040531158447265625,
            43.77913475036621,
            0.02288818359375,
            8.157014846801758,
            0.102996826171875,
            0.0069141387939453125,
            0.782012939453125,
            0.0040531158447265625,
            0.13113021850585938,
            0.003814697265625,
            85.57605743408203,
            0.031948089599609375,
            8.327960968017578,
            0.08606910705566406,
            0.007152557373046875,
            0.9458065032958984,
            0.0040531158447265625,
            0.11110305786132812,
            0.0050067901611328125
        ]
    }
}