{
    "(2886734945, 3741713926, 51056, 443, 'tcp', 0)": {
        "ts_list": [
            1645462597.220224,
            1645462597.220413,
            1645462597.220437,
            1645462597.247163,
            1645462597.247215,
            1645462597.247239,
            1645462597.247257,
            1645462597.247264,
            1645462597.247272,
            1645462597.247278,
            1645462597.247397,
            1645462597.248232,
            1645462597.248272,
            1645462597.248287,
            1645462597.248293,
            1645462597.31425,
            1645462597.550959,
            1645462597.551003,
            1645462597.577188,
            1645462597.577216,
            1645462597.577224,
            1645462597.577238,
            1645462597.57814,
            1645462597.578151,
            1645462597.578159,
            1645462597.578163,
            1645462597.659283,
            1645462597.659312,
            1645462597.660756,
            1645462597.660778,
            1645462597.686186,
            1645462597.686218,
            1645462597.686236,
            1645462597.687181,
            1645462597.687275,
            1645462597.687282,
            1645462597.687289,
            1645462597.687294,
            1645462597.688186,
            1645462597.688195,
            1645462597.688283,
            1645462597.688287,
            1645462598.685221,
            1645462598.685262,
            1645462598.713099,
            1645462598.713125,
            1645462598.713138,
            1645462598.716001,
            1645462598.716015,
            1645462598.716096,
            1645462598.716103,
            1645462598.832317,
            1645462598.832353,
            1645462598.862033,
            1645462598.86206,
            1645462598.862071,
            1645462598.864233,
            1645462598.864242,
            1645462598.864249,
            1645462598.864254
        ],
        "ps_list": [
            158,
            184,
            225,
            66,
            121,
            66,
            110,
            66,
            101,
            66,
            97,
            191,
            66,
            260,
            66,
            66,
            121,
            225,
            66,
            66,
            101,
            66,
            122,
            66,
            255,
            66,
            121,
            225,
            121,
            225,
            66,
            101,
            66,
            66,
            135,
            66,
            252,
            66,
            120,
            66,
            332,
            66,
            121,
            225,
            66,
            101,
            66,
            130,
            66,
            297,
            66,
            121,
            225,
            66,
            101,
            66,
            121,
            66,
            272,
            66
        ],
        "direction_list": [
            0,
            0,
            0,
            1,
            1,
            0,
            1,
            0,
            1,
            0,
            0,
            1,
            0,
            1,
            0,
            1,
            0,
            0,
            1,
            1,
            1,
            0,
            1,
            0,
            1,
            0,
            0,
            0,
            0,
            0,
            1,
            1,
            0,
            1,
            1,
            0,
            1,
            0,
            1,
            0,
            1,
            0,
            0,
            0,
            1,
            1,
            0,
            1,
            0,
            1,
            0,
            0,
            0,
            1,
            1,
            0,
            1,
            0,
            1,
            0
        ],
        "piat_list": [
            0.2818107604980469,
            0.18906593322753906,
            0.024080276489257812,
            26.72600746154785,
            0.051975250244140625,
            0.024080276489257812,
            0.017881393432617188,
            0.0069141387939453125,
            0.008106231689453125,
            0.0059604644775390625,
            0.11897087097167969,
            0.8349418640136719,
            0.0400543212890625,
            0.015020370483398438,
            0.0059604644775390625,
            65.95706939697266,
            236.7091178894043,
            0.0438690185546875,
            26.185035705566406,
            0.027894973754882812,
            0.008106231689453125,
            0.014066696166992188,
            0.9019374847412109,
            0.010967254638671875,
            0.008106231689453125,
            0.003814697265625,
            81.12001419067383,
            0.029087066650390625,
            1.444101333618164,
            0.02193450927734375,
            25.408029556274414,
            0.031948089599609375,
            0.017881393432617188,
            0.9450912475585938,
            0.09393692016601562,
            0.007152557373046875,
            0.0069141387939453125,
            0.0050067901611328125,
            0.8919239044189453,
            0.009059906005859375,
            0.08797645568847656,
            0.0040531158447265625,
            996.9339370727539,
            0.04100799560546875,
            27.837038040161133,
            0.025987625122070312,
            0.013113021850585938,
            2.8629302978515625,
            0.014066696166992188,
            0.08082389831542969,
            0.007152557373046875,
            116.21403694152832,
            0.03600120544433594,
            29.67977523803711,
            0.027179718017578125,
            0.010967254638671875,
            2.1619796752929688,
            0.009059906005859375,
            0.0069141387939453125,
            0.0050067901611328125
        ]
    }
}