{
    "(2886734945, 3741713926, 60482, 443, 'tcp', 0)": {
        "ts_list": [
            1645410261.120605,
            1645410261.120767,
            1645410261.120789,
            1645410261.151609,
            1645410261.151634,
            1645410261.15165,
            1645410261.15168,
            1645410261.151686,
            1645410261.151688,
            1645410261.15169,
            1645410261.151785,
            1645410261.15261,
            1645410261.152614,
            1645410261.152704,
            1645410261.152708,
            1645410261.222639,
            1645410261.412486,
            1645410261.41252,
            1645410261.443566,
            1645410261.443587,
            1645410261.443738,
            1645410261.443749,
            1645410261.44463,
            1645410261.444633,
            1645410261.444729,
            1645410261.444733,
            1645410261.500803,
            1645410261.50083,
            1645410261.531608,
            1645410261.531684
        ],
        "ps_list": [
            158,
            184,
            225,
            66,
            121,
            66,
            110,
            66,
            101,
            66,
            97,
            191,
            66,
            260,
            66,
            66,
            121,
            225,
            66,
            66,
            101,
            66,
            121,
            66,
            255,
            66,
            121,
            225,
            66,
            101
        ],
        "direction_list": [
            0,
            0,
            0,
            1,
            1,
            0,
            1,
            0,
            1,
            0,
            0,
            1,
            0,
            1,
            0,
            1,
            0,
            0,
            1,
            1,
            1,
            0,
            1,
            0,
            1,
            0,
            0,
            0,
            1,
            1
        ],
        "piat_list": [
            0.26607513427734375,
            0.1621246337890625,
            0.02193450927734375,
            30.81989288330078,
            0.025033950805664062,
            0.015974044799804688,
            0.030040740966796875,
            0.0059604644775390625,
            0.0021457672119140625,
            0.0019073486328125,
            0.09489059448242188,
            0.8251667022705078,
            0.0040531158447265625,
            0.08988380432128906,
            0.0040531158447265625,
            69.9310302734375,
            189.84699249267578,
            0.033855438232421875,
            31.046152114868164,
            0.0209808349609375,
            0.15091896057128906,
            0.010967254638671875,
            0.8809566497802734,
            0.0030994415283203125,
            0.09608268737792969,
            0.003814697265625,
            56.07008934020996,
            0.026941299438476562,
            30.778169631958008,
            0.07581710815429688
        ]
    }
}