{
    "(2886734945, 3741713926, 54788, 443, 'tcp', 0)": {
        "ts_list": [
            1644742571.667183,
            1644742571.667368,
            1644742571.667387,
            1644742571.695955,
            1644742571.695995,
            1644742571.696151,
            1644742571.696921,
            1644742571.696928,
            1644742571.696941,
            1644742571.696948,
            1644742571.696952,
            1644742571.697015,
            1644742571.697019,
            1644742571.697905,
            1644742571.697912,
            1644742571.697915,
            1644742571.697918,
            1644742571.766015,
            1644742571.869336,
            1644742571.869367,
            1644742571.89902,
            1644742571.899044,
            1644742571.899047,
            1644742571.89906,
            1644742571.89996,
            1644742571.899967,
            1644742571.899997,
            1644742571.97979,
            1644742571.979817,
            1644742572.00904,
            1644742572.009066,
            1644742572.009158,
            1644742572.009903,
            1644742572.009926,
            1644742572.010003,
            1644742572.010049,
            1644742572.04611,
            1644742572.046131,
            1644742572.075,
            1644742572.075082,
            1644742572.075924,
            1644742572.075929,
            1644742572.075956,
            1644742572.172985,
            1644742572.173021,
            1644742572.20197,
            1644742572.201988,
            1644742572.202962,
            1644742572.20301,
            1644742572.203072,
            1644742572.246785,
            1644742572.720611,
            1644742572.720642,
            1644742572.72162,
            1644742572.721644,
            1644742572.752806,
            1644742572.752836,
            1644742572.752841,
            1644742572.752855,
            1644742572.752875,
            1644742572.75288,
            1644742572.754749,
            1644742572.754775,
            1644742572.754798,
            1644742572.754803,
            1644742572.754805,
            1644742572.754823
        ],
        "ps_list": [
            158,
            184,
            225,
            121,
            66,
            97,
            66,
            101,
            66,
            97,
            66,
            101,
            66,
            190,
            66,
            260,
            66,
            66,
            121,
            225,
            66,
            66,
            101,
            66,
            122,
            255,
            66,
            121,
            225,
            66,
            101,
            66,
            121,
            66,
            287,
            66,
            121,
            225,
            66,
            101,
            145,
            330,
            66,
            121,
            225,
            66,
            101,
            121,
            66,
            434,
            66,
            121,
            225,
            121,
            225,
            66,
            66,
            101,
            66,
            101,
            66,
            122,
            66,
            328,
            66,
            943,
            66
        ],
        "direction_list": [
            0,
            0,
            0,
            1,
            0,
            0,
            1,
            1,
            0,
            1,
            0,
            1,
            0,
            1,
            0,
            1,
            0,
            1,
            0,
            0,
            1,
            1,
            1,
            0,
            1,
            1,
            0,
            0,
            0,
            1,
            1,
            0,
            1,
            0,
            1,
            0,
            0,
            0,
            1,
            1,
            1,
            1,
            0,
            0,
            0,
            1,
            1,
            1,
            0,
            1,
            0,
            0,
            0,
            0,
            0,
            1,
            1,
            1,
            0,
            1,
            0,
            1,
            0,
            1,
            0,
            1,
            0
        ],
        "piat_list": [
            0.26988983154296875,
            0.1850128173828125,
            0.019073486328125,
            28.568029403686523,
            0.0400543212890625,
            0.15592575073242188,
            0.7700920104980469,
            0.0069141387939453125,
            0.012874603271484375,
            0.007152557373046875,
            0.0040531158447265625,
            0.0629425048828125,
            0.0040531158447265625,
            0.8859634399414062,
            0.0069141387939453125,
            0.0030994415283203125,
            0.00286102294921875,
            68.09711456298828,
            103.32083702087402,
            0.030994415283203125,
            29.653072357177734,
            0.024080276489257812,
            0.00286102294921875,
            0.013113021850585938,
            0.9000301361083984,
            0.0069141387939453125,
            0.030040740966796875,
            79.79297637939453,
            0.026941299438476562,
            29.223203659057617,
            0.025987625122070312,
            0.09179115295410156,
            0.7450580596923828,
            0.023126602172851562,
            0.07700920104980469,
            0.04601478576660156,
            36.06081008911133,
            0.0209808349609375,
            28.869152069091797,
            0.0820159912109375,
            0.8418560028076172,
            0.0050067901611328125,
            0.027179718017578125,
            97.02897071838379,
            0.03600120544433594,
            28.94902229309082,
            0.017881393432617188,
            0.9739398956298828,
            0.048160552978515625,
            0.06198883056640625,
            43.71285438537598,
            473.82616996765137,
            0.030994415283203125,
            0.9779930114746094,
            0.02384185791015625,
            31.162023544311523,
            0.030040740966796875,
            0.0050067901611328125,
            0.014066696166992188,
            0.02002716064453125,
            0.0050067901611328125,
            1.8689632415771484,
            0.025987625122070312,
            0.02288818359375,
            0.0050067901611328125,
            0.0021457672119140625,
            0.017881393432617188
        ]
    }
}