{
    "(2886734945, 3741648133, 46296, 443, 'tcp', 0)": {
        "ts_list": [
            1645314680.089086,
            1645314680.089264,
            1645314680.089283,
            1645314680.098464,
            1645314680.098479,
            1645314680.098486,
            1645314680.098491,
            1645314680.098495,
            1645314680.098498,
            1645314680.098501,
            1645314680.098584,
            1645314680.09949,
            1645314680.099501,
            1645314680.099503,
            1645314680.099506,
            1645314680.099509,
            1645314680.099512,
            1645314680.148403,
            1645314680.405859,
            1645314680.405895,
            1645314680.415403,
            1645314680.41542,
            1645314680.415582,
            1645314680.415589,
            1645314680.416389,
            1645314680.416396,
            1645314680.4164,
            1645314680.416404,
            1645314680.479793,
            1645314680.479822,
            1645314680.489351,
            1645314680.489599,
            1645314680.489612,
            1645314680.490411,
            1645314680.490425,
            1645314680.490436,
            1645314680.490442,
            1645314680.624432,
            1645314680.624463,
            1645314680.635362,
            1645314680.635374,
            1645314680.635385,
            1645314680.636487,
            1645314680.63649,
            1645314680.636498,
            1645314680.636501,
            1645314680.65714,
            1645314680.657162,
            1645314680.666435,
            1645314680.666553,
            1645314680.667395,
            1645314680.667447,
            1645314680.667494,
            1645314680.714798
        ],
        "ps_list": [
            158,
            184,
            225,
            66,
            121,
            66,
            101,
            66,
            97,
            66,
            97,
            101,
            66,
            190,
            66,
            260,
            66,
            66,
            121,
            225,
            66,
            66,
            101,
            66,
            120,
            66,
            255,
            66,
            121,
            225,
            66,
            101,
            66,
            122,
            66,
            253,
            66,
            121,
            225,
            66,
            101,
            66,
            121,
            66,
            311,
            66,
            121,
            225,
            66,
            101,
            108,
            66,
            272,
            66
        ],
        "direction_list": [
            0,
            0,
            0,
            1,
            1,
            0,
            1,
            0,
            1,
            0,
            0,
            1,
            0,
            1,
            0,
            1,
            0,
            1,
            0,
            0,
            1,
            1,
            1,
            0,
            1,
            0,
            1,
            0,
            0,
            0,
            1,
            1,
            0,
            1,
            0,
            1,
            0,
            0,
            0,
            1,
            1,
            0,
            1,
            0,
            1,
            0,
            0,
            0,
            1,
            1,
            1,
            0,
            1,
            0
        ],
        "piat_list": [
            0.23317337036132812,
            0.17786026000976562,
            0.019073486328125,
            9.181022644042969,
            0.015020370483398438,
            0.0069141387939453125,
            0.0050067901611328125,
            0.0040531158447265625,
            0.0030994415283203125,
            0.00286102294921875,
            0.08296966552734375,
            0.9059906005859375,
            0.010967254638671875,
            0.0021457672119140625,
            0.00286102294921875,
            0.0030994415283203125,
            0.0030994415283203125,
            48.89082908630371,
            257.45606422424316,
            0.03600120544433594,
            9.507894515991211,
            0.0171661376953125,
            0.16188621520996094,
            0.007152557373046875,
            0.7998943328857422,
            0.0069141387939453125,
            0.0040531158447265625,
            0.0040531158447265625,
            63.38906288146973,
            0.028848648071289062,
            9.52911376953125,
            0.247955322265625,
            0.013113021850585938,
            0.7989406585693359,
            0.014066696166992188,
            0.010967254638671875,
            0.0059604644775390625,
            133.99004936218262,
            0.030994415283203125,
            10.898828506469727,
            0.012159347534179688,
            0.010967254638671875,
            1.1019706726074219,
            0.0030994415283203125,
            0.007867813110351562,
            0.0030994415283203125,
            20.63894271850586,
            0.02193450927734375,
            9.273052215576172,
            0.11801719665527344,
            0.8420944213867188,
            0.051975250244140625,
            0.04696846008300781,
            47.30391502380371
        ]
    }
}