{
    "(2886734945, 3741648133, 47002, 443, 'tcp', 0)": {
        "ts_list": [
            1645394294.021857,
            1645394294.022024,
            1645394294.022044,
            1645394294.03051,
            1645394294.030537,
            1645394294.030545,
            1645394294.030556,
            1645394294.030559,
            1645394294.030642,
            1645394294.030698,
            1645394294.030702,
            1645394294.031466,
            1645394294.031473,
            1645394294.031616,
            1645394294.031623,
            1645394294.079649,
            1645394294.317113,
            1645394294.317148,
            1645394294.325484,
            1645394294.325567,
            1645394294.325668,
            1645394294.32568,
            1645394294.326725,
            1645394294.32673,
            1645394294.326736,
            1645394294.326739,
            1645394294.381937,
            1645394294.381965,
            1645394294.391559,
            1645394294.391644
        ],
        "ps_list": [
            158,
            184,
            225,
            66,
            121,
            66,
            110,
            66,
            97,
            101,
            66,
            190,
            66,
            260,
            66,
            66,
            121,
            225,
            66,
            66,
            101,
            66,
            120,
            66,
            255,
            66,
            121,
            225,
            66,
            101
        ],
        "direction_list": [
            0,
            0,
            0,
            1,
            1,
            0,
            1,
            0,
            0,
            1,
            0,
            1,
            0,
            1,
            0,
            1,
            0,
            0,
            1,
            1,
            1,
            0,
            1,
            0,
            1,
            0,
            0,
            0,
            1,
            1
        ],
        "piat_list": [
            0.2429485321044922,
            0.16689300537109375,
            0.02002716064453125,
            8.466005325317383,
            0.026941299438476562,
            0.008106231689453125,
            0.010967254638671875,
            0.0030994415283203125,
            0.08296966552734375,
            0.05602836608886719,
            0.0040531158447265625,
            0.7638931274414062,
            0.0069141387939453125,
            0.1430511474609375,
            0.0069141387939453125,
            48.026084899902344,
            237.46395111083984,
            0.03504753112792969,
            8.336067199707031,
            0.08296966552734375,
            0.1010894775390625,
            0.011920928955078125,
            1.0449886322021484,
            0.0050067901611328125,
            0.0059604644775390625,
            0.0030994415283203125,
            55.197954177856445,
            0.027894973754882812,
            9.593963623046875,
            0.08511543273925781
        ]
    }
}