{
    "(2886734945, 3741648133, 59852, 443, 'tcp', 0)": {
        "ts_list": [
            1645622422.224098,
            1645622422.224265,
            1645622422.224293,
            1645622422.234826,
            1645622422.234858,
            1645622422.234885,
            1645622422.234891,
            1645622422.234893,
            1645622422.234898,
            1645622422.234972,
            1645622422.235009,
            1645622422.235015,
            1645622422.235019,
            1645622422.235024,
            1645622422.235027,
            1645622422.235031,
            1645622422.235035,
            1645622422.281923,
            1645622422.61604,
            1645622422.61608,
            1645622422.623508,
            1645622422.623534,
            1645622422.623739,
            1645622422.623753,
            1645622422.623775,
            1645622422.623779,
            1645622422.623781,
            1645622422.623784,
            1645622422.718791,
            1645622422.718824,
            1645622422.720914,
            1645622422.720937,
            1645622422.730624,
            1645622422.730649,
            1645622422.730659,
            1645622422.730675,
            1645622422.730679,
            1645622422.730683,
            1645622422.730687,
            1645622422.73093,
            1645622422.731034,
            1645622422.731038,
            1645622422.731042,
            1645622422.731047,
            1645622422.73105,
            1645622422.731053,
            1645622423.193812,
            1645622423.193845,
            1645622423.20153,
            1645622423.201545,
            1645622423.201554,
            1645622423.201559,
            1645622423.201566,
            1645622423.201706,
            1645622423.201711,
            1645622423.222454,
            1645622423.222482,
            1645622423.229946,
            1645622423.230032,
            1645622423.230134,
            1645622423.230136,
            1645622423.230845,
            1645622423.299801,
            1645622423.299832,
            1645622423.30036,
            1645622423.300382,
            1645622423.307445,
            1645622423.307528,
            1645622423.307537,
            1645622423.307539,
            1645622423.307583,
            1645622423.307953,
            1645622423.308053,
            1645622423.308055,
            1645622423.308057,
            1645622423.30817
        ],
        "ps_list": [
            158,
            184,
            225,
            121,
            66,
            101,
            66,
            97,
            66,
            97,
            66,
            101,
            66,
            191,
            66,
            260,
            66,
            66,
            121,
            225,
            66,
            66,
            101,
            66,
            120,
            66,
            255,
            66,
            121,
            225,
            121,
            225,
            66,
            101,
            66,
            120,
            66,
            249,
            66,
            66,
            101,
            66,
            121,
            66,
            563,
            66,
            121,
            225,
            66,
            101,
            66,
            144,
            66,
            304,
            66,
            121,
            225,
            66,
            101,
            120,
            1027,
            66,
            121,
            225,
            121,
            225,
            66,
            101,
            121,
            312,
            66,
            66,
            101,
            121,
            297,
            66
        ],
        "direction_list": [
            0,
            0,
            0,
            1,
            0,
            1,
            0,
            1,
            0,
            0,
            1,
            1,
            0,
            1,
            0,
            1,
            0,
            1,
            0,
            0,
            1,
            1,
            1,
            0,
            1,
            0,
            1,
            0,
            0,
            0,
            0,
            0,
            1,
            1,
            0,
            1,
            0,
            1,
            0,
            1,
            1,
            0,
            1,
            0,
            1,
            0,
            0,
            0,
            1,
            1,
            0,
            1,
            0,
            1,
            0,
            0,
            0,
            1,
            1,
            1,
            1,
            0,
            0,
            0,
            0,
            0,
            1,
            1,
            1,
            1,
            0,
            1,
            1,
            1,
            1,
            0
        ],
        "piat_list": [
            0.2510547637939453,
            0.1671314239501953,
            0.027894973754882812,
            10.53309440612793,
            0.031948089599609375,
            0.026941299438476562,
            0.0059604644775390625,
            0.0021457672119140625,
            0.0050067901611328125,
            0.07390975952148438,
            0.03695487976074219,
            0.0059604644775390625,
            0.0040531158447265625,
            0.0050067901611328125,
            0.0030994415283203125,
            0.003814697265625,
            0.0040531158447265625,
            46.888113021850586,
            334.11693572998047,
            0.0400543212890625,
            7.42793083190918,
            0.025987625122070312,
            0.20503997802734375,
            0.014066696166992188,
            0.02193450927734375,
            0.0040531158447265625,
            0.0019073486328125,
            0.0030994415283203125,
            95.00694274902344,
            0.032901763916015625,
            2.089977264404297,
            0.023126602172851562,
            9.686946868896484,
            0.025033950805664062,
            0.010013580322265625,
            0.015974044799804688,
            0.0040531158447265625,
            0.0040531158447265625,
            0.003814697265625,
            0.24318695068359375,
            0.10395050048828125,
            0.0040531158447265625,
            0.003814697265625,
            0.0050067901611328125,
            0.0030994415283203125,
            0.0030994415283203125,
            462.75877952575684,
            0.03314018249511719,
            7.684946060180664,
            0.015020370483398438,
            0.009059906005859375,
            0.0050067901611328125,
            0.0069141387939453125,
            0.1399517059326172,
            0.0050067901611328125,
            20.743131637573242,
            0.027894973754882812,
            7.463932037353516,
            0.08606910705566406,
            0.10204315185546875,
            0.0019073486328125,
            0.7090568542480469,
            68.95613670349121,
            0.030994415283203125,
            0.5278587341308594,
            0.02193450927734375,
            7.063150405883789,
            0.08296966552734375,
            0.009059906005859375,
            0.0019073486328125,
            0.04410743713378906,
            0.36978721618652344,
            0.10013580322265625,
            0.0019073486328125,
            0.0021457672119140625,
            0.11301040649414062
        ]
    }
}