{
    "(2886734945, 3741713926, 37824, 443, 'tcp', 0)": {
        "ts_list": [
            1645307833.919939,
            1645307833.920121,
            1645307833.920148,
            1645307833.951195,
            1645307833.951227,
            1645307833.951252,
            1645307833.951257,
            1645307833.951261,
            1645307833.951398,
            1645307833.951429,
            1645307833.951434,
            1645307833.952218,
            1645307833.952227,
            1645307833.9528,
            1645307833.952809,
            1645307834.022229,
            1645307834.178626,
            1645307834.178668,
            1645307834.209237,
            1645307834.209261,
            1645307834.20927,
            1645307834.209283,
            1645307834.214574,
            1645307834.214582,
            1645307834.214671,
            1645307834.214675,
            1645307834.283285,
            1645307834.28332,
            1645307834.314243,
            1645307834.314272
        ],
        "ps_list": [
            158,
            184,
            225,
            66,
            121,
            66,
            110,
            66,
            97,
            101,
            66,
            190,
            66,
            260,
            66,
            66,
            121,
            225,
            66,
            66,
            101,
            66,
            143,
            66,
            255,
            66,
            121,
            225,
            66,
            101
        ],
        "direction_list": [
            0,
            0,
            0,
            1,
            1,
            0,
            1,
            0,
            0,
            1,
            0,
            1,
            0,
            1,
            0,
            1,
            0,
            0,
            1,
            1,
            1,
            0,
            1,
            0,
            1,
            0,
            0,
            0,
            1,
            1
        ],
        "piat_list": [
            0.2970695495605469,
            0.1819133758544922,
            0.026941299438476562,
            31.04710578918457,
            0.031948089599609375,
            0.025033950805664062,
            0.0050067901611328125,
            0.0040531158447265625,
            0.13685226440429688,
            0.030994415283203125,
            0.0050067901611328125,
            0.7841587066650391,
            0.009059906005859375,
            0.5729198455810547,
            0.009059906005859375,
            69.41986083984375,
            156.39710426330566,
            0.041961669921875,
            30.569076538085938,
            0.02384185791015625,
            0.009059906005859375,
            0.013113021850585938,
            5.290985107421875,
            0.007867813110351562,
            0.08893013000488281,
            0.0040531158447265625,
            68.60995292663574,
            0.03504753112792969,
            30.923128128051758,
            0.028848648071289062
        ]
    }
}