{
    "(2886734945, 3741713926, 37668, 443, 'tcp', 0)": {
        "ts_list": [
            1645307589.088686,
            1645307589.088882,
            1645307589.0889,
            1645307589.116521,
            1645307589.116552,
            1645307589.11658,
            1645307589.116594,
            1645307589.1166,
            1645307589.116603,
            1645307589.116608,
            1645307589.116714,
            1645307589.117418,
            1645307589.117428,
            1645307589.117441,
            1645307589.117447,
            1645307589.183465,
            1645307589.341853,
            1645307589.341885,
            1645307589.368495,
            1645307589.368518,
            1645307589.368521,
            1645307589.368533,
            1645307589.369454,
            1645307589.369459,
            1645307589.369896,
            1645307589.3699,
            1645307589.451127,
            1645307589.451153,
            1645307589.478409,
            1645307589.478501
        ],
        "ps_list": [
            164,
            184,
            225,
            66,
            121,
            66,
            110,
            66,
            101,
            66,
            97,
            191,
            66,
            260,
            66,
            66,
            121,
            225,
            66,
            66,
            101,
            66,
            121,
            66,
            255,
            66,
            121,
            225,
            66,
            101
        ],
        "direction_list": [
            0,
            0,
            0,
            1,
            1,
            0,
            1,
            0,
            1,
            0,
            0,
            1,
            0,
            1,
            0,
            1,
            0,
            0,
            1,
            1,
            1,
            0,
            1,
            0,
            1,
            0,
            0,
            0,
            1,
            1
        ],
        "piat_list": [
            0.29087066650390625,
            0.19598007202148438,
            0.01811981201171875,
            27.620792388916016,
            0.031232833862304688,
            0.027894973754882812,
            0.014066696166992188,
            0.0059604644775390625,
            0.00286102294921875,
            0.0050067901611328125,
            0.10609626770019531,
            0.7040500640869141,
            0.010013580322265625,
            0.012874603271484375,
            0.0059604644775390625,
            66.01810455322266,
            158.3878993988037,
            0.03218650817871094,
            26.60989761352539,
            0.023126602172851562,
            0.00286102294921875,
            0.011920928955078125,
            0.9210109710693359,
            0.0050067901611328125,
            0.43702125549316406,
            0.0040531158447265625,
            81.22706413269043,
            0.025987625122070312,
            27.256011962890625,
            0.09202957153320312
        ]
    }
}