{
    "(2886734945, 3741648133, 48924, 443, 'tcp', 0)": {
        "ts_list": [
            1644835285.197442,
            1644835285.197611,
            1644835285.197632,
            1644835285.205429,
            1644835285.205452,
            1644835285.205545,
            1644835285.206317,
            1644835285.206438,
            1644835285.206444,
            1644835285.20645,
            1644835285.206454,
            1644835285.206536,
            1644835285.206541,
            1644835285.207471,
            1644835285.207477,
            1644835285.20748,
            1644835285.207483,
            1644835285.254416,
            1644835285.514567,
            1644835285.5146,
            1644835285.523377,
            1644835285.523399,
            1644835285.523558,
            1644835285.52357,
            1644835285.524434,
            1644835285.524438,
            1644835285.524444,
            1644835285.524447,
            1644835285.618219,
            1644835285.618253,
            1644835285.626584,
            1644835285.62693,
            1644835285.626939,
            1644835285.628151,
            1644835285.628162,
            1644835285.628252,
            1644835285.628256,
            1644835285.734615,
            1644835285.734636,
            1644835285.744394,
            1644835285.744557,
            1644835285.744565,
            1644835285.746439,
            1644835285.746442,
            1644835285.746537,
            1644835285.746541,
            1644835286.701169,
            1644835286.701202,
            1644835286.709485,
            1644835286.709565,
            1644835286.709576,
            1644835286.712809,
            1644835286.712815,
            1644835286.71282,
            1644835286.712823,
            1644835286.721343,
            1644835286.721379,
            1644835286.729463,
            1644835286.729487,
            1644835286.730419,
            1644835286.730428,
            1644835286.730456,
            1644835287.031568,
            1644835287.031601,
            1644835287.040521,
            1644835287.040587,
            1644835287.041406,
            1644835287.041413,
            1644835287.04144,
            1644835287.081484,
            1644835287.081509,
            1644835287.09035,
            1644835287.090434,
            1644835287.091457,
            1644835287.091478,
            1644835287.091558,
            1644835287.13478
        ],
        "ps_list": [
            158,
            184,
            225,
            121,
            66,
            97,
            66,
            101,
            66,
            97,
            66,
            101,
            66,
            191,
            66,
            260,
            66,
            66,
            121,
            225,
            66,
            66,
            101,
            66,
            122,
            66,
            255,
            66,
            121,
            225,
            66,
            101,
            66,
            120,
            66,
            252,
            66,
            121,
            225,
            66,
            101,
            66,
            120,
            66,
            256,
            66,
            121,
            225,
            66,
            101,
            66,
            131,
            66,
            254,
            66,
            121,
            225,
            66,
            101,
            120,
            297,
            66,
            121,
            225,
            66,
            101,
            145,
            272,
            66,
            121,
            225,
            66,
            101,
            121,
            66,
            332,
            66
        ],
        "direction_list": [
            0,
            0,
            0,
            1,
            0,
            0,
            1,
            1,
            0,
            1,
            0,
            1,
            0,
            1,
            0,
            1,
            0,
            1,
            0,
            0,
            1,
            1,
            1,
            0,
            1,
            0,
            1,
            0,
            0,
            0,
            1,
            1,
            0,
            1,
            0,
            1,
            0,
            0,
            0,
            1,
            1,
            0,
            1,
            0,
            1,
            0,
            0,
            0,
            1,
            1,
            0,
            1,
            0,
            1,
            0,
            0,
            0,
            1,
            1,
            1,
            1,
            0,
            0,
            0,
            1,
            1,
            1,
            1,
            0,
            0,
            0,
            1,
            1,
            1,
            0,
            1,
            0
        ],
        "piat_list": [
            0.2570152282714844,
            0.1690387725830078,
            0.0209808349609375,
            7.797002792358398,
            0.02288818359375,
            0.09298324584960938,
            0.7719993591308594,
            0.12111663818359375,
            0.0059604644775390625,
            0.0059604644775390625,
            0.0040531158447265625,
            0.0820159912109375,
            0.0050067901611328125,
            0.9298324584960938,
            0.006198883056640625,
            0.00286102294921875,
            0.0030994415283203125,
            46.93293571472168,
            260.1509094238281,
            0.03314018249511719,
            8.77690315246582,
            0.022172927856445312,
            0.15878677368164062,
            0.012159347534179688,
            0.8640289306640625,
            0.003814697265625,
            0.006198883056640625,
            0.00286102294921875,
            93.77193450927734,
            0.03409385681152344,
            8.331060409545898,
            0.3459453582763672,
            0.009059906005859375,
            1.2118816375732422,
            0.010967254638671875,
            0.09012222290039062,
            0.0040531158447265625,
            106.35900497436523,
            0.0209808349609375,
            9.75799560546875,
            0.1628398895263672,
            0.008106231689453125,
            1.8739700317382812,
            0.0030994415283203125,
            0.09489059448242188,
            0.0040531158447265625,
            954.6279907226562,
            0.032901763916015625,
            8.283138275146484,
            0.07987022399902344,
            0.010967254638671875,
            3.233194351196289,
            0.0059604644775390625,
            0.0050067901611328125,
            0.00286102294921875,
            8.520126342773438,
            0.03600120544433594,
            8.08405876159668,
            0.02384185791015625,
            0.9319782257080078,
            0.009059906005859375,
            0.028133392333984375,
            301.11193656921387,
            0.032901763916015625,
            8.919954299926758,
            0.06604194641113281,
            0.8189678192138672,
            0.007152557373046875,
            0.026941299438476562,
            40.04406929016113,
            0.025033950805664062,
            8.840799331665039,
            0.08416175842285156,
            1.0228157043457031,
            0.021219253540039062,
            0.07987022399902344,
            43.22195053100586
        ]
    }
}