{
    "(2886734945, 3741713926, 47008, 443, 'tcp', 0)": {
        "ts_list": [
            1645719055.327354,
            1645719055.327513,
            1645719055.327539,
            1645719055.355347,
            1645719055.355394,
            1645719055.355494,
            1645719055.355503,
            1645719055.355524,
            1645719055.355591,
            1645719055.355598,
            1645719055.355695,
            1645719055.355704,
            1645719055.35571,
            1645719055.355792,
            1645719055.355798,
            1645719055.355808,
            1645719055.355814,
            1645719055.423386,
            1645719055.707309,
            1645719055.70735,
            1645719055.735352,
            1645719055.735366,
            1645719055.735456,
            1645719055.735464,
            1645719055.735474,
            1645719055.735479,
            1645719055.735529,
            1645719055.735532,
            1645719055.789723,
            1645719055.789755,
            1645719055.817772,
            1645719055.817854,
            1645719055.817862,
            1645719055.817956,
            1645719055.817961,
            1645719055.817964,
            1645719055.817968,
            1645719056.069894,
            1645719056.069949,
            1645719056.06996,
            1645719056.069975,
            1645719056.098031,
            1645719056.098104,
            1645719056.098117,
            1645719056.098127,
            1645719056.098132,
            1645719056.098143,
            1645719056.098146,
            1645719056.098149,
            1645719056.098152,
            1645719056.14539,
            1645719056.145415,
            1645719056.168151,
            1645719056.16818,
            1645719056.173445,
            1645719056.173467,
            1645719056.173477,
            1645719056.173531,
            1645719056.173537,
            1645719056.173539,
            1645719056.173543,
            1645719056.196169,
            1645719056.196259,
            1645719056.196268,
            1645719056.196377,
            1645719056.196382,
            1645719056.196383,
            1645719056.196386,
            1645719056.383305,
            1645719056.383334,
            1645719056.411301,
            1645719056.411385,
            1645719056.411439,
            1645719056.411487,
            1645719056.411497,
            1645719056.411518
        ],
        "ps_list": [
            158,
            184,
            225,
            121,
            66,
            101,
            66,
            97,
            97,
            66,
            66,
            101,
            66,
            191,
            66,
            260,
            66,
            66,
            121,
            225,
            66,
            66,
            101,
            66,
            121,
            66,
            255,
            66,
            121,
            225,
            66,
            101,
            66,
            120,
            66,
            598,
            66,
            121,
            121,
            225,
            225,
            66,
            101,
            66,
            101,
            66,
            176,
            66,
            838,
            66,
            121,
            225,
            121,
            225,
            66,
            101,
            66,
            121,
            66,
            297,
            66,
            66,
            101,
            66,
            108,
            66,
            452,
            66,
            121,
            225,
            66,
            101,
            66,
            120,
            272,
            66
        ],
        "direction_list": [
            0,
            0,
            0,
            1,
            0,
            1,
            0,
            0,
            1,
            0,
            1,
            1,
            0,
            1,
            0,
            1,
            0,
            1,
            0,
            0,
            1,
            1,
            1,
            0,
            1,
            0,
            1,
            0,
            0,
            0,
            1,
            1,
            0,
            1,
            0,
            1,
            0,
            0,
            0,
            0,
            0,
            1,
            1,
            0,
            1,
            0,
            1,
            0,
            1,
            0,
            0,
            0,
            0,
            0,
            1,
            1,
            0,
            1,
            0,
            1,
            0,
            1,
            1,
            0,
            1,
            0,
            1,
            0,
            0,
            0,
            1,
            1,
            0,
            1,
            1,
            0
        ],
        "piat_list": [
            0.2658367156982422,
            0.1590251922607422,
            0.025987625122070312,
            27.807950973510742,
            0.04696846008300781,
            0.10013580322265625,
            0.009059906005859375,
            0.0209808349609375,
            0.06699562072753906,
            0.0069141387939453125,
            0.09703636169433594,
            0.009059906005859375,
            0.0059604644775390625,
            0.0820159912109375,
            0.0059604644775390625,
            0.010013580322265625,
            0.0059604644775390625,
            67.57211685180664,
            283.9229106903076,
            0.04100799560546875,
            28.002023696899414,
            0.014066696166992188,
            0.08988380432128906,
            0.008106231689453125,
            0.010013580322265625,
            0.0050067901611328125,
            0.04982948303222656,
            0.0030994415283203125,
            54.190874099731445,
            0.03218650817871094,
            28.01680564880371,
            0.0820159912109375,
            0.008106231689453125,
            0.09393692016601562,
            0.0050067901611328125,
            0.0030994415283203125,
            0.003814697265625,
            251.92618370056152,
            0.054836273193359375,
            0.011205673217773438,
            0.014781951904296875,
            28.05614471435547,
            0.07295608520507812,
            0.013113021850585938,
            0.009775161743164062,
            0.0050067901611328125,
            0.011205673217773438,
            0.00286102294921875,
            0.0030994415283203125,
            0.00286102294921875,
            47.23811149597168,
            0.025033950805664062,
            22.7358341217041,
            0.029087066650390625,
            5.264997482299805,
            0.02193450927734375,
            0.010013580322265625,
            0.05412101745605469,
            0.0059604644775390625,
            0.0019073486328125,
            0.0040531158447265625,
            22.62592315673828,
            0.09012222290039062,
            0.009059906005859375,
            0.10895729064941406,
            0.0050067901611328125,
            0.00095367431640625,
            0.0030994415283203125,
            186.9189739227295,
            0.028848648071289062,
            27.966976165771484,
            0.08416175842285156,
            0.053882598876953125,
            0.048160552978515625,
            0.010013580322265625,
            0.0209808349609375
        ]
    }
}