{
    "(2886734945, 3741713926, 60956, 443, 'tcp', 0)": {
        "ts_list": [
            1645280217.07134,
            1645280217.071593,
            1645280217.071629,
            1645280217.097125,
            1645280217.097167,
            1645280217.097331,
            1645280217.098119,
            1645280217.098139,
            1645280217.098147,
            1645280217.098154,
            1645280217.098158,
            1645280217.09816,
            1645280217.098164,
            1645280217.099047,
            1645280217.099052,
            1645280217.099148,
            1645280217.099153,
            1645280217.163156,
            1645280217.376054,
            1645280217.37609,
            1645280217.402137,
            1645280217.402156,
            1645280217.402159,
            1645280217.402169,
            1645280217.403026,
            1645280217.403041,
            1645280217.40312,
            1645280217.403126,
            1645280217.484712,
            1645280217.484743,
            1645280217.511131,
            1645280217.511155,
            1645280217.511169,
            1645280217.512137,
            1645280217.512144,
            1645280217.512231,
            1645280217.512236
        ],
        "ps_list": [
            158,
            184,
            225,
            121,
            66,
            97,
            66,
            101,
            66,
            97,
            66,
            101,
            66,
            189,
            66,
            260,
            66,
            66,
            121,
            225,
            66,
            66,
            101,
            66,
            121,
            66,
            255,
            66,
            121,
            225,
            66,
            101,
            66,
            122,
            66,
            252,
            66
        ],
        "direction_list": [
            0,
            0,
            0,
            1,
            0,
            0,
            1,
            1,
            0,
            1,
            0,
            1,
            0,
            1,
            0,
            1,
            0,
            1,
            0,
            0,
            1,
            1,
            1,
            0,
            1,
            0,
            1,
            0,
            0,
            0,
            1,
            1,
            0,
            1,
            0,
            1,
            0
        ],
        "piat_list": [
            0.34999847412109375,
            0.2529621124267578,
            0.03600120544433594,
            25.49600601196289,
            0.041961669921875,
            0.164031982421875,
            0.7879734039306641,
            0.02002716064453125,
            0.007867813110351562,
            0.007152557373046875,
            0.003814697265625,
            0.0021457672119140625,
            0.0040531158447265625,
            0.8828639984130859,
            0.0050067901611328125,
            0.09608268737792969,
            0.0050067901611328125,
            64.00299072265625,
            212.89801597595215,
            0.03600120544433594,
            26.0469913482666,
            0.019073486328125,
            0.00286102294921875,
            0.010013580322265625,
            0.8571147918701172,
            0.014781951904296875,
            0.07915496826171875,
            0.0059604644775390625,
            81.58588409423828,
            0.031232833862304688,
            26.387929916381836,
            0.02384185791015625,
            0.014066696166992188,
            0.9679794311523438,
            0.007152557373046875,
            0.08702278137207031,
            0.0050067901611328125
        ]
    }
}