{
    "(2886734945, 3741648133, 42052, 443, 'tcp', 0)": {
        "ts_list": [
            1645385542.198303,
            1645385542.198476,
            1645385542.198502,
            1645385542.207828,
            1645385542.207918,
            1645385542.207927,
            1645385542.207936,
            1645385542.207941,
            1645385542.208019,
            1645385542.208022,
            1645385542.208031,
            1645385542.208747,
            1645385542.208757,
            1645385542.208765,
            1645385542.208769,
            1645385542.25682,
            1645385542.505286,
            1645385542.505333,
            1645385542.514836,
            1645385542.514862,
            1645385542.515013,
            1645385542.515025,
            1645385542.516471,
            1645385542.516476,
            1645385542.516482,
            1645385542.516487,
            1645385542.63137,
            1645385542.631402,
            1645385542.640823,
            1645385542.64091,
            1645385542.640922,
            1645385542.641861,
            1645385542.641867,
            1645385542.641872,
            1645385542.641876,
            1645385542.89645,
            1645385542.89649,
            1645385542.896511,
            1645385542.896584,
            1645385542.905845,
            1645385542.905926,
            1645385542.905938,
            1645385542.906037,
            1645385542.906042,
            1645385542.906837,
            1645385542.906841,
            1645385542.906844,
            1645385542.906847,
            1645385542.90685,
            1645385542.906855,
            1645385544.25033,
            1645385544.250352,
            1645385544.259885,
            1645385544.259983,
            1645385544.259995,
            1645385544.260897,
            1645385544.260903,
            1645385544.260911,
            1645385544.260915,
            1645385544.418313,
            1645385544.418347,
            1645385544.428812,
            1645385544.428939,
            1645385544.428951,
            1645385544.42976,
            1645385544.429766,
            1645385544.429772,
            1645385544.429778
        ],
        "ps_list": [
            158,
            184,
            225,
            66,
            121,
            66,
            110,
            66,
            101,
            97,
            66,
            191,
            66,
            260,
            66,
            66,
            121,
            225,
            66,
            66,
            101,
            66,
            121,
            66,
            255,
            66,
            121,
            225,
            66,
            101,
            66,
            119,
            66,
            258,
            66,
            121,
            121,
            225,
            225,
            66,
            101,
            66,
            101,
            66,
            122,
            66,
            326,
            66,
            296,
            66,
            121,
            225,
            66,
            101,
            66,
            144,
            66,
            1022,
            66,
            121,
            225,
            66,
            101,
            66,
            122,
            66,
            272,
            66
        ],
        "direction_list": [
            0,
            0,
            0,
            1,
            1,
            0,
            1,
            0,
            1,
            0,
            0,
            1,
            0,
            1,
            0,
            1,
            0,
            0,
            1,
            1,
            1,
            0,
            1,
            0,
            1,
            0,
            0,
            0,
            1,
            1,
            0,
            1,
            0,
            1,
            0,
            0,
            0,
            0,
            0,
            1,
            1,
            0,
            1,
            0,
            1,
            0,
            1,
            0,
            1,
            0,
            0,
            0,
            1,
            1,
            0,
            1,
            0,
            1,
            0,
            0,
            0,
            1,
            1,
            0,
            1,
            0,
            1,
            0
        ],
        "piat_list": [
            0.24390220642089844,
            0.17309188842773438,
            0.025987625122070312,
            9.325981140136719,
            0.08988380432128906,
            0.009059906005859375,
            0.009059906005859375,
            0.0050067901611328125,
            0.07796287536621094,
            0.0030994415283203125,
            0.008821487426757812,
            0.7159709930419922,
            0.010013580322265625,
            0.008106231689453125,
            0.0040531158447265625,
            48.050880432128906,
            248.46601486206055,
            0.04696846008300781,
            9.50312614440918,
            0.025987625122070312,
            0.15091896057128906,
            0.011920928955078125,
            1.4460086822509766,
            0.0050067901611328125,
            0.006198883056640625,
            0.00476837158203125,
            114.8831844329834,
            0.031948089599609375,
            9.42087173461914,
            0.08702278137207031,
            0.012159347534179688,
            0.9388923645019531,
            0.0059604644775390625,
            0.0050067901611328125,
            0.0040531158447265625,
            254.57406044006348,
            0.0400543212890625,
            0.0209808349609375,
            0.07295608520507812,
            9.260892868041992,
            0.08106231689453125,
            0.011920928955078125,
            0.09918212890625,
            0.0050067901611328125,
            0.7948875427246094,
            0.0040531158447265625,
            0.00286102294921875,
            0.0030994415283203125,
            0.0030994415283203125,
            0.0050067901611328125,
            1343.4748649597168,
            0.02193450927734375,
            9.533166885375977,
            0.09799003601074219,
            0.011920928955078125,
            0.9019374847412109,
            0.0059604644775390625,
            0.008106231689453125,
            0.0040531158447265625,
            157.39798545837402,
            0.033855438232421875,
            10.465145111083984,
            0.1270771026611328,
            0.011920928955078125,
            0.8089542388916016,
            0.0059604644775390625,
            0.0059604644775390625,
            0.006198883056640625
        ]
    }
}