{
    "(2886734945, 3741648133, 52446, 443, 'tcp', 0)": {
        "ts_list": [
            1645027748.426053,
            1645027748.426211,
            1645027748.426229,
            1645027748.435117,
            1645027748.435207,
            1645027748.435211,
            1645027748.435218,
            1645027748.435225,
            1645027748.435228,
            1645027748.435305,
            1645027748.435309,
            1645027748.436226,
            1645027748.43623,
            1645027748.436325,
            1645027748.436328,
            1645027748.437774,
            1645027748.486178,
            1645027748.719674,
            1645027748.719709,
            1645027748.728218,
            1645027748.728235,
            1645027748.728241,
            1645027748.728246,
            1645027748.729223,
            1645027748.729229,
            1645027748.729233,
            1645027748.729236,
            1645027748.793032,
            1645027748.793062,
            1645027748.794569,
            1645027748.794594,
            1645027748.802174,
            1645027748.802272,
            1645027748.802278,
            1645027748.803146,
            1645027748.803245,
            1645027748.803251,
            1645027748.803253,
            1645027748.803257,
            1645027748.804142,
            1645027748.804147,
            1645027748.804239,
            1645027748.804242,
            1645027749.479951,
            1645027749.479982,
            1645027749.489201,
            1645027749.489309,
            1645027749.489318,
            1645027749.490209,
            1645027749.490218,
            1645027749.490224,
            1645027749.490228,
            1645027749.894382,
            1645027749.894408,
            1645027749.903236,
            1645027749.903325,
            1645027749.90333,
            1645027749.904252,
            1645027749.90426,
            1645027749.904265,
            1645027749.904269,
            1645027750.198364,
            1645027750.198389,
            1645027750.207325,
            1645027750.207336,
            1645027750.207343,
            1645027750.208253,
            1645027750.208257,
            1645027750.208351,
            1645027750.208355
        ],
        "ps_list": [
            158,
            184,
            225,
            66,
            66,
            121,
            66,
            110,
            66,
            101,
            66,
            190,
            66,
            260,
            66,
            97,
            66,
            121,
            225,
            66,
            66,
            101,
            66,
            121,
            66,
            255,
            66,
            121,
            225,
            121,
            225,
            66,
            101,
            66,
            66,
            119,
            66,
            321,
            66,
            119,
            66,
            312,
            66,
            121,
            225,
            66,
            101,
            66,
            144,
            66,
            441,
            66,
            121,
            225,
            66,
            101,
            66,
            121,
            66,
            297,
            66,
            121,
            225,
            66,
            101,
            66,
            144,
            66,
            332,
            66
        ],
        "direction_list": [
            0,
            0,
            0,
            1,
            1,
            1,
            0,
            1,
            0,
            1,
            0,
            1,
            0,
            1,
            0,
            0,
            1,
            0,
            0,
            1,
            1,
            1,
            0,
            1,
            0,
            1,
            0,
            0,
            0,
            0,
            0,
            1,
            1,
            0,
            1,
            1,
            0,
            1,
            0,
            1,
            0,
            1,
            0,
            0,
            0,
            1,
            1,
            0,
            1,
            0,
            1,
            0,
            0,
            0,
            1,
            1,
            0,
            1,
            0,
            1,
            0,
            0,
            0,
            1,
            1,
            0,
            1,
            0,
            1,
            0
        ],
        "piat_list": [
            0.2200603485107422,
            0.15807151794433594,
            0.017881393432617188,
            8.888006210327148,
            0.08988380432128906,
            0.0040531158447265625,
            0.007152557373046875,
            0.0069141387939453125,
            0.0030994415283203125,
            0.07700920104980469,
            0.003814697265625,
            0.9169578552246094,
            0.0040531158447265625,
            0.09512901306152344,
            0.00286102294921875,
            1.4460086822509766,
            48.40397834777832,
            233.49618911743164,
            0.034809112548828125,
            8.509159088134766,
            0.016927719116210938,
            0.0059604644775390625,
            0.0050067901611328125,
            0.9770393371582031,
            0.0059604644775390625,
            0.0040531158447265625,
            0.00286102294921875,
            63.796043395996094,
            0.030040740966796875,
            1.5070438385009766,
            0.025033950805664062,
            7.580041885375977,
            0.09799003601074219,
            0.0059604644775390625,
            0.8678436279296875,
            0.09918212890625,
            0.0059604644775390625,
            0.0019073486328125,
            0.0040531158447265625,
            0.885009765625,
            0.0050067901611328125,
            0.09202957153320312,
            0.00286102294921875,
            675.7090091705322,
            0.030994415283203125,
            9.219169616699219,
            0.10800361633300781,
            0.008821487426757812,
            0.8912086486816406,
            0.008821487426757812,
            0.0059604644775390625,
            0.0040531158447265625,
            404.15406227111816,
            0.025987625122070312,
            8.827924728393555,
            0.08916854858398438,
            0.0050067901611328125,
            0.9219646453857422,
            0.007867813110351562,
            0.0050067901611328125,
            0.0040531158447265625,
            294.0950393676758,
            0.025033950805664062,
            8.935928344726562,
            0.010967254638671875,
            0.007152557373046875,
            0.9098052978515625,
            0.0040531158447265625,
            0.09393692016601562,
            0.0040531158447265625
        ]
    }
}