{
    "(2886734945, 3741648133, 52826, 443, 'tcp', 0)": {
        "ts_list": [
            1645028244.868316,
            1645028244.868481,
            1645028244.868507,
            1645028244.877317,
            1645028244.877339,
            1645028244.877351,
            1645028244.877402,
            1645028244.877407,
            1645028244.877503,
            1645028244.877508,
            1645028244.878381,
            1645028244.878397,
            1645028244.878401,
            1645028244.878409,
            1645028244.879563,
            1645028244.928316,
            1645028245.134476,
            1645028245.134521,
            1645028245.143293,
            1645028245.143313,
            1645028245.143485,
            1645028245.143498,
            1645028245.144361,
            1645028245.144374,
            1645028245.144384,
            1645028245.144389,
            1645028245.24195,
            1645028245.241992,
            1645028245.243485,
            1645028245.243514,
            1645028245.250433,
            1645028245.250515,
            1645028245.250525,
            1645028245.251378,
            1645028245.251383,
            1645028245.251387,
            1645028245.25139,
            1645028245.252302,
            1645028245.252401,
            1645028245.252404,
            1645028245.25333,
            1645028245.253333,
            1645028245.253454,
            1645028245.253459,
            1645028245.970287,
            1645028245.970328,
            1645028245.97937,
            1645028245.979447,
            1645028245.979462,
            1645028245.980318,
            1645028245.980335,
            1645028245.980341,
            1645028245.980345,
            1645028246.369494,
            1645028246.369526,
            1645028246.378427,
            1645028246.378456,
            1645028246.378468,
            1645028246.379291,
            1645028246.379297,
            1645028246.379388,
            1645028246.379394,
            1645028246.597582,
            1645028246.597606,
            1645028246.606524,
            1645028246.606607,
            1645028246.606616,
            1645028246.607318,
            1645028246.607325,
            1645028246.607358,
            1645028246.607362
        ],
        "ps_list": [
            158,
            184,
            225,
            66,
            121,
            66,
            110,
            66,
            101,
            66,
            191,
            66,
            260,
            66,
            97,
            66,
            121,
            225,
            66,
            66,
            101,
            66,
            145,
            66,
            255,
            66,
            121,
            225,
            121,
            225,
            66,
            101,
            66,
            119,
            66,
            308,
            66,
            66,
            101,
            66,
            120,
            66,
            312,
            66,
            121,
            225,
            66,
            101,
            66,
            121,
            66,
            441,
            66,
            121,
            225,
            66,
            101,
            66,
            144,
            66,
            297,
            66,
            121,
            225,
            66,
            101,
            66,
            121,
            66,
            332,
            66
        ],
        "direction_list": [
            0,
            0,
            0,
            1,
            1,
            0,
            1,
            0,
            1,
            0,
            1,
            0,
            1,
            0,
            0,
            1,
            0,
            0,
            1,
            1,
            1,
            0,
            1,
            0,
            1,
            0,
            0,
            0,
            0,
            0,
            1,
            1,
            0,
            1,
            0,
            1,
            0,
            1,
            1,
            0,
            1,
            0,
            1,
            0,
            0,
            0,
            1,
            1,
            0,
            1,
            0,
            1,
            0,
            0,
            0,
            1,
            1,
            0,
            1,
            0,
            1,
            0,
            0,
            0,
            1,
            1,
            0,
            1,
            0,
            1,
            0
        ],
        "piat_list": [
            0.2598762512207031,
            0.16498565673828125,
            0.025987625122070312,
            8.810043334960938,
            0.02193450927734375,
            0.012159347534179688,
            0.051021575927734375,
            0.0050067901611328125,
            0.09584426879882812,
            0.0050067901611328125,
            0.8730888366699219,
            0.015974044799804688,
            0.0040531158447265625,
            0.007867813110351562,
            1.154184341430664,
            48.75302314758301,
            206.1598300933838,
            0.04506111145019531,
            8.771896362304688,
            0.02002716064453125,
            0.17213821411132812,
            0.012874603271484375,
            0.8630752563476562,
            0.012874603271484375,
            0.010013580322265625,
            0.0050067901611328125,
            97.56112098693848,
            0.041961669921875,
            1.4929771423339844,
            0.029087066650390625,
            6.918907165527344,
            0.0820159912109375,
            0.010013580322265625,
            0.8530616760253906,
            0.0050067901611328125,
            0.003814697265625,
            0.0030994415283203125,
            0.9119510650634766,
            0.09918212890625,
            0.00286102294921875,
            0.9260177612304688,
            0.0030994415283203125,
            0.12087821960449219,
            0.0050067901611328125,
            716.8281078338623,
            0.04100799560546875,
            9.042024612426758,
            0.07677078247070312,
            0.015020370483398438,
            0.8561611175537109,
            0.016927719116210938,
            0.0059604644775390625,
            0.0040531158447265625,
            389.1489505767822,
            0.031948089599609375,
            8.901119232177734,
            0.029087066650390625,
            0.011920928955078125,
            0.8230209350585938,
            0.0059604644775390625,
            0.09107589721679688,
            0.0059604644775390625,
            218.18804740905762,
            0.02384185791015625,
            8.918046951293945,
            0.08296966552734375,
            0.009059906005859375,
            0.701904296875,
            0.007152557373046875,
            0.032901763916015625,
            0.0040531158447265625
        ]
    }
}