{
    "(2886734945, 3741648133, 52872, 443, 'tcp', 0)": {
        "ts_list": [
            1645028308.084882,
            1645028308.084905,
            1645028308.089159,
            1645028308.089297,
            1645028308.089387,
            1645028308.089416,
            1645028308.097689,
            1645028308.0977,
            1645028308.097706,
            1645028308.097718,
            1645028308.097722,
            1645028308.097878,
            1645028308.097882,
            1645028308.0988,
            1645028308.098805,
            1645028308.098811,
            1645028308.098815,
            1645028308.381551,
            1645028308.381588,
            1645028308.389844,
            1645028308.389926,
            1645028308.389936,
            1645028308.390801,
            1645028308.390806,
            1645028308.390812,
            1645028308.390816,
            1645028308.509095,
            1645028308.509123,
            1645028308.510527,
            1645028308.51055,
            1645028308.517819,
            1645028308.517835,
            1645028308.517842,
            1645028308.518753,
            1645028308.518778,
            1645028308.518785,
            1645028308.518847,
            1645028308.518852,
            1645028308.518854,
            1645028308.518857,
            1645028308.519758,
            1645028308.519769,
            1645028308.51978,
            1645028308.519784,
            1645028309.283444,
            1645028309.283477,
            1645028309.291785,
            1645028309.291872,
            1645028309.291885,
            1645028309.292833,
            1645028309.292844,
            1645028309.292855,
            1645028309.292859,
            1645028309.687173,
            1645028309.687207,
            1645028309.695725,
            1645028309.695832,
            1645028309.695841,
            1645028309.69677,
            1645028309.696774,
            1645028309.69678,
            1645028309.696783,
            1645028310.003408,
            1645028310.003454,
            1645028310.014655,
            1645028310.014666,
            1645028310.014673,
            1645028310.015731,
            1645028310.015736,
            1645028310.015741,
            1645028310.015745
        ],
        "ps_list": [
            121,
            66,
            158,
            97,
            184,
            225,
            66,
            101,
            66,
            97,
            66,
            101,
            66,
            190,
            66,
            260,
            66,
            121,
            225,
            66,
            101,
            66,
            122,
            66,
            255,
            66,
            121,
            225,
            121,
            225,
            66,
            101,
            66,
            66,
            120,
            66,
            308,
            66,
            101,
            66,
            119,
            66,
            312,
            66,
            121,
            225,
            66,
            101,
            66,
            144,
            66,
            441,
            66,
            121,
            225,
            66,
            101,
            66,
            120,
            66,
            297,
            66,
            121,
            225,
            66,
            101,
            66,
            121,
            66,
            332,
            66
        ],
        "direction_list": [
            1,
            0,
            0,
            0,
            0,
            0,
            1,
            1,
            0,
            1,
            0,
            1,
            0,
            1,
            0,
            1,
            0,
            0,
            0,
            1,
            1,
            0,
            1,
            0,
            1,
            0,
            0,
            0,
            0,
            0,
            1,
            1,
            0,
            1,
            1,
            0,
            1,
            0,
            1,
            0,
            1,
            0,
            1,
            0,
            0,
            0,
            1,
            1,
            0,
            1,
            0,
            1,
            0,
            0,
            0,
            1,
            1,
            0,
            1,
            0,
            1,
            0,
            0,
            0,
            1,
            1,
            0,
            1,
            0,
            1,
            0
        ],
        "piat_list": [
            8.831024169921875,
            0.02288818359375,
            4.25410270690918,
            0.1380443572998047,
            0.08988380432128906,
            0.029087066650390625,
            8.272886276245117,
            0.011205673217773438,
            0.0059604644775390625,
            0.011920928955078125,
            0.0040531158447265625,
            0.15592575073242188,
            0.0040531158447265625,
            0.9179115295410156,
            0.0050067901611328125,
            0.0059604644775390625,
            0.0040531158447265625,
            282.73606300354004,
            0.03695487976074219,
            8.255958557128906,
            0.0820159912109375,
            0.010013580322265625,
            0.8649826049804688,
            0.0050067901611328125,
            0.0059604644775390625,
            0.0040531158447265625,
            118.27898025512695,
            0.028133392333984375,
            1.40380859375,
            0.023126602172851562,
            7.2689056396484375,
            0.015974044799804688,
            0.007152557373046875,
            0.9109973907470703,
            0.025033950805664062,
            0.0069141387939453125,
            0.06198883056640625,
            0.0050067901611328125,
            0.0019073486328125,
            0.0030994415283203125,
            0.9009838104248047,
            0.010967254638671875,
            0.010967254638671875,
            0.0040531158447265625,
            763.6599540710449,
            0.03314018249511719,
            8.307933807373047,
            0.08702278137207031,
            0.012874603271484375,
            0.9481906890869141,
            0.010967254638671875,
            0.010967254638671875,
            0.0040531158447265625,
            394.3138122558594,
            0.03409385681152344,
            8.517980575561523,
            0.10704994201660156,
            0.009059906005859375,
            0.9288787841796875,
            0.0040531158447265625,
            0.0059604644775390625,
            0.0030994415283203125,
            306.6248893737793,
            0.04601478576660156,
            11.201143264770508,
            0.010967254638671875,
            0.0069141387939453125,
            1.0581016540527344,
            0.0050067901611328125,
            0.0050067901611328125,
            0.003814697265625
        ]
    }
}