{
    "(2886734945, 3741713926, 40174, 443, 'tcp', 0)": {
        "ts_list": [
            1645311209.491302,
            1645311209.491487,
            1645311209.491509,
            1645311209.517599,
            1645311209.517623,
            1645311209.517637,
            1645311209.517653,
            1645311209.517665,
            1645311209.517768,
            1645311209.518491,
            1645311209.518497,
            1645311209.518501,
            1645311209.519576,
            1645311209.519583,
            1645311209.519589,
            1645311209.519592,
            1645311209.584618,
            1645311209.774278,
            1645311209.774315,
            1645311209.8006,
            1645311209.800633,
            1645311209.801154,
            1645311209.80117,
            1645311209.801566,
            1645311209.801573,
            1645311209.801581,
            1645311209.801584,
            1645311209.870143,
            1645311209.870172,
            1645311209.879974,
            1645311209.880001,
            1645311209.896587,
            1645311209.896622,
            1645311209.896637,
            1645311209.897553,
            1645311209.897559,
            1645311209.897666,
            1645311209.897671,
            1645311209.906522,
            1645311209.906733,
            1645311209.906742,
            1645311209.907526,
            1645311209.907533,
            1645311209.907541,
            1645311209.907545,
            1645311210.552924,
            1645311210.552952,
            1645311210.579582,
            1645311210.579613,
            1645311210.579629,
            1645311210.580836,
            1645311210.580848,
            1645311210.580853,
            1645311210.580857
        ],
        "ps_list": [
            158,
            184,
            225,
            66,
            121,
            66,
            110,
            66,
            97,
            66,
            101,
            66,
            191,
            66,
            260,
            66,
            66,
            121,
            225,
            66,
            66,
            101,
            66,
            121,
            66,
            255,
            66,
            121,
            225,
            121,
            225,
            66,
            101,
            66,
            121,
            66,
            249,
            66,
            66,
            101,
            66,
            120,
            66,
            253,
            66,
            121,
            225,
            66,
            101,
            66,
            145,
            66,
            272,
            66
        ],
        "direction_list": [
            0,
            0,
            0,
            1,
            1,
            0,
            1,
            0,
            0,
            1,
            1,
            0,
            1,
            0,
            1,
            0,
            1,
            0,
            0,
            1,
            1,
            1,
            0,
            1,
            0,
            1,
            0,
            0,
            0,
            0,
            0,
            1,
            1,
            0,
            1,
            0,
            1,
            0,
            1,
            1,
            0,
            1,
            0,
            1,
            0,
            0,
            0,
            1,
            1,
            0,
            1,
            0,
            1,
            0
        ],
        "piat_list": [
            0.2899169921875,
            0.1850128173828125,
            0.02193450927734375,
            26.090145111083984,
            0.02384185791015625,
            0.014066696166992188,
            0.015974044799804688,
            0.011920928955078125,
            0.102996826171875,
            0.7231235504150391,
            0.0059604644775390625,
            0.0040531158447265625,
            1.0750293731689453,
            0.0069141387939453125,
            0.0059604644775390625,
            0.0030994415283203125,
            65.02604484558105,
            189.65983390808105,
            0.03719329833984375,
            26.28493309020996,
            0.032901763916015625,
            0.5209445953369141,
            0.01621246337890625,
            0.39577484130859375,
            0.007152557373046875,
            0.007867813110351562,
            0.0030994415283203125,
            68.55893135070801,
            0.029087066650390625,
            9.801864624023438,
            0.027179718017578125,
            16.585826873779297,
            0.03504753112792969,
            0.015020370483398438,
            0.9160041809082031,
            0.0059604644775390625,
            0.10704994201660156,
            0.0050067901611328125,
            8.851051330566406,
            0.2110004425048828,
            0.009059906005859375,
            0.7839202880859375,
            0.0069141387939453125,
            0.008106231689453125,
            0.0040531158447265625,
            645.378828048706,
            0.028133392333984375,
            26.629924774169922,
            0.030994415283203125,
            0.015974044799804688,
            1.207113265991211,
            0.011920928955078125,
            0.0050067901611328125,
            0.0040531158447265625
        ]
    }
}