{
    "(2886734945, 3741713926, 59738, 443, 'tcp', 0)": {
        "ts_list": [
            1645495763.073687,
            1645495763.073853,
            1645495763.073875,
            1645495763.099898,
            1645495763.099924,
            1645495763.099935,
            1645495763.099957,
            1645495763.099961,
            1645495763.099962,
            1645495763.099965,
            1645495763.100889,
            1645495763.100893,
            1645495763.100895,
            1645495763.100898,
            1645495763.104248,
            1645495763.170966,
            1645495763.338356,
            1645495763.338388,
            1645495763.364931,
            1645495763.36495,
            1645495763.364952,
            1645495763.364962,
            1645495763.365912,
            1645495763.365916,
            1645495763.366011,
            1645495763.366014,
            1645495763.451332,
            1645495763.45136,
            1645495763.477963,
            1645495763.477982,
            1645495763.477993,
            1645495763.478897,
            1645495763.478903,
            1645495763.478996,
            1645495763.479001,
            1645495763.638777,
            1645495763.63882,
            1645495763.667149,
            1645495763.667182,
            1645495763.667195,
            1645495763.667869,
            1645495763.667873,
            1645495763.667966,
            1645495763.66797,
            1645495763.681185,
            1645495763.681217,
            1645495763.681231,
            1645495763.68131,
            1645495763.707912,
            1645495763.707943,
            1645495763.707944,
            1645495763.707964,
            1645495763.707968,
            1645495763.708124,
            1645495763.708926,
            1645495763.708928,
            1645495763.708968,
            1645495763.709024,
            1645495763.733919,
            1645495763.734027,
            1645495763.734057,
            1645495763.73487,
            1645495763.73488,
            1645495763.734897,
            1645495764.707404,
            1645495764.707432,
            1645495764.733907,
            1645495764.734,
            1645495764.734965,
            1645495764.734998,
            1645495764.735063,
            1645495764.782779,
            1645495770.079669,
            1645495770.079703,
            1645495770.105943,
            1645495770.106013
        ],
        "ps_list": [
            158,
            184,
            225,
            66,
            121,
            66,
            110,
            66,
            101,
            66,
            190,
            66,
            260,
            66,
            97,
            66,
            121,
            225,
            66,
            66,
            101,
            66,
            121,
            66,
            255,
            66,
            121,
            225,
            66,
            101,
            66,
            119,
            66,
            314,
            66,
            121,
            225,
            66,
            101,
            66,
            120,
            66,
            298,
            66,
            121,
            121,
            225,
            225,
            121,
            225,
            66,
            101,
            101,
            66,
            140,
            297,
            66,
            324,
            66,
            101,
            66,
            104,
            324,
            66,
            121,
            225,
            66,
            101,
            144,
            66,
            394,
            66,
            121,
            225,
            66,
            101
        ],
        "direction_list": [
            0,
            0,
            0,
            1,
            1,
            0,
            1,
            0,
            1,
            0,
            1,
            0,
            1,
            0,
            0,
            1,
            0,
            0,
            1,
            1,
            1,
            0,
            1,
            0,
            1,
            0,
            0,
            0,
            1,
            1,
            0,
            1,
            0,
            1,
            0,
            0,
            0,
            1,
            1,
            0,
            1,
            0,
            1,
            0,
            0,
            0,
            0,
            0,
            0,
            0,
            1,
            1,
            1,
            0,
            1,
            1,
            0,
            1,
            1,
            1,
            0,
            1,
            1,
            0,
            0,
            0,
            1,
            1,
            1,
            0,
            1,
            0,
            0,
            0,
            1,
            1
        ],
        "piat_list": [
            0.24318695068359375,
            0.1659393310546875,
            0.02193450927734375,
            26.023149490356445,
            0.025987625122070312,
            0.010967254638671875,
            0.02193450927734375,
            0.0040531158447265625,
            0.00095367431640625,
            0.0030994415283203125,
            0.9238719940185547,
            0.0040531158447265625,
            0.0019073486328125,
            0.0030994415283203125,
            3.3500194549560547,
            66.71786308288574,
            167.3901081085205,
            0.031948089599609375,
            26.543140411376953,
            0.018835067749023438,
            0.0021457672119140625,
            0.010013580322265625,
            0.949859619140625,
            0.0040531158447265625,
            0.09489059448242188,
            0.0030994415283203125,
            85.31808853149414,
            0.027894973754882812,
            26.602983474731445,
            0.019073486328125,
            0.010967254638671875,
            0.904083251953125,
            0.0059604644775390625,
            0.09298324584960938,
            0.0050067901611328125,
            159.775972366333,
            0.04291534423828125,
            28.329133987426758,
            0.032901763916015625,
            0.013113021850585938,
            0.6740093231201172,
            0.003814697265625,
            0.09298324584960938,
            0.0040531158447265625,
            13.215065002441406,
            0.031948089599609375,
            0.014066696166992188,
            0.07891654968261719,
            26.60202980041504,
            0.030994415283203125,
            0.00095367431640625,
            0.02002716064453125,
            0.0040531158447265625,
            0.15592575073242188,
            0.8020401000976562,
            0.0021457672119140625,
            0.03981590270996094,
            0.05602836608886719,
            24.89495277404785,
            0.10800361633300781,
            0.030040740966796875,
            0.8130073547363281,
            0.010013580322265625,
            0.016927719116210938,
            972.5069999694824,
            0.028133392333984375,
            26.474952697753906,
            0.09298324584960938,
            0.965118408203125,
            0.032901763916015625,
            0.06508827209472656,
            47.71590232849121,
            5296.890020370483,
            0.03409385681152344,
            26.239871978759766,
            0.07009506225585938
        ]
    }
}