{
    "(2886734945, 3741713926, 52970, 443, 'tcp', 0)": {
        "ts_list": [
            1645168253.725486,
            1645168253.725662,
            1645168253.725683,
            1645168253.754821,
            1645168253.754848,
            1645168253.754859,
            1645168253.754888,
            1645168253.754894,
            1645168253.755021,
            1645168253.755699,
            1645168253.755794,
            1645168253.755799,
            1645168253.75669,
            1645168253.756696,
            1645168253.756794,
            1645168253.756798,
            1645168253.824713,
            1645168254.010921,
            1645168254.010955,
            1645168254.040724,
            1645168254.040749,
            1645168254.040797,
            1645168254.040808,
            1645168254.041773,
            1645168254.041781,
            1645168254.041864,
            1645168254.04187,
            1645168254.121782,
            1645168254.121811,
            1645168254.151692,
            1645168254.151708,
            1645168254.151719,
            1645168254.152657,
            1645168254.152662,
            1645168254.152755,
            1645168254.152759,
            1645168254.362305,
            1645168254.362345,
            1645168254.390539,
            1645168254.390573,
            1645168254.391693,
            1645168254.391711,
            1645168254.391718,
            1645168254.392727,
            1645168254.392731,
            1645168254.392824,
            1645168254.392829,
            1645168254.419659,
            1645168254.419756,
            1645168254.419761,
            1645168254.420654,
            1645168254.420658,
            1645168254.420663,
            1645168254.420666,
            1645168254.547333,
            1645168254.547361,
            1645168254.576689,
            1645168254.576713,
            1645168254.576727,
            1645168254.665648,
            1645168254.665675,
            1645168254.665744,
            1645168254.665749,
            1645168254.789719,
            1645168254.789743,
            1645168254.819755,
            1645168254.819786,
            1645168254.819801,
            1645168254.873993,
            1645168254.874028,
            1645168254.874034,
            1645168254.874037
        ],
        "ps_list": [
            158,
            184,
            225,
            66,
            121,
            66,
            110,
            66,
            97,
            66,
            101,
            66,
            191,
            66,
            260,
            66,
            66,
            121,
            225,
            66,
            66,
            101,
            66,
            144,
            66,
            255,
            66,
            121,
            225,
            66,
            101,
            66,
            120,
            66,
            252,
            66,
            121,
            225,
            121,
            225,
            66,
            101,
            66,
            120,
            66,
            312,
            66,
            66,
            101,
            66,
            120,
            66,
            297,
            66,
            121,
            225,
            66,
            101,
            66,
            122,
            66,
            293,
            66,
            121,
            225,
            66,
            101,
            66,
            104,
            66,
            293,
            66
        ],
        "direction_list": [
            0,
            0,
            0,
            1,
            1,
            0,
            1,
            0,
            0,
            1,
            1,
            0,
            1,
            0,
            1,
            0,
            1,
            0,
            0,
            1,
            1,
            1,
            0,
            1,
            0,
            1,
            0,
            0,
            0,
            1,
            1,
            0,
            1,
            0,
            1,
            0,
            0,
            0,
            0,
            0,
            1,
            1,
            0,
            1,
            0,
            1,
            0,
            1,
            1,
            0,
            1,
            0,
            1,
            0,
            0,
            0,
            1,
            1,
            0,
            1,
            0,
            1,
            0,
            0,
            0,
            1,
            1,
            0,
            1,
            0,
            1,
            0
        ],
        "piat_list": [
            0.28705596923828125,
            0.17595291137695312,
            0.0209808349609375,
            29.13808822631836,
            0.026941299438476562,
            0.010967254638671875,
            0.029087066650390625,
            0.0059604644775390625,
            0.1270771026611328,
            0.6778240203857422,
            0.09512901306152344,
            0.0050067901611328125,
            0.8909702301025391,
            0.0059604644775390625,
            0.09799003601074219,
            0.0040531158447265625,
            67.91496276855469,
            186.20800971984863,
            0.03409385681152344,
            29.768943786621094,
            0.025033950805664062,
            0.04792213439941406,
            0.010967254638671875,
            0.965118408203125,
            0.007867813110351562,
            0.08296966552734375,
            0.006198883056640625,
            79.91194725036621,
            0.028848648071289062,
            29.881000518798828,
            0.015974044799804688,
            0.011205673217773438,
            0.9379386901855469,
            0.0050067901611328125,
            0.09298324584960938,
            0.0040531158447265625,
            209.54585075378418,
            0.0400543212890625,
            28.193950653076172,
            0.03409385681152344,
            1.1200904846191406,
            0.017881393432617188,
            0.0069141387939453125,
            1.0089874267578125,
            0.0040531158447265625,
            0.09298324584960938,
            0.0050067901611328125,
            26.829957962036133,
            0.09703636169433594,
            0.0050067901611328125,
            0.8931159973144531,
            0.0040531158447265625,
            0.0050067901611328125,
            0.00286102294921875,
            126.66702270507812,
            0.027894973754882812,
            29.328107833862305,
            0.024080276489257812,
            0.013828277587890625,
            88.92107009887695,
            0.026941299438476562,
            0.06914138793945312,
            0.0050067901611328125,
            123.97003173828125,
            0.02384185791015625,
            30.012130737304688,
            0.030994415283203125,
            0.015020370483398438,
            54.19182777404785,
            0.03504753112792969,
            0.0059604644775390625,
            0.0030994415283203125
        ]
    }
}