{
    "(2886734945, 3741713926, 56534, 443, 'tcp', 0)": {
        "ts_list": [
            1645392875.578394,
            1645392875.578611,
            1645392875.578635,
            1645392875.608188,
            1645392875.608232,
            1645392875.608237,
            1645392875.608241,
            1645392875.608251,
            1645392875.608254,
            1645392875.608257,
            1645392875.608261,
            1645392875.609067,
            1645392875.609073,
            1645392875.609076,
            1645392875.60908,
            1645392875.614122,
            1645392875.684289,
            1645392875.823213,
            1645392875.823245,
            1645392875.852094,
            1645392875.853383,
            1645392875.853476,
            1645392875.853483,
            1645392875.854042,
            1645392875.854048,
            1645392875.854057,
            1645392875.854062,
            1645392875.938466,
            1645392875.938492,
            1645392875.968214,
            1645392875.968228,
            1645392875.968236,
            1645392875.969218,
            1645392875.969228,
            1645392875.969236,
            1645392875.969239,
            1645392876.001995,
            1645392876.002032,
            1645392876.031154,
            1645392876.03123,
            1645392876.032445,
            1645392876.032451,
            1645392876.032491,
            1645392876.1159,
            1645392876.115935,
            1645392876.145218,
            1645392876.145244,
            1645392876.146077,
            1645392876.146112,
            1645392876.146199,
            1645392876.174657,
            1645392876.174683,
            1645392876.183651,
            1645392876.183684,
            1645392876.204091,
            1645392876.2042,
            1645392876.205143,
            1645392876.205146,
            1645392876.207987,
            1645392876.213069,
            1645392876.213085,
            1645392876.214064,
            1645392876.214093,
            1645392876.214189,
            1645392876.25478,
            1645392878.188705,
            1645392878.188739,
            1645392878.218033,
            1645392878.21814,
            1645392878.218151,
            1645392878.219247,
            1645392878.219253,
            1645392878.219346,
            1645392878.21935
        ],
        "ps_list": [
            164,
            184,
            225,
            121,
            66,
            101,
            66,
            97,
            66,
            101,
            66,
            191,
            66,
            260,
            66,
            97,
            66,
            121,
            225,
            66,
            66,
            101,
            66,
            121,
            66,
            255,
            66,
            121,
            225,
            66,
            101,
            66,
            120,
            66,
            331,
            66,
            121,
            225,
            66,
            101,
            130,
            337,
            66,
            121,
            225,
            66,
            101,
            122,
            66,
            272,
            121,
            225,
            121,
            225,
            66,
            101,
            120,
            298,
            66,
            66,
            101,
            121,
            66,
            309,
            66,
            121,
            225,
            66,
            101,
            66,
            145,
            66,
            344,
            66
        ],
        "direction_list": [
            0,
            0,
            0,
            1,
            0,
            1,
            0,
            1,
            0,
            1,
            0,
            1,
            0,
            1,
            0,
            0,
            1,
            0,
            0,
            1,
            1,
            1,
            0,
            1,
            0,
            1,
            0,
            0,
            0,
            1,
            1,
            0,
            1,
            0,
            1,
            0,
            0,
            0,
            1,
            1,
            1,
            1,
            0,
            0,
            0,
            1,
            1,
            1,
            0,
            1,
            0,
            0,
            0,
            0,
            1,
            1,
            1,
            1,
            0,
            1,
            1,
            1,
            0,
            1,
            0,
            0,
            0,
            1,
            1,
            0,
            1,
            0,
            1,
            0
        ],
        "piat_list": [
            0.30493736267089844,
            0.21696090698242188,
            0.024080276489257812,
            29.552936553955078,
            0.04410743713378906,
            0.0050067901611328125,
            0.0040531158447265625,
            0.010013580322265625,
            0.00286102294921875,
            0.0030994415283203125,
            0.0040531158447265625,
            0.8058547973632812,
            0.0059604644775390625,
            0.0030994415283203125,
            0.0040531158447265625,
            5.041837692260742,
            70.16706466674805,
            138.92412185668945,
            0.031948089599609375,
            28.848886489868164,
            1.2891292572021484,
            0.09298324584960938,
            0.0069141387939453125,
            0.5590915679931641,
            0.0059604644775390625,
            0.009059906005859375,
            0.0050067901611328125,
            84.40399169921875,
            0.025987625122070312,
            29.721975326538086,
            0.014066696166992188,
            0.007867813110351562,
            0.9820461273193359,
            0.010013580322265625,
            0.007867813110351562,
            0.0030994415283203125,
            32.75609016418457,
            0.03695487976074219,
            29.121875762939453,
            0.07605552673339844,
            1.2149810791015625,
            0.0059604644775390625,
            0.0400543212890625,
            83.40907096862793,
            0.03504753112792969,
            29.282808303833008,
            0.025987625122070312,
            0.8330345153808594,
            0.03504753112792969,
            0.08702278137207031,
            28.458118438720703,
            0.025987625122070312,
            8.967876434326172,
            0.03314018249511719,
            20.40696144104004,
            0.10895729064941406,
            0.9429454803466797,
            0.0030994415283203125,
            2.8409957885742188,
            5.081892013549805,
            0.015974044799804688,
            0.9789466857910156,
            0.029087066650390625,
            0.09608268737792969,
            40.59100151062012,
            1933.924913406372,
            0.03409385681152344,
            29.29401397705078,
            0.1068115234375,
            0.011205673217773438,
            1.0960102081298828,
            0.0059604644775390625,
            0.09298324584960938,
            0.0040531158447265625
        ]
    }
}