{
    "(2886734945, 3741648133, 34172, 443, 'tcp', 0)": {
        "ts_list": [
            1645423925.047633,
            1645423925.047851,
            1645423925.047879,
            1645423925.056723,
            1645423925.056744,
            1645423925.056753,
            1645423925.056769,
            1645423925.056774,
            1645423925.056806,
            1645423925.056809,
            1645423925.05688,
            1645423925.058631,
            1645423925.058636,
            1645423925.058731,
            1645423925.058735,
            1645423925.105606,
            1645423925.353631,
            1645423925.353672,
            1645423925.362633,
            1645423925.362659,
            1645423925.362707,
            1645423925.362719,
            1645423925.363677,
            1645423925.363682,
            1645423925.363776,
            1645423925.36378,
            1645423925.452024,
            1645423925.452053,
            1645423925.453661,
            1645423925.453684,
            1645423925.46081,
            1645423925.460833,
            1645423925.460841,
            1645423925.461666,
            1645423925.461671,
            1645423925.461766,
            1645423925.461771,
            1645423925.462578,
            1645423925.4631,
            1645423925.463104,
            1645423925.463676,
            1645423925.46368,
            1645423925.463776,
            1645423925.46378
        ],
        "ps_list": [
            158,
            184,
            225,
            66,
            121,
            66,
            110,
            66,
            101,
            66,
            97,
            190,
            66,
            260,
            66,
            66,
            121,
            225,
            66,
            66,
            101,
            66,
            121,
            66,
            255,
            66,
            121,
            225,
            121,
            225,
            66,
            101,
            66,
            122,
            66,
            253,
            66,
            66,
            101,
            66,
            122,
            66,
            412,
            66
        ],
        "direction_list": [
            0,
            0,
            0,
            1,
            1,
            0,
            1,
            0,
            1,
            0,
            0,
            1,
            0,
            1,
            0,
            1,
            0,
            0,
            1,
            1,
            1,
            0,
            1,
            0,
            1,
            0,
            0,
            0,
            0,
            0,
            1,
            1,
            0,
            1,
            0,
            1,
            0,
            1,
            1,
            0,
            1,
            0,
            1,
            0
        ],
        "piat_list": [
            0.32401084899902344,
            0.2181529998779297,
            0.027894973754882812,
            8.844137191772461,
            0.0209808349609375,
            0.008821487426757812,
            0.015974044799804688,
            0.0050067901611328125,
            0.03218650817871094,
            0.00286102294921875,
            0.07104873657226562,
            1.750946044921875,
            0.0050067901611328125,
            0.09512901306152344,
            0.003814697265625,
            46.871185302734375,
            248.02494049072266,
            0.04100799560546875,
            8.960962295532227,
            0.025987625122070312,
            0.04792213439941406,
            0.012159347534179688,
            0.9579658508300781,
            0.0050067901611328125,
            0.09393692016601562,
            0.0040531158447265625,
            88.24396133422852,
            0.029087066650390625,
            1.6078948974609375,
            0.023126602172851562,
            7.1258544921875,
            0.023126602172851562,
            0.007867813110351562,
            0.8251667022705078,
            0.0050067901611328125,
            0.09489059448242188,
            0.0050067901611328125,
            0.8070468902587891,
            0.5218982696533203,
            0.0040531158447265625,
            0.5719661712646484,
            0.0040531158447265625,
            0.09608268737792969,
            0.003814697265625
        ]
    }
}