{
    "(2886734945, 3741648133, 46096, 443, 'tcp', 0)": {
        "ts_list": [
            1644775838.442643,
            1644775838.442861,
            1644775838.442882,
            1644775838.45113,
            1644775838.451216,
            1644775838.451227,
            1644775838.45124,
            1644775838.451247,
            1644775838.451315,
            1644775838.451324,
            1644775838.451332,
            1644775838.452268,
            1644775838.452274,
            1644775838.45228,
            1644775838.452285,
            1644775838.499173,
            1644775838.681501,
            1644775838.681535,
            1644775838.689172,
            1644775838.689193,
            1644775838.689253,
            1644775838.689262,
            1644775838.690144,
            1644775838.690148,
            1644775838.690153,
            1644775838.690157,
            1644775838.789796,
            1644775838.789826,
            1644775838.791372,
            1644775838.7914,
            1644775838.798197,
            1644775838.798284,
            1644775838.798296,
            1644775838.799127,
            1644775838.799143,
            1644775838.799219,
            1644775838.799224,
            1644775838.800228,
            1644775838.800238,
            1644775838.801159,
            1644775838.801171,
            1644775838.801181,
            1644775838.801185,
            1644775839.085533,
            1644775839.085566,
            1644775839.093189,
            1644775839.093352,
            1644775839.093363,
            1644775839.094267,
            1644775839.09428,
            1644775839.09429,
            1644775839.094294,
            1644775839.111595,
            1644775839.111623,
            1644775839.120191,
            1644775839.120271,
            1644775839.121215,
            1644775839.121226,
            1644775839.121251
        ],
        "ps_list": [
            158,
            184,
            225,
            66,
            121,
            66,
            110,
            66,
            101,
            97,
            66,
            191,
            66,
            260,
            66,
            66,
            121,
            225,
            66,
            66,
            101,
            66,
            121,
            66,
            255,
            66,
            121,
            225,
            121,
            225,
            66,
            101,
            66,
            121,
            66,
            350,
            66,
            101,
            66,
            108,
            66,
            360,
            66,
            121,
            225,
            66,
            101,
            66,
            144,
            66,
            272,
            66,
            121,
            225,
            66,
            101,
            121,
            297,
            66
        ],
        "direction_list": [
            0,
            0,
            0,
            1,
            1,
            0,
            1,
            0,
            1,
            0,
            0,
            1,
            0,
            1,
            0,
            1,
            0,
            0,
            1,
            1,
            1,
            0,
            1,
            0,
            1,
            0,
            0,
            0,
            0,
            0,
            1,
            1,
            0,
            1,
            0,
            1,
            0,
            1,
            0,
            1,
            0,
            1,
            0,
            0,
            0,
            1,
            1,
            0,
            1,
            0,
            1,
            0,
            0,
            0,
            1,
            1,
            1,
            1,
            0
        ],
        "piat_list": [
            0.25200843811035156,
            0.2181529998779297,
            0.0209808349609375,
            8.247852325439453,
            0.08606910705566406,
            0.010967254638671875,
            0.013113021850585938,
            0.0069141387939453125,
            0.06794929504394531,
            0.009059906005859375,
            0.008106231689453125,
            0.9357929229736328,
            0.006198883056640625,
            0.0059604644775390625,
            0.0050067901611328125,
            46.887874603271484,
            182.3279857635498,
            0.03409385681152344,
            7.63702392578125,
            0.0209808349609375,
            0.06008148193359375,
            0.008821487426757812,
            0.8821487426757812,
            0.0040531158447265625,
            0.00476837158203125,
            0.0040531158447265625,
            99.6391773223877,
            0.029802322387695312,
            1.5461444854736328,
            0.027894973754882812,
            6.797075271606445,
            0.08702278137207031,
            0.011920928955078125,
            0.8311271667480469,
            0.015974044799804688,
            0.07581710815429688,
            0.0050067901611328125,
            1.0042190551757812,
            0.009775161743164062,
            0.9210109710693359,
            0.012159347534179688,
            0.010013580322265625,
            0.003814697265625,
            284.3480110168457,
            0.03314018249511719,
            7.622957229614258,
            0.16307830810546875,
            0.010967254638671875,
            0.9038448333740234,
            0.013113021850585938,
            0.010013580322265625,
            0.0040531158447265625,
            17.300844192504883,
            0.028133392333984375,
            8.568048477172852,
            0.07987022399902344,
            0.9441375732421875,
            0.010967254638671875,
            0.025033950805664062
        ]
    }
}