{
    "(2886734945, 3741713926, 46560, 443, 'tcp', 0)": {
        "ts_list": [
            1644913441.321714,
            1644913441.321887,
            1644913441.32191,
            1644913441.348403,
            1644913441.348437,
            1644913441.348451,
            1644913441.348464,
            1644913441.348468,
            1644913441.348595,
            1644913441.349379,
            1644913441.349505,
            1644913441.349511,
            1644913441.350465,
            1644913441.350475,
            1644913441.350484,
            1644913441.350489,
            1644913441.415458,
            1644913441.566351,
            1644913441.566381,
            1644913441.593406,
            1644913441.593432,
            1644913441.594707,
            1644913441.59472,
            1644913441.595591,
            1644913441.595595,
            1644913441.595686,
            1644913441.595689,
            1644913441.656986,
            1644913441.657012,
            1644913441.684449,
            1644913441.684528,
            1644913441.684542,
            1644913441.685422,
            1644913441.685426,
            1644913441.685431,
            1644913441.685434,
            1644913442.094502,
            1644913442.094543,
            1644913442.121417,
            1644913442.121489,
            1644913442.121497,
            1644913442.122731,
            1644913442.122736,
            1644913442.122741,
            1644913442.122745
        ],
        "ps_list": [
            158,
            184,
            225,
            66,
            121,
            66,
            110,
            66,
            97,
            66,
            101,
            66,
            190,
            66,
            260,
            66,
            66,
            121,
            225,
            66,
            66,
            101,
            66,
            122,
            66,
            255,
            66,
            121,
            225,
            66,
            101,
            66,
            121,
            66,
            351,
            66,
            121,
            225,
            66,
            101,
            66,
            144,
            66,
            297,
            66
        ],
        "direction_list": [
            0,
            0,
            0,
            1,
            1,
            0,
            1,
            0,
            0,
            1,
            1,
            0,
            1,
            0,
            1,
            0,
            1,
            0,
            0,
            1,
            1,
            1,
            0,
            1,
            0,
            1,
            0,
            0,
            0,
            1,
            1,
            0,
            1,
            0,
            1,
            0,
            0,
            0,
            1,
            1,
            0,
            1,
            0,
            1,
            0
        ],
        "piat_list": [
            0.24390220642089844,
            0.17309188842773438,
            0.02288818359375,
            26.493072509765625,
            0.03409385681152344,
            0.013828277587890625,
            0.013113021850585938,
            0.0040531158447265625,
            0.12683868408203125,
            0.7841587066650391,
            0.125885009765625,
            0.0059604644775390625,
            0.9541511535644531,
            0.010013580322265625,
            0.008821487426757812,
            0.0050067901611328125,
            64.96906280517578,
            150.892972946167,
            0.030040740966796875,
            27.02498435974121,
            0.025987625122070312,
            1.2750625610351562,
            0.012874603271484375,
            0.8711814880371094,
            0.003814697265625,
            0.09107589721679688,
            0.0030994415283203125,
            61.296939849853516,
            0.025987625122070312,
            27.43697166442871,
            0.07915496826171875,
            0.013828277587890625,
            0.8800029754638672,
            0.0040531158447265625,
            0.0050067901611328125,
            0.0030994415283203125,
            409.06786918640137,
            0.04100799560546875,
            26.874065399169922,
            0.07200241088867188,
            0.007867813110351562,
            1.2340545654296875,
            0.0050067901611328125,
            0.0050067901611328125,
            0.0040531158447265625
        ]
    }
}