{
    "(2886734945, 3741648133, 36116, 443, 'tcp', 0)": {
        "ts_list": [
            1645374571.672134,
            1645374571.67611,
            1645374571.676143,
            1645374571.680687,
            1645374571.680776,
            1645374571.680787,
            1645374571.6808,
            1645374571.680805,
            1645374571.680807,
            1645374571.68081,
            1645374571.680863,
            1645374571.684764,
            1645374571.684776,
            1645374571.684782,
            1645374571.685803,
            1645374571.68581,
            1645374571.685817,
            1645374571.685822,
            1645374571.730752,
            1645374571.968043,
            1645374571.968079,
            1645374571.976731,
            1645374571.976751,
            1645374571.97691,
            1645374571.97692,
            1645374571.977765,
            1645374571.977769,
            1645374571.977774,
            1645374571.977778,
            1645374572.105941,
            1645374572.105978,
            1645374572.114793,
            1645374572.114825,
            1645374572.114835,
            1645374572.115746,
            1645374572.115761,
            1645374572.115783,
            1645374572.115791,
            1645374572.45357,
            1645374572.453615,
            1645374572.453651,
            1645374572.462852,
            1645374572.462873,
            1645374572.462884,
            1645374572.462889,
            1645374572.462892,
            1645374572.463819,
            1645374572.463823,
            1645374572.463825,
            1645374572.463828,
            1645374573.348182,
            1645374573.348228,
            1645374573.357686,
            1645374573.357772,
            1645374573.357781,
            1645374573.358752,
            1645374573.358757,
            1645374573.358845,
            1645374573.35885
        ],
        "ps_list": [
            158,
            184,
            225,
            66,
            121,
            66,
            101,
            66,
            97,
            66,
            97,
            66,
            101,
            66,
            191,
            66,
            260,
            66,
            66,
            121,
            225,
            66,
            66,
            101,
            66,
            121,
            66,
            255,
            66,
            121,
            225,
            66,
            101,
            66,
            143,
            66,
            354,
            66,
            121,
            225,
            280,
            66,
            101,
            66,
            101,
            66,
            554,
            66,
            386,
            66,
            121,
            225,
            66,
            101,
            66,
            145,
            66,
            272,
            66
        ],
        "direction_list": [
            0,
            0,
            0,
            1,
            1,
            0,
            1,
            0,
            1,
            0,
            0,
            1,
            1,
            0,
            1,
            0,
            1,
            0,
            1,
            0,
            0,
            1,
            1,
            1,
            0,
            1,
            0,
            1,
            0,
            0,
            0,
            1,
            1,
            0,
            1,
            0,
            1,
            0,
            0,
            0,
            0,
            1,
            1,
            0,
            1,
            0,
            1,
            0,
            1,
            0,
            0,
            0,
            1,
            1,
            0,
            1,
            0,
            1,
            0
        ],
        "piat_list": [
            0.24199485778808594,
            3.976106643676758,
            0.032901763916015625,
            4.54401969909668,
            0.08893013000488281,
            0.011205673217773438,
            0.012874603271484375,
            0.0050067901611328125,
            0.0021457672119140625,
            0.00286102294921875,
            0.052928924560546875,
            3.9010047912597656,
            0.012159347534179688,
            0.0059604644775390625,
            1.0209083557128906,
            0.007152557373046875,
            0.0069141387939453125,
            0.0050067901611328125,
            44.92998123168945,
            237.2910976409912,
            0.03600120544433594,
            8.651971817016602,
            0.02002716064453125,
            0.1590251922607422,
            0.009775161743164062,
            0.8451938629150391,
            0.003814697265625,
            0.0050067901611328125,
            0.0040531158447265625,
            128.16309928894043,
            0.03695487976074219,
            8.81505012512207,
            0.031948089599609375,
            0.010013580322265625,
            0.9109973907470703,
            0.015020370483398438,
            0.02193450927734375,
            0.008106231689453125,
            337.77880668640137,
            0.04506111145019531,
            0.03600120544433594,
            9.2010498046875,
            0.0209808349609375,
            0.010967254638671875,
            0.0050067901611328125,
            0.0030994415283203125,
            0.926971435546875,
            0.0040531158447265625,
            0.0019073486328125,
            0.0030994415283203125,
            884.3538761138916,
            0.04601478576660156,
            9.458065032958984,
            0.08606910705566406,
            0.008821487426757812,
            0.9710788726806641,
            0.0050067901611328125,
            0.08797645568847656,
            0.0050067901611328125
        ]
    }
}