{
    "(2886734945, 3741648133, 36402, 443, 'tcp', 0)": {
        "ts_list": [
            1645374955.394462,
            1645374955.394633,
            1645374955.394652,
            1645374955.402787,
            1645374955.402805,
            1645374955.402813,
            1645374955.402832,
            1645374955.402836,
            1645374955.402929,
            1645374955.402965,
            1645374955.402969,
            1645374955.40374,
            1645374955.403746,
            1645374955.403753,
            1645374955.403757,
            1645374955.450795,
            1645374955.71894,
            1645374955.718975,
            1645374955.726713,
            1645374955.726733,
            1645374955.726892,
            1645374955.726903,
            1645374955.727785,
            1645374955.727791,
            1645374955.727797,
            1645374955.727801,
            1645374955.821849,
            1645374955.821878,
            1645374955.829787,
            1645374955.829804,
            1645374955.829812,
            1645374955.830807,
            1645374955.830819,
            1645374955.830827,
            1645374955.830832,
            1645374956.156869,
            1645374956.156906,
            1645374956.156933,
            1645374956.164773,
            1645374956.16485,
            1645374956.164862,
            1645374956.164868,
            1645374956.164871,
            1645374956.165759,
            1645374956.165765,
            1645374956.165857,
            1645374956.165862,
            1645374957.039465,
            1645374957.039541,
            1645374957.047813,
            1645374957.047926,
            1645374957.047941,
            1645374957.048736,
            1645374957.048752,
            1645374957.048758,
            1645374957.048764
        ],
        "ps_list": [
            158,
            184,
            225,
            66,
            121,
            66,
            110,
            66,
            97,
            101,
            66,
            191,
            66,
            260,
            66,
            66,
            121,
            225,
            66,
            66,
            101,
            66,
            121,
            66,
            255,
            66,
            121,
            225,
            66,
            101,
            66,
            121,
            66,
            354,
            66,
            121,
            225,
            280,
            66,
            101,
            66,
            101,
            66,
            163,
            66,
            812,
            66,
            121,
            225,
            66,
            101,
            66,
            144,
            66,
            272,
            66
        ],
        "direction_list": [
            0,
            0,
            0,
            1,
            1,
            0,
            1,
            0,
            0,
            1,
            0,
            1,
            0,
            1,
            0,
            1,
            0,
            0,
            1,
            1,
            1,
            0,
            1,
            0,
            1,
            0,
            0,
            0,
            1,
            1,
            0,
            1,
            0,
            1,
            0,
            0,
            0,
            0,
            1,
            1,
            0,
            1,
            0,
            1,
            0,
            1,
            0,
            0,
            0,
            1,
            1,
            0,
            1,
            0,
            1,
            0
        ],
        "piat_list": [
            0.2770423889160156,
            0.1709461212158203,
            0.018835067749023438,
            8.135080337524414,
            0.01811981201171875,
            0.007867813110351562,
            0.019073486328125,
            0.0040531158447265625,
            0.09298324584960938,
            0.03600120544433594,
            0.003814697265625,
            0.7710456848144531,
            0.0059604644775390625,
            0.007152557373046875,
            0.0040531158447265625,
            47.03783988952637,
            268.1450843811035,
            0.03504753112792969,
            7.737874984741211,
            0.02002716064453125,
            0.1590251922607422,
            0.010967254638671875,
            0.8821487426757812,
            0.0059604644775390625,
            0.0059604644775390625,
            0.0040531158447265625,
            94.04802322387695,
            0.028848648071289062,
            7.909059524536133,
            0.016927719116210938,
            0.008106231689453125,
            0.9949207305908203,
            0.011920928955078125,
            0.008106231689453125,
            0.0050067901611328125,
            326.0369300842285,
            0.03695487976074219,
            0.027179718017578125,
            7.83991813659668,
            0.07700920104980469,
            0.011920928955078125,
            0.006198883056640625,
            0.00286102294921875,
            0.8881092071533203,
            0.0059604644775390625,
            0.09202957153320312,
            0.0050067901611328125,
            873.6028671264648,
            0.07605552673339844,
            8.271932601928711,
            0.11301040649414062,
            0.015020370483398438,
            0.7951259613037109,
            0.015974044799804688,
            0.0059604644775390625,
            0.0059604644775390625
        ]
    }
}