{
    "(2886734945, 3741648133, 34968, 443, 'tcp', 0)": {
        "ts_list": [
            1644748972.087903,
            1644748972.088061,
            1644748972.088104,
            1644748972.098017,
            1644748972.098047,
            1644748972.098068,
            1644748972.098072,
            1644748972.098076,
            1644748972.098179,
            1644748972.09822,
            1644748972.098227,
            1644748972.09904,
            1644748972.099056,
            1644748972.099074,
            1644748972.09908,
            1644748972.14807,
            1644748972.346504,
            1644748972.346539,
            1644748972.356009,
            1644748972.356033,
            1644748972.35609,
            1644748972.356103,
            1644748972.357107,
            1644748972.35712,
            1644748972.357136,
            1644748972.35714,
            1644748972.429611,
            1644748972.429637,
            1644748972.43912,
            1644748972.439247,
            1644748972.439256,
            1644748972.440091,
            1644748972.4401,
            1644748972.440185,
            1644748972.440189,
            1644748972.749899,
            1644748972.749928,
            1644748972.759118,
            1644748972.759222,
            1644748972.759234,
            1644748972.760102,
            1644748972.760111,
            1644748972.760195,
            1644748972.760199,
            1644748972.949821,
            1644748972.949857,
            1644748972.959145,
            1644748972.959285,
            1644748972.959294,
            1644748972.960132,
            1644748972.960138,
            1644748972.960231,
            1644748972.960237,
            1644748972.986605,
            1644748972.986628,
            1644748972.994124,
            1644748972.994148,
            1644748972.99605,
            1644748972.996056,
            1644748972.997173,
            1644748972.9972,
            1644748972.997273,
            1644748973.004094,
            1644748973.004192,
            1644748973.004235,
            1644748973.005067,
            1644748973.005185,
            1644748973.005463
        ],
        "ps_list": [
            164,
            184,
            225,
            66,
            121,
            66,
            110,
            66,
            97,
            101,
            66,
            191,
            66,
            260,
            66,
            66,
            121,
            225,
            66,
            66,
            101,
            66,
            122,
            66,
            255,
            66,
            121,
            225,
            66,
            101,
            66,
            120,
            66,
            251,
            66,
            121,
            225,
            66,
            101,
            66,
            121,
            66,
            297,
            66,
            121,
            225,
            66,
            101,
            66,
            108,
            66,
            256,
            66,
            121,
            225,
            121,
            225,
            66,
            101,
            104,
            66,
            256,
            66,
            101,
            66,
            122,
            272,
            66
        ],
        "direction_list": [
            0,
            0,
            0,
            1,
            1,
            0,
            1,
            0,
            0,
            1,
            0,
            1,
            0,
            1,
            0,
            1,
            0,
            0,
            1,
            1,
            1,
            0,
            1,
            0,
            1,
            0,
            0,
            0,
            1,
            1,
            0,
            1,
            0,
            1,
            0,
            0,
            0,
            1,
            1,
            0,
            1,
            0,
            1,
            0,
            0,
            0,
            1,
            1,
            0,
            1,
            0,
            1,
            0,
            0,
            0,
            0,
            0,
            1,
            1,
            1,
            0,
            1,
            1,
            1,
            0,
            1,
            1,
            0
        ],
        "piat_list": [
            0.26607513427734375,
            0.15807151794433594,
            0.04291534423828125,
            9.912967681884766,
            0.030040740966796875,
            0.0209808349609375,
            0.0040531158447265625,
            0.0040531158447265625,
            0.102996826171875,
            0.04100799560546875,
            0.0069141387939453125,
            0.8130073547363281,
            0.015974044799804688,
            0.017881393432617188,
            0.006198883056640625,
            48.99001121520996,
            198.43387603759766,
            0.03504753112792969,
            9.469985961914062,
            0.024080276489257812,
            0.05698204040527344,
            0.012874603271484375,
            1.0039806365966797,
            0.013113021850585938,
            0.015974044799804688,
            0.0040531158447265625,
            72.47090339660645,
            0.025987625122070312,
            9.483098983764648,
            0.12683868408203125,
            0.009059906005859375,
            0.8349418640136719,
            0.009059906005859375,
            0.08511543273925781,
            0.003814697265625,
            309.7100257873535,
            0.029087066650390625,
            9.190082550048828,
            0.10395050048828125,
            0.011920928955078125,
            0.8680820465087891,
            0.009059906005859375,
            0.08392333984375,
            0.0040531158447265625,
            189.6219253540039,
            0.03600120544433594,
            9.28807258605957,
            0.1399517059326172,
            0.009059906005859375,
            0.8378028869628906,
            0.006198883056640625,
            0.09298324584960938,
            0.0059604644775390625,
            26.367902755737305,
            0.023126602172851562,
            7.495880126953125,
            0.024080276489257812,
            1.901865005493164,
            0.006198883056640625,
            1.1169910430908203,
            0.026941299438476562,
            0.07295608520507812,
            6.820917129516602,
            0.09822845458984375,
            0.04291534423828125,
            0.8320808410644531,
            0.11777877807617188,
            0.2779960632324219
        ]
    }
}