{
    "(2886734945, 3741648133, 36650, 443, 'tcp', 0)": {
        "ts_list": [
            1644992291.568071,
            1644992291.568302,
            1644992291.568329,
            1644992291.577233,
            1644992291.577263,
            1644992291.577284,
            1644992291.577292,
            1644992291.577297,
            1644992291.577406,
            1644992291.577414,
            1644992291.577419,
            1644992291.578226,
            1644992291.578231,
            1644992291.578236,
            1644992291.578239,
            1644992291.626265,
            1644992291.853028,
            1644992291.853066,
            1644992291.862248,
            1644992291.862278,
            1644992291.862318,
            1644992291.862333,
            1644992291.863197,
            1644992291.863203,
            1644992291.863293,
            1644992291.863297,
            1644992291.949437,
            1644992291.949465,
            1644992291.958237,
            1644992291.95832,
            1644992291.958331,
            1644992291.959219,
            1644992291.959232,
            1644992291.959321,
            1644992291.959327
        ],
        "ps_list": [
            158,
            184,
            225,
            66,
            121,
            66,
            110,
            66,
            97,
            101,
            66,
            191,
            66,
            260,
            66,
            66,
            121,
            225,
            66,
            66,
            101,
            66,
            122,
            66,
            255,
            66,
            121,
            225,
            66,
            101,
            66,
            122,
            66,
            252,
            66
        ],
        "direction_list": [
            0,
            0,
            0,
            1,
            1,
            0,
            1,
            0,
            0,
            1,
            0,
            1,
            0,
            1,
            0,
            1,
            0,
            0,
            1,
            1,
            1,
            0,
            1,
            0,
            1,
            0,
            0,
            0,
            1,
            1,
            0,
            1,
            0,
            1,
            0
        ],
        "piat_list": [
            0.331878662109375,
            0.23102760314941406,
            0.027179718017578125,
            8.903980255126953,
            0.030040740966796875,
            0.0209808349609375,
            0.007867813110351562,
            0.0050067901611328125,
            0.10895729064941406,
            0.008106231689453125,
            0.0050067901611328125,
            0.8070468902587891,
            0.0050067901611328125,
            0.0050067901611328125,
            0.00286102294921875,
            48.026084899902344,
            226.7630100250244,
            0.03790855407714844,
            9.181976318359375,
            0.030040740966796875,
            0.0400543212890625,
            0.015020370483398438,
            0.8640289306640625,
            0.0059604644775390625,
            0.08988380432128906,
            0.0040531158447265625,
            86.13991737365723,
            0.028133392333984375,
            8.771896362304688,
            0.08296966552734375,
            0.011205673217773438,
            0.8878707885742188,
            0.013113021850585938,
            0.08893013000488281,
            0.0059604644775390625
        ]
    }
}