{
    "(2886734945, 3741648133, 36656, 443, 'tcp', 0)": {
        "ts_list": [
            1644992314.878408,
            1644992314.878999,
            1644992314.879044,
            1644992314.886506,
            1644992314.886531,
            1644992314.886541,
            1644992314.886665,
            1644992314.886689,
            1644992314.886694,
            1644992314.887402,
            1644992314.887514,
            1644992314.887518,
            1644992314.888617,
            1644992314.888621,
            1644992314.888628,
            1644992314.888632,
            1644992314.935588,
            1644992315.145363,
            1644992315.145411,
            1644992315.153532,
            1644992315.153557,
            1644992315.153607,
            1644992315.153618,
            1644992315.154475,
            1644992315.154485,
            1644992315.154573,
            1644992315.154579,
            1644992315.256835,
            1644992315.256876,
            1644992315.265462,
            1644992315.265539,
            1644992315.265551,
            1644992315.266536,
            1644992315.26654,
            1644992315.266633,
            1644992315.266638
        ],
        "ps_list": [
            158,
            184,
            225,
            66,
            121,
            66,
            97,
            110,
            66,
            66,
            101,
            66,
            190,
            66,
            260,
            66,
            66,
            121,
            225,
            66,
            66,
            101,
            66,
            144,
            66,
            255,
            66,
            121,
            225,
            66,
            101,
            66,
            122,
            66,
            252,
            66
        ],
        "direction_list": [
            0,
            0,
            0,
            1,
            1,
            0,
            0,
            1,
            0,
            1,
            1,
            0,
            1,
            0,
            1,
            0,
            1,
            0,
            0,
            1,
            1,
            1,
            0,
            1,
            0,
            1,
            0,
            0,
            0,
            1,
            1,
            0,
            1,
            0,
            1,
            0
        ],
        "piat_list": [
            0.3478527069091797,
            0.5910396575927734,
            0.04506111145019531,
            7.462024688720703,
            0.025033950805664062,
            0.009775161743164062,
            0.12421607971191406,
            0.02384185791015625,
            0.0050067901611328125,
            0.7081031799316406,
            0.11205673217773438,
            0.003814697265625,
            1.0991096496582031,
            0.0040531158447265625,
            0.0069141387939453125,
            0.0040531158447265625,
            46.95582389831543,
            209.77520942687988,
            0.04792213439941406,
            8.121013641357422,
            0.025033950805664062,
            0.04982948303222656,
            0.011205673217773438,
            0.8568763732910156,
            0.010013580322265625,
            0.08797645568847656,
            0.0059604644775390625,
            102.25605964660645,
            0.04100799560546875,
            8.585929870605469,
            0.07700920104980469,
            0.012159347534179688,
            0.9849071502685547,
            0.0040531158447265625,
            0.09298324584960938,
            0.0050067901611328125
        ]
    }
}