{
    "(2886734945, 3741648133, 36722, 443, 'tcp', 0)": {
        "ts_list": [
            1644992555.629892,
            1644992555.630062,
            1644992555.630274,
            1644992555.638545,
            1644992555.638584,
            1644992555.638714,
            1644992555.639479,
            1644992555.639579,
            1644992555.639585,
            1644992555.639591,
            1644992555.639596,
            1644992555.6396,
            1644992555.639604,
            1644992555.640712,
            1644992555.640719,
            1644992555.640725,
            1644992555.640731,
            1644992555.687591,
            1644992555.961084,
            1644992555.96112,
            1644992555.969578,
            1644992555.969612,
            1644992555.969755,
            1644992555.96977,
            1644992555.970529,
            1644992555.970544,
            1644992555.970558,
            1644992555.970563,
            1644992556.075896,
            1644992556.075927,
            1644992556.084588,
            1644992556.084672,
            1644992556.084683,
            1644992556.085461,
            1644992556.085475,
            1644992556.085588,
            1644992556.0856
        ],
        "ps_list": [
            164,
            184,
            225,
            121,
            66,
            97,
            66,
            101,
            66,
            97,
            66,
            101,
            66,
            191,
            66,
            260,
            66,
            66,
            121,
            225,
            66,
            66,
            101,
            66,
            122,
            66,
            255,
            66,
            121,
            225,
            66,
            101,
            66,
            144,
            66,
            252,
            66
        ],
        "direction_list": [
            0,
            0,
            0,
            1,
            0,
            0,
            1,
            1,
            0,
            1,
            0,
            1,
            0,
            1,
            0,
            1,
            0,
            1,
            0,
            0,
            1,
            1,
            1,
            0,
            1,
            0,
            1,
            0,
            0,
            0,
            1,
            1,
            0,
            1,
            0,
            1,
            0
        ],
        "piat_list": [
            0.2701282501220703,
            0.16999244689941406,
            0.21195411682128906,
            8.270978927612305,
            0.03886222839355469,
            0.13017654418945312,
            0.7648468017578125,
            0.10013580322265625,
            0.0059604644775390625,
            0.0059604644775390625,
            0.0050067901611328125,
            0.0040531158447265625,
            0.0040531158447265625,
            1.107931137084961,
            0.0069141387939453125,
            0.0059604644775390625,
            0.006198883056640625,
            46.8599796295166,
            273.49281311035156,
            0.03600120544433594,
            8.458137512207031,
            0.033855438232421875,
            0.1430511474609375,
            0.015020370483398438,
            0.759124755859375,
            0.015020370483398438,
            0.013828277587890625,
            0.0050067901611328125,
            105.33308982849121,
            0.030994415283203125,
            8.661031723022461,
            0.08392333984375,
            0.010967254638671875,
            0.7779598236083984,
            0.014066696166992188,
            0.11301040649414062,
            0.011920928955078125
        ]
    }
}