{
    "(2886734945, 3741648133, 36748, 443, 'tcp', 0)": {
        "ts_list": [
            1644992656.869,
            1644992656.869162,
            1644992656.869186,
            1644992656.877735,
            1644992656.877774,
            1644992656.877791,
            1644992656.877805,
            1644992656.877811,
            1644992656.877816,
            1644992656.87782,
            1644992656.87799,
            1644992656.878625,
            1644992656.878638,
            1644992656.878647,
            1644992656.878653,
            1644992656.926556,
            1644992657.181274,
            1644992657.181312,
            1644992657.189583,
            1644992657.189606,
            1644992657.189659,
            1644992657.189669,
            1644992657.19054,
            1644992657.190544,
            1644992657.190653,
            1644992657.190657,
            1644992657.296956,
            1644992657.296988,
            1644992657.305595,
            1644992657.305682,
            1644992657.305696,
            1644992657.306529,
            1644992657.306534,
            1644992657.306537,
            1644992657.30654
        ],
        "ps_list": [
            158,
            184,
            225,
            66,
            121,
            66,
            110,
            66,
            101,
            66,
            97,
            191,
            66,
            260,
            66,
            66,
            121,
            225,
            66,
            66,
            101,
            66,
            145,
            66,
            255,
            66,
            121,
            225,
            66,
            101,
            66,
            122,
            66,
            252,
            66
        ],
        "direction_list": [
            0,
            0,
            0,
            1,
            1,
            0,
            1,
            0,
            1,
            0,
            0,
            1,
            0,
            1,
            0,
            1,
            0,
            0,
            1,
            1,
            1,
            0,
            1,
            0,
            1,
            0,
            0,
            0,
            1,
            1,
            0,
            1,
            0,
            1,
            0
        ],
        "piat_list": [
            0.26297569274902344,
            0.1621246337890625,
            0.02384185791015625,
            8.548974990844727,
            0.03910064697265625,
            0.016927719116210938,
            0.014066696166992188,
            0.0059604644775390625,
            0.0050067901611328125,
            0.0040531158447265625,
            0.16999244689941406,
            0.6349086761474609,
            0.013113021850585938,
            0.009059906005859375,
            0.0059604644775390625,
            47.90306091308594,
            254.71782684326172,
            0.03814697265625,
            8.270978927612305,
            0.02288818359375,
            0.05316734313964844,
            0.009775161743164062,
            0.8711814880371094,
            0.003814697265625,
            0.10919570922851562,
            0.003814697265625,
            106.29916191101074,
            0.031948089599609375,
            8.606910705566406,
            0.08702278137207031,
            0.014066696166992188,
            0.8330345153808594,
            0.0050067901611328125,
            0.00286102294921875,
            0.0030994415283203125
        ]
    }
}