{
    "(2886734945, 3741648133, 52880, 443, 'tcp', 0)": {
        "ts_list": [
            1645473354.684993,
            1645473354.685224,
            1645473354.685248,
            1645473354.694709,
            1645473354.694739,
            1645473354.694774,
            1645473354.694896,
            1645473354.694902,
            1645473354.694904,
            1645473354.694916,
            1645473354.694921,
            1645473354.695717,
            1645473354.695732,
            1645473354.695742,
            1645473354.695749,
            1645473354.745743,
            1645473355.054304,
            1645473355.054343,
            1645473355.063694,
            1645473355.063768,
            1645473355.063869,
            1645473355.063884,
            1645473355.06557,
            1645473355.065575,
            1645473355.065718,
            1645473355.065722,
            1645473355.175236,
            1645473355.175267,
            1645473355.184772,
            1645473355.184799,
            1645473355.184809,
            1645473355.185686,
            1645473355.185698,
            1645473355.185706,
            1645473355.18571,
            1645473355.499199,
            1645473355.49924,
            1645473355.508742,
            1645473355.508806,
            1645473355.50882,
            1645473355.510618,
            1645473355.510623,
            1645473355.510743,
            1645473355.510748
        ],
        "ps_list": [
            158,
            184,
            225,
            66,
            121,
            66,
            110,
            97,
            101,
            66,
            66,
            191,
            66,
            260,
            66,
            66,
            121,
            225,
            66,
            66,
            101,
            66,
            143,
            66,
            255,
            66,
            121,
            225,
            66,
            101,
            66,
            119,
            66,
            320,
            66,
            121,
            225,
            66,
            101,
            66,
            120,
            66,
            297,
            66
        ],
        "direction_list": [
            0,
            0,
            0,
            1,
            1,
            0,
            1,
            0,
            1,
            0,
            0,
            1,
            0,
            1,
            0,
            1,
            0,
            0,
            1,
            1,
            1,
            0,
            1,
            0,
            1,
            0,
            0,
            0,
            1,
            1,
            0,
            1,
            0,
            1,
            0,
            0,
            0,
            1,
            1,
            0,
            1,
            0,
            1,
            0
        ],
        "piat_list": [
            0.30803680419921875,
            0.23102760314941406,
            0.02384185791015625,
            9.461164474487305,
            0.030040740966796875,
            0.034809112548828125,
            0.1220703125,
            0.0059604644775390625,
            0.0021457672119140625,
            0.011920928955078125,
            0.0050067901611328125,
            0.7960796356201172,
            0.015020370483398438,
            0.009775161743164062,
            0.007152557373046875,
            49.99399185180664,
            308.560848236084,
            0.03910064697265625,
            9.351015090942383,
            0.07390975952148438,
            0.1010894775390625,
            0.015020370483398438,
            1.68609619140625,
            0.00476837158203125,
            0.1430511474609375,
            0.0040531158447265625,
            109.51399803161621,
            0.030994415283203125,
            9.505033493041992,
            0.026941299438476562,
            0.010013580322265625,
            0.8771419525146484,
            0.011920928955078125,
            0.007867813110351562,
            0.0040531158447265625,
            313.4889602661133,
            0.04100799560546875,
            9.502172470092773,
            0.06389617919921875,
            0.014066696166992188,
            1.7979145050048828,
            0.0050067901611328125,
            0.11992454528808594,
            0.0050067901611328125
        ]
    }
}