{
    "(2886734945, 3741648133, 60654, 443, 'tcp', 0)": {
        "ts_list": [
            1644979772.80752,
            1644979772.807749,
            1644979772.807783,
            1644979772.817456,
            1644979772.817507,
            1644979772.817534,
            1644979772.817539,
            1644979772.817545,
            1644979772.81765,
            1644979772.817657,
            1644979772.81772,
            1644979772.818401,
            1644979772.818413,
            1644979772.818421,
            1644979772.818427,
            1644979772.867385,
            1644979773.130982,
            1644979773.131022,
            1644979773.140464,
            1644979773.140493,
            1644979773.14054,
            1644979773.140552,
            1644979773.141451,
            1644979773.141464,
            1644979773.141472,
            1644979773.141475,
            1644979773.220437,
            1644979773.220469,
            1644979773.230438,
            1644979773.230524,
            1644979773.230537,
            1644979773.231371,
            1644979773.231382,
            1644979773.231385,
            1644979773.23139,
            1644979773.300397,
            1644979773.300426,
            1644979773.310445,
            1644979773.310545,
            1644979773.310567,
            1644979773.311393,
            1644979773.31141,
            1644979773.311493,
            1644979773.311499,
            1644979773.442165,
            1644979773.442206,
            1644979773.452403,
            1644979773.452478,
            1644979773.452488,
            1644979773.453581,
            1644979773.453585,
            1644979773.453748,
            1644979773.818091,
            1644979773.818128,
            1644979773.828386,
            1644979773.828465,
            1644979773.828477,
            1644979773.829471,
            1644979773.829482,
            1644979773.82949,
            1644979773.829494
        ],
        "ps_list": [
            158,
            184,
            225,
            66,
            121,
            66,
            110,
            66,
            101,
            66,
            97,
            191,
            66,
            260,
            66,
            66,
            121,
            225,
            66,
            66,
            101,
            66,
            145,
            66,
            255,
            66,
            121,
            225,
            66,
            101,
            66,
            121,
            66,
            289,
            66,
            121,
            225,
            66,
            101,
            66,
            121,
            66,
            302,
            66,
            121,
            225,
            66,
            101,
            66,
            119,
            297,
            66,
            121,
            225,
            66,
            101,
            66,
            122,
            66,
            332,
            66
        ],
        "direction_list": [
            0,
            0,
            0,
            1,
            1,
            0,
            1,
            0,
            1,
            0,
            0,
            1,
            0,
            1,
            0,
            1,
            0,
            0,
            1,
            1,
            1,
            0,
            1,
            0,
            1,
            0,
            0,
            0,
            1,
            1,
            0,
            1,
            0,
            1,
            0,
            0,
            0,
            1,
            1,
            0,
            1,
            0,
            1,
            0,
            0,
            0,
            1,
            1,
            0,
            1,
            1,
            0,
            0,
            0,
            1,
            1,
            0,
            1,
            0,
            1,
            0
        ],
        "piat_list": [
            0.3478527069091797,
            0.22912025451660156,
            0.033855438232421875,
            9.673118591308594,
            0.051021575927734375,
            0.026941299438476562,
            0.0050067901611328125,
            0.0059604644775390625,
            0.10514259338378906,
            0.0069141387939453125,
            0.0629425048828125,
            0.6811618804931641,
            0.011920928955078125,
            0.007867813110351562,
            0.006198883056640625,
            48.95782470703125,
            263.5970115661621,
            0.0400543212890625,
            9.44209098815918,
            0.028848648071289062,
            0.04696846008300781,
            0.012159347534179688,
            0.8988380432128906,
            0.013113021850585938,
            0.008106231689453125,
            0.00286102294921875,
            78.96208763122559,
            0.031948089599609375,
            9.968996047973633,
            0.08606910705566406,
            0.012874603271484375,
            0.8339881896972656,
            0.010967254638671875,
            0.0030994415283203125,
            0.0050067901611328125,
            69.00691986083984,
            0.029087066650390625,
            10.019063949584961,
            0.09989738464355469,
            0.02193450927734375,
            0.8261203765869141,
            0.016927719116210938,
            0.08296966552734375,
            0.006198883056640625,
            130.66577911376953,
            0.04100799560546875,
            10.197162628173828,
            0.07486343383789062,
            0.010013580322265625,
            1.093149185180664,
            0.003814697265625,
            0.16307830810546875,
            364.34292793273926,
            0.03719329833984375,
            10.257959365844727,
            0.07891654968261719,
            0.011920928955078125,
            0.9942054748535156,
            0.010967254638671875,
            0.007867813110351562,
            0.0040531158447265625
        ]
    }
}