{
    "(2886734945, 3741648133, 51540, 443, 'tcp', 0)": {
        "ts_list": [
            1645091025.300492,
            1645091025.300675,
            1645091025.3007,
            1645091025.309933,
            1645091025.310018,
            1645091025.310027,
            1645091025.31004,
            1645091025.310044,
            1645091025.310151,
            1645091025.310721,
            1645091025.31084,
            1645091025.310847,
            1645091025.310983,
            1645091025.310989,
            1645091025.311084,
            1645091025.31109,
            1645091025.359734,
            1645091025.589668,
            1645091025.589705,
            1645091025.598697,
            1645091025.598729,
            1645091025.598874,
            1645091025.598889,
            1645091025.599778,
            1645091025.599795,
            1645091025.599809,
            1645091025.599813,
            1645091025.671119,
            1645091025.671147,
            1645091025.67262,
            1645091025.672643,
            1645091025.680799,
            1645091025.680876,
            1645091025.680886,
            1645091025.681758,
            1645091025.681862,
            1645091025.68187,
            1645091025.682676,
            1645091025.682687,
            1645091025.682698,
            1645091025.682702,
            1645091025.682869,
            1645091025.682875,
            1645091026.093608,
            1645091026.093632,
            1645091026.102832,
            1645091026.102939,
            1645091026.102948,
            1645091026.103761,
            1645091026.103768,
            1645091026.103859,
            1645091026.103863,
            1645091027.005763,
            1645091027.0058,
            1645091027.015764,
            1645091027.015846,
            1645091027.015857,
            1645091027.015946,
            1645091027.015953,
            1645091027.015955,
            1645091027.01596
        ],
        "ps_list": [
            158,
            184,
            225,
            66,
            121,
            66,
            110,
            66,
            97,
            66,
            101,
            66,
            191,
            66,
            260,
            66,
            66,
            121,
            225,
            66,
            66,
            101,
            66,
            121,
            66,
            255,
            66,
            121,
            225,
            121,
            225,
            66,
            101,
            66,
            66,
            101,
            66,
            120,
            66,
            310,
            66,
            254,
            66,
            121,
            225,
            66,
            101,
            66,
            143,
            66,
            258,
            66,
            121,
            225,
            66,
            101,
            66,
            131,
            66,
            700,
            66
        ],
        "direction_list": [
            0,
            0,
            0,
            1,
            1,
            0,
            1,
            0,
            0,
            1,
            1,
            0,
            1,
            0,
            1,
            0,
            1,
            0,
            0,
            1,
            1,
            1,
            0,
            1,
            0,
            1,
            0,
            0,
            0,
            0,
            0,
            1,
            1,
            0,
            1,
            1,
            0,
            1,
            0,
            1,
            0,
            1,
            0,
            0,
            0,
            1,
            1,
            0,
            1,
            0,
            1,
            0,
            0,
            0,
            1,
            1,
            0,
            1,
            0,
            1,
            0
        ],
        "piat_list": [
            0.247955322265625,
            0.18286705017089844,
            0.025033950805664062,
            9.23299789428711,
            0.08511543273925781,
            0.008821487426757812,
            0.013113021850585938,
            0.0040531158447265625,
            0.10704994201660156,
            0.5698204040527344,
            0.11897087097167969,
            0.007152557373046875,
            0.13589859008789062,
            0.0059604644775390625,
            0.09512901306152344,
            0.0059604644775390625,
            48.644065856933594,
            229.9339771270752,
            0.03695487976074219,
            8.99195671081543,
            0.031948089599609375,
            0.14519691467285156,
            0.015020370483398438,
            0.888824462890625,
            0.0171661376953125,
            0.013828277587890625,
            0.0040531158447265625,
            71.30599021911621,
            0.028133392333984375,
            1.4729499816894531,
            0.02288818359375,
            8.156061172485352,
            0.07700920104980469,
            0.010013580322265625,
            0.8718967437744141,
            0.10418891906738281,
            0.007867813110351562,
            0.8060932159423828,
            0.010967254638671875,
            0.010967254638671875,
            0.0040531158447265625,
            0.16689300537109375,
            0.0059604644775390625,
            410.7329845428467,
            0.024080276489257812,
            9.200096130371094,
            0.1068115234375,
            0.009059906005859375,
            0.8130073547363281,
            0.007152557373046875,
            0.09083747863769531,
            0.0040531158447265625,
            901.900053024292,
            0.03695487976074219,
            9.9639892578125,
            0.0820159912109375,
            0.010967254638671875,
            0.08893013000488281,
            0.007152557373046875,
            0.0019073486328125,
            0.0050067901611328125
        ]
    }
}