{
    "(2886734945, 3741648133, 32784, 443, 'tcp', 0)": {
        "ts_list": [
            1645421964.396233,
            1645421964.396427,
            1645421964.396454,
            1645421964.405702,
            1645421964.405726,
            1645421964.405737,
            1645421964.405754,
            1645421964.405759,
            1645421964.405786,
            1645421964.405789,
            1645421964.40586,
            1645421964.406579,
            1645421964.406583,
            1645421964.406677,
            1645421964.406681,
            1645421964.456511,
            1645421964.697356,
            1645421964.697388,
            1645421964.706642,
            1645421964.706665,
            1645421964.706718,
            1645421964.706729,
            1645421964.707576,
            1645421964.707581,
            1645421964.707587,
            1645421964.70759,
            1645421964.825916,
            1645421964.825944,
            1645421964.835738,
            1645421964.835815,
            1645421964.835825,
            1645421964.836727,
            1645421964.836732,
            1645421964.836735,
            1645421964.836737,
            1645421964.910969,
            1645421964.911003,
            1645421964.920598,
            1645421964.92068,
            1645421964.920693,
            1645421964.921638,
            1645421964.92165,
            1645421964.921657,
            1645421964.921662,
            1645421964.932058,
            1645421964.932084,
            1645421964.941622,
            1645421964.941707,
            1645421964.94265,
            1645421964.942658,
            1645421964.942691
        ],
        "ps_list": [
            158,
            184,
            225,
            66,
            121,
            66,
            110,
            66,
            101,
            66,
            97,
            191,
            66,
            260,
            66,
            66,
            121,
            225,
            66,
            66,
            101,
            66,
            121,
            66,
            255,
            66,
            121,
            225,
            66,
            101,
            66,
            122,
            66,
            250,
            66,
            121,
            225,
            66,
            101,
            66,
            122,
            66,
            254,
            66,
            121,
            225,
            66,
            101,
            120,
            297,
            66
        ],
        "direction_list": [
            0,
            0,
            0,
            1,
            1,
            0,
            1,
            0,
            1,
            0,
            0,
            1,
            0,
            1,
            0,
            1,
            0,
            0,
            1,
            1,
            1,
            0,
            1,
            0,
            1,
            0,
            0,
            0,
            1,
            1,
            0,
            1,
            0,
            1,
            0,
            0,
            0,
            1,
            1,
            0,
            1,
            0,
            1,
            0,
            0,
            0,
            1,
            1,
            1,
            1,
            0
        ],
        "piat_list": [
            0.2570152282714844,
            0.1938343048095703,
            0.027179718017578125,
            9.248018264770508,
            0.02384185791015625,
            0.010967254638671875,
            0.0171661376953125,
            0.0050067901611328125,
            0.026941299438476562,
            0.00286102294921875,
            0.07104873657226562,
            0.7190704345703125,
            0.0040531158447265625,
            0.09393692016601562,
            0.0040531158447265625,
            49.829959869384766,
            240.8449649810791,
            0.031948089599609375,
            9.253978729248047,
            0.023126602172851562,
            0.052928924560546875,
            0.010967254638671875,
            0.8471012115478516,
            0.0050067901611328125,
            0.0059604644775390625,
            0.0030994415283203125,
            118.32594871520996,
            0.027894973754882812,
            9.793996810913086,
            0.07700920104980469,
            0.010013580322265625,
            0.9019374847412109,
            0.0050067901611328125,
            0.0030994415283203125,
            0.0019073486328125,
            74.23210144042969,
            0.03409385681152344,
            9.594917297363281,
            0.0820159912109375,
            0.012874603271484375,
            0.9450912475585938,
            0.011920928955078125,
            0.007152557373046875,
            0.0050067901611328125,
            10.396003723144531,
            0.025987625122070312,
            9.537935256958008,
            0.08487701416015625,
            0.9431838989257812,
            0.007867813110351562,
            0.03314018249511719
        ]
    }
}