{
    "(2886734945, 3741648133, 38102, 443, 'tcp', 0)": {
        "ts_list": [
            1645131837.449727,
            1645131837.449917,
            1645131837.449938,
            1645131837.452597,
            1645131837.452626,
            1645131837.452705,
            1645131837.459316,
            1645131837.459338,
            1645131837.459349,
            1645131837.459403,
            1645131837.459408,
            1645131837.45941,
            1645131837.459413,
            1645131837.460405,
            1645131837.460415,
            1645131837.460425,
            1645131837.46043,
            1645131837.502349,
            1645131837.750028,
            1645131837.750067,
            1645131837.75929,
            1645131837.759424,
            1645131837.759428,
            1645131837.759438,
            1645131837.76038,
            1645131837.760386,
            1645131837.760391,
            1645131837.760395,
            1645131837.819502,
            1645131837.819537,
            1645131837.821715,
            1645131837.821741,
            1645131837.828405,
            1645131837.828489,
            1645131837.828498,
            1645131837.829351,
            1645131837.829358,
            1645131837.829363,
            1645131837.829368,
            1645131837.831327,
            1645131837.831423,
            1645131837.831429,
            1645131837.83237,
            1645131837.832375,
            1645131837.832384,
            1645131837.832388,
            1645131838.442431,
            1645131838.442475,
            1645131838.442591,
            1645131838.442603,
            1645131838.452339,
            1645131838.452359,
            1645131838.452369,
            1645131838.452379,
            1645131838.452383,
            1645131838.453351,
            1645131838.453356,
            1645131838.453568,
            1645131838.453572,
            1645131838.628939,
            1645131838.628971,
            1645131838.638353,
            1645131838.638437,
            1645131838.638448,
            1645131838.639482,
            1645131838.639486,
            1645131838.639489,
            1645131838.639492
        ],
        "ps_list": [
            158,
            184,
            225,
            121,
            66,
            97,
            66,
            101,
            66,
            97,
            66,
            101,
            66,
            191,
            66,
            260,
            66,
            66,
            121,
            225,
            66,
            66,
            101,
            66,
            121,
            66,
            255,
            66,
            121,
            225,
            121,
            225,
            66,
            101,
            66,
            122,
            66,
            247,
            66,
            66,
            101,
            66,
            122,
            66,
            443,
            66,
            121,
            225,
            121,
            225,
            66,
            101,
            66,
            101,
            66,
            418,
            66,
            255,
            66,
            121,
            225,
            66,
            101,
            66,
            120,
            66,
            295,
            66
        ],
        "direction_list": [
            0,
            0,
            0,
            1,
            0,
            0,
            1,
            1,
            0,
            1,
            0,
            1,
            0,
            1,
            0,
            1,
            0,
            1,
            0,
            0,
            1,
            1,
            1,
            0,
            1,
            0,
            1,
            0,
            0,
            0,
            0,
            0,
            1,
            1,
            0,
            1,
            0,
            1,
            0,
            1,
            1,
            0,
            1,
            0,
            1,
            0,
            0,
            0,
            0,
            0,
            1,
            1,
            0,
            1,
            0,
            1,
            0,
            1,
            0,
            0,
            0,
            1,
            1,
            0,
            1,
            0,
            1,
            0
        ],
        "piat_list": [
            7.831096649169922,
            0.1900196075439453,
            0.0209808349609375,
            2.658843994140625,
            0.029087066650390625,
            0.07891654968261719,
            6.611108779907227,
            0.02193450927734375,
            0.010967254638671875,
            0.05412101745605469,
            0.0050067901611328125,
            0.0019073486328125,
            0.0030994415283203125,
            0.9920597076416016,
            0.009775161743164062,
            0.010013580322265625,
            0.0050067901611328125,
            41.91899299621582,
            247.6789951324463,
            0.03910064697265625,
            9.222984313964844,
            0.13399124145507812,
            0.0040531158447265625,
            0.010013580322265625,
            0.9419918060302734,
            0.0059604644775390625,
            0.0050067901611328125,
            0.0040531158447265625,
            59.107065200805664,
            0.034809112548828125,
            2.178192138671875,
            0.025987625122070312,
            6.663799285888672,
            0.08416175842285156,
            0.008821487426757812,
            0.8530616760253906,
            0.007152557373046875,
            0.0050067901611328125,
            0.0050067901611328125,
            1.9588470458984375,
            0.09608268737792969,
            0.0059604644775390625,
            0.9410381317138672,
            0.0050067901611328125,
            0.009059906005859375,
            0.003814697265625,
            610.0430488586426,
            0.04410743713378906,
            0.11587142944335938,
            0.012159347534179688,
            9.735822677612305,
            0.02002716064453125,
            0.010013580322265625,
            0.010013580322265625,
            0.0040531158447265625,
            0.9679794311523438,
            0.0050067901611328125,
            0.21195411682128906,
            0.0040531158447265625,
            175.36687850952148,
            0.03218650817871094,
            9.382009506225586,
            0.08392333984375,
            0.010967254638671875,
            1.0340213775634766,
            0.0040531158447265625,
            0.00286102294921875,
            0.0030994415283203125
        ]
    }
}