{
    "(2886734945, 3741713926, 41320, 443, 'tcp', 0)": {
        "ts_list": [
            1645132396.169766,
            1645132396.169936,
            1645132396.169964,
            1645132396.196216,
            1645132396.196251,
            1645132396.19627,
            1645132396.196289,
            1645132396.196297,
            1645132396.196432,
            1645132396.197162,
            1645132396.197264,
            1645132396.197274,
            1645132396.19831,
            1645132396.198328,
            1645132396.198407,
            1645132396.198417,
            1645132396.263339,
            1645132396.431122,
            1645132396.431153,
            1645132396.46026,
            1645132396.460287,
            1645132396.460432,
            1645132396.460446,
            1645132396.461976,
            1645132396.461988,
            1645132396.461996,
            1645132396.462001,
            1645132396.519389,
            1645132396.519419,
            1645132396.521378,
            1645132396.521402,
            1645132396.546313,
            1645132396.546348,
            1645132396.546362,
            1645132396.547235,
            1645132396.54725,
            1645132396.547262,
            1645132396.547266,
            1645132396.548271,
            1645132396.548362,
            1645132396.548369,
            1645132396.549242,
            1645132396.549251,
            1645132396.549337,
            1645132396.549342,
            1645132397.156664,
            1645132397.156698,
            1645132397.156818,
            1645132397.156836,
            1645132397.183279,
            1645132397.183293,
            1645132397.183302,
            1645132397.18345,
            1645132397.183454,
            1645132397.184189,
            1645132397.184194,
            1645132397.184199,
            1645132397.184202,
            1645132397.184204,
            1645132397.184208,
            1645132397.357475,
            1645132397.357503,
            1645132397.384282,
            1645132397.384567,
            1645132397.384576,
            1645132397.385337,
            1645132397.385341,
            1645132397.385346,
            1645132397.38535
        ],
        "ps_list": [
            158,
            184,
            225,
            66,
            121,
            66,
            110,
            66,
            97,
            66,
            101,
            66,
            190,
            66,
            260,
            66,
            66,
            121,
            225,
            66,
            66,
            101,
            66,
            121,
            66,
            255,
            66,
            121,
            225,
            121,
            225,
            66,
            101,
            66,
            121,
            66,
            247,
            66,
            66,
            101,
            66,
            122,
            66,
            443,
            66,
            121,
            225,
            121,
            225,
            66,
            101,
            66,
            101,
            66,
            173,
            66,
            332,
            66,
            255,
            66,
            121,
            225,
            66,
            101,
            66,
            121,
            66,
            295,
            66
        ],
        "direction_list": [
            0,
            0,
            0,
            1,
            1,
            0,
            1,
            0,
            0,
            1,
            1,
            0,
            1,
            0,
            1,
            0,
            1,
            0,
            0,
            1,
            1,
            1,
            0,
            1,
            0,
            1,
            0,
            0,
            0,
            0,
            0,
            1,
            1,
            0,
            1,
            0,
            1,
            0,
            1,
            1,
            0,
            1,
            0,
            1,
            0,
            0,
            0,
            0,
            0,
            1,
            1,
            0,
            1,
            0,
            1,
            0,
            1,
            0,
            1,
            0,
            0,
            0,
            1,
            1,
            0,
            1,
            0,
            1,
            0
        ],
        "piat_list": [
            0.2689361572265625,
            0.16999244689941406,
            0.028133392333984375,
            26.252031326293945,
            0.034809112548828125,
            0.019073486328125,
            0.019073486328125,
            0.007867813110351562,
            0.13518333435058594,
            0.7297992706298828,
            0.10204315185546875,
            0.010013580322265625,
            1.035928726196289,
            0.01811981201171875,
            0.07891654968261719,
            0.010013580322265625,
            64.92209434509277,
            167.78302192687988,
            0.030994415283203125,
            29.106855392456055,
            0.027179718017578125,
            0.14495849609375,
            0.013828277587890625,
            1.5301704406738281,
            0.011920928955078125,
            0.008106231689453125,
            0.0050067901611328125,
            57.3878288269043,
            0.030040740966796875,
            1.959085464477539,
            0.02384185791015625,
            24.911165237426758,
            0.03504753112792969,
            0.013828277587890625,
            0.8730888366699219,
            0.015020370483398438,
            0.011920928955078125,
            0.0040531158447265625,
            1.004934310913086,
            0.09107589721679688,
            0.0069141387939453125,
            0.8730888366699219,
            0.009059906005859375,
            0.0858306884765625,
            0.0050067901611328125,
            607.3219776153564,
            0.03409385681152344,
            0.11992454528808594,
            0.01811981201171875,
            26.443004608154297,
            0.014066696166992188,
            0.008821487426757812,
            0.1480579376220703,
            0.0040531158447265625,
            0.7350444793701172,
            0.0050067901611328125,
            0.0050067901611328125,
            0.00286102294921875,
            0.0021457672119140625,
            0.003814697265625,
            173.26712608337402,
            0.027894973754882812,
            26.7791748046875,
            0.2849102020263672,
            0.009059906005859375,
            0.7610321044921875,
            0.003814697265625,
            0.0050067901611328125,
            0.0040531158447265625
        ]
    }
}