{
    "(2886734945, 3741648133, 54058, 443, 'tcp', 0)": {
        "ts_list": [
            1644843959.502469,
            1644843959.502675,
            1644843959.502699,
            1644843959.511941,
            1644843959.511971,
            1644843959.511983,
            1644843959.512006,
            1644843959.512015,
            1644843959.512077,
            1644843959.512171,
            1644843959.512183,
            1644843959.513037,
            1644843959.513054,
            1644843959.513167,
            1644843959.513175,
            1644843959.562008,
            1644843959.762591,
            1644843959.762626,
            1644843959.771942,
            1644843959.771964,
            1644843959.772316,
            1644843959.772331,
            1644843959.773073,
            1644843959.773085,
            1644843959.773092,
            1644843959.773096,
            1644843959.866567,
            1644843959.866593,
            1644843959.868098,
            1644843959.868119,
            1644843959.875955,
            1644843959.876036,
            1644843959.876051,
            1644843959.877008,
            1644843959.877022,
            1644843959.877032,
            1644843959.877038,
            1644843959.877198,
            1644843959.877301,
            1644843959.877307,
            1644843959.879047,
            1644843959.879063,
            1644843959.879068,
            1644843959.879074,
            1644843960.396962,
            1644843960.397003,
            1644843960.406007,
            1644843960.406097,
            1644843960.406105,
            1644843960.407003,
            1644843960.407014,
            1644843960.407018,
            1644843960.407022
        ],
        "ps_list": [
            158,
            184,
            225,
            66,
            121,
            66,
            110,
            66,
            97,
            101,
            66,
            191,
            66,
            260,
            66,
            66,
            121,
            225,
            66,
            66,
            101,
            66,
            121,
            66,
            255,
            66,
            121,
            225,
            121,
            225,
            66,
            101,
            66,
            122,
            66,
            250,
            66,
            66,
            101,
            66,
            122,
            66,
            283,
            66,
            121,
            225,
            66,
            101,
            66,
            145,
            66,
            272,
            66
        ],
        "direction_list": [
            0,
            0,
            0,
            1,
            1,
            0,
            1,
            0,
            0,
            1,
            0,
            1,
            0,
            1,
            0,
            1,
            0,
            0,
            1,
            1,
            1,
            0,
            1,
            0,
            1,
            0,
            0,
            0,
            0,
            0,
            1,
            1,
            0,
            1,
            0,
            1,
            0,
            1,
            1,
            0,
            1,
            0,
            1,
            0,
            0,
            0,
            1,
            1,
            0,
            1,
            0,
            1,
            0
        ],
        "piat_list": [
            0.22411346435546875,
            0.20599365234375,
            0.02384185791015625,
            9.242057800292969,
            0.030040740966796875,
            0.011920928955078125,
            0.023126602172851562,
            0.009059906005859375,
            0.06198883056640625,
            0.09393692016601562,
            0.011920928955078125,
            0.8540153503417969,
            0.016927719116210938,
            0.11301040649414062,
            0.008106231689453125,
            48.83289337158203,
            200.58298110961914,
            0.03504753112792969,
            9.315967559814453,
            0.022172927856445312,
            0.35190582275390625,
            0.015020370483398438,
            0.7419586181640625,
            0.012159347534179688,
            0.0069141387939453125,
            0.0040531158447265625,
            93.47081184387207,
            0.025987625122070312,
            1.505136489868164,
            0.0209808349609375,
            7.836103439331055,
            0.08082389831542969,
            0.015020370483398438,
            0.9570121765136719,
            0.014066696166992188,
            0.010013580322265625,
            0.0059604644775390625,
            0.15997886657714844,
            0.102996826171875,
            0.0059604644775390625,
            1.7399787902832031,
            0.015974044799804688,
            0.0050067901611328125,
            0.006198883056640625,
            517.8878307342529,
            0.04100799560546875,
            9.00411605834961,
            0.08988380432128906,
            0.008106231689453125,
            0.8978843688964844,
            0.010967254638671875,
            0.0040531158447265625,
            0.0040531158447265625
        ]
    }
}