{
    "(2886734945, 3741648133, 54154, 443, 'tcp', 0)": {
        "ts_list": [
            1644844063.019135,
            1644844063.019295,
            1644844063.019318,
            1644844063.02833,
            1644844063.028417,
            1644844063.028426,
            1644844063.028438,
            1644844063.028444,
            1644844063.028513,
            1644844063.028565,
            1644844063.028569,
            1644844063.029401,
            1644844063.029409,
            1644844063.0295,
            1644844063.029505,
            1644844063.077361,
            1644844063.273102,
            1644844063.273138,
            1644844063.282456,
            1644844063.28248,
            1644844063.28249,
            1644844063.282503,
            1644844063.283407,
            1644844063.283411,
            1644844063.283417,
            1644844063.283421,
            1644844063.411278,
            1644844063.411302,
            1644844063.413678,
            1644844063.413702,
            1644844063.420452,
            1644844063.420474,
            1644844063.420481,
            1644844063.421489,
            1644844063.421493,
            1644844063.421587,
            1644844063.421591,
            1644844063.422438,
            1644844063.422538,
            1644844063.422542,
            1644844063.423362,
            1644844063.423366,
            1644844063.423461,
            1644844063.423464,
            1644844063.909588,
            1644844063.909616,
            1644844063.918434,
            1644844063.918557,
            1644844063.918568,
            1644844063.919418,
            1644844063.919424,
            1644844063.919515,
            1644844063.919519,
            1644844064.004544,
            1644844064.004566,
            1644844064.013417,
            1644844064.013512,
            1644844064.013518,
            1644844064.014427,
            1644844064.014432,
            1644844064.014528,
            1644844064.014532
        ],
        "ps_list": [
            158,
            184,
            225,
            66,
            121,
            66,
            110,
            66,
            97,
            101,
            66,
            190,
            66,
            260,
            66,
            66,
            121,
            225,
            66,
            66,
            101,
            66,
            121,
            66,
            255,
            66,
            121,
            225,
            121,
            225,
            66,
            101,
            66,
            122,
            66,
            250,
            66,
            66,
            101,
            66,
            122,
            66,
            283,
            66,
            121,
            225,
            66,
            101,
            66,
            121,
            66,
            272,
            66,
            121,
            225,
            66,
            101,
            66,
            121,
            66,
            254,
            66
        ],
        "direction_list": [
            0,
            0,
            0,
            1,
            1,
            0,
            1,
            0,
            0,
            1,
            0,
            1,
            0,
            1,
            0,
            1,
            0,
            0,
            1,
            1,
            1,
            0,
            1,
            0,
            1,
            0,
            0,
            0,
            0,
            0,
            1,
            1,
            0,
            1,
            0,
            1,
            0,
            1,
            1,
            0,
            1,
            0,
            1,
            0,
            0,
            0,
            1,
            1,
            0,
            1,
            0,
            1,
            0,
            0,
            0,
            1,
            1,
            0,
            1,
            0,
            1,
            0
        ],
        "piat_list": [
            0.25200843811035156,
            0.15997886657714844,
            0.023126602172851562,
            9.011983871459961,
            0.08702278137207031,
            0.008821487426757812,
            0.012159347534179688,
            0.0059604644775390625,
            0.06890296936035156,
            0.051975250244140625,
            0.0040531158447265625,
            0.8320808410644531,
            0.007867813110351562,
            0.09107589721679688,
            0.0050067901611328125,
            47.85609245300293,
            195.7409381866455,
            0.03600120544433594,
            9.317874908447266,
            0.024080276489257812,
            0.010013580322265625,
            0.012874603271484375,
            0.904083251953125,
            0.0040531158447265625,
            0.0059604644775390625,
            0.0040531158447265625,
            127.85696983337402,
            0.024080276489257812,
            2.3758411407470703,
            0.024080276489257812,
            6.7501068115234375,
            0.02193450927734375,
            0.0069141387939453125,
            1.0080337524414062,
            0.0040531158447265625,
            0.09393692016601562,
            0.0040531158447265625,
            0.84686279296875,
            0.10013580322265625,
            0.0040531158447265625,
            0.8199214935302734,
            0.0040531158447265625,
            0.09489059448242188,
            0.0030994415283203125,
            486.12403869628906,
            0.027894973754882812,
            8.817911148071289,
            0.12302398681640625,
            0.010967254638671875,
            0.8502006530761719,
            0.0059604644775390625,
            0.09083747863769531,
            0.0040531158447265625,
            85.02507209777832,
            0.02193450927734375,
            8.851051330566406,
            0.09489059448242188,
            0.006198883056640625,
            0.9088516235351562,
            0.0050067901611328125,
            0.09608268737792969,
            0.0040531158447265625
        ]
    }
}