{
    "(2886734945, 3741713926, 56942, 443, 'tcp', 0)": {
        "ts_list": [
            1645662436.364135,
            1645662436.364835,
            1645662436.36487,
            1645662436.388233,
            1645662436.388266,
            1645662436.388318,
            1645662436.388323,
            1645662436.388448,
            1645662436.388451,
            1645662436.389313,
            1645662436.389811,
            1645662436.389815,
            1645662436.39023,
            1645662436.390233,
            1645662436.39033,
            1645662436.390333,
            1645662436.399713,
            1645662436.463839,
            1645662436.698044,
            1645662436.69808,
            1645662436.722171,
            1645662436.722195,
            1645662436.722322,
            1645662436.722333,
            1645662436.722344,
            1645662436.722353,
            1645662436.72236,
            1645662436.722364,
            1645662436.816364,
            1645662436.816388,
            1645662436.84056,
            1645662436.840638,
            1645662436.84065,
            1645662436.84066,
            1645662436.840664,
            1645662436.840738,
            1645662436.840741,
            1645662437.355649,
            1645662437.355686,
            1645662437.379785,
            1645662437.379863,
            1645662437.379878,
            1645662437.379891,
            1645662437.379897,
            1645662437.379964,
            1645662437.379969
        ],
        "ps_list": [
            158,
            184,
            225,
            121,
            66,
            101,
            66,
            97,
            66,
            66,
            101,
            66,
            191,
            66,
            260,
            66,
            97,
            66,
            121,
            225,
            66,
            66,
            101,
            66,
            121,
            66,
            255,
            66,
            121,
            225,
            66,
            101,
            66,
            120,
            66,
            357,
            66,
            121,
            225,
            66,
            101,
            66,
            143,
            66,
            330,
            66
        ],
        "direction_list": [
            0,
            0,
            0,
            1,
            0,
            1,
            0,
            1,
            0,
            1,
            1,
            0,
            1,
            0,
            1,
            0,
            0,
            1,
            0,
            0,
            1,
            1,
            1,
            0,
            1,
            0,
            1,
            0,
            0,
            0,
            1,
            1,
            0,
            1,
            0,
            1,
            0,
            0,
            0,
            1,
            1,
            0,
            1,
            0,
            1,
            0
        ],
        "piat_list": [
            0.2529621124267578,
            0.6999969482421875,
            0.03504753112792969,
            23.36287498474121,
            0.03314018249511719,
            0.051975250244140625,
            0.0050067901611328125,
            0.12493133544921875,
            0.0030994415283203125,
            0.8618831634521484,
            0.49805641174316406,
            0.0040531158447265625,
            0.41484832763671875,
            0.0030994415283203125,
            0.09703636169433594,
            0.00286102294921875,
            9.380102157592773,
            64.12601470947266,
            234.2050075531006,
            0.03600120544433594,
            24.091005325317383,
            0.02384185791015625,
            0.1270771026611328,
            0.010967254638671875,
            0.010967254638671875,
            0.009059906005859375,
            0.0069141387939453125,
            0.0040531158447265625,
            94.00010108947754,
            0.02384185791015625,
            24.172067642211914,
            0.07796287536621094,
            0.012159347534179688,
            0.010013580322265625,
            0.003814697265625,
            0.07414817810058594,
            0.00286102294921875,
            514.9080753326416,
            0.03695487976074219,
            24.099111557006836,
            0.07796287536621094,
            0.015020370483398438,
            0.012874603271484375,
            0.006198883056640625,
            0.06699562072753906,
            0.00476837158203125
        ]
    }
}