{
    "(2886734945, 3741648133, 33134, 443, 'tcp', 0)": {
        "ts_list": [
            1645365996.960611,
            1645365996.960794,
            1645365996.96082,
            1645365996.970211,
            1645365996.970236,
            1645365996.970245,
            1645365996.97026,
            1645365996.970266,
            1645365996.970268,
            1645365996.970272,
            1645365996.970367,
            1645365996.970398,
            1645365996.970403,
            1645365996.971185,
            1645365996.97119,
            1645365996.971197,
            1645365996.971201,
            1645365997.020142,
            1645365997.273872,
            1645365997.273913,
            1645365997.28317,
            1645365997.283192,
            1645365997.28336,
            1645365997.283373,
            1645365997.284171,
            1645365997.284178,
            1645365997.284187,
            1645365997.284191,
            1645365997.377884,
            1645365997.377915,
            1645365997.387234,
            1645365997.38725,
            1645365997.387259,
            1645365997.388168,
            1645365997.388172,
            1645365997.388268,
            1645365997.388273,
            1645365997.432428,
            1645365997.432454,
            1645365997.442228,
            1645365997.442247,
            1645365997.442258,
            1645365997.443226,
            1645365997.44323,
            1645365997.443233,
            1645365997.443236,
            1645365997.467565,
            1645365997.467593,
            1645365997.472558,
            1645365997.472599,
            1645365997.477195,
            1645365997.477296,
            1645365997.478291,
            1645365997.478407,
            1645365997.479479,
            1645365997.482355,
            1645365997.482466,
            1645365997.483279,
            1645365997.483285,
            1645365997.483484,
            1645365997.661637,
            1645365997.661664,
            1645365997.664403,
            1645365997.664429,
            1645365997.67122,
            1645365997.671313,
            1645365997.673113,
            1645365997.673118,
            1645365997.674258,
            1645365997.675205,
            1645365997.675211,
            1645365997.675699,
            1645365997.675709,
            1645365997.675735
        ],
        "ps_list": [
            164,
            184,
            225,
            66,
            121,
            66,
            101,
            66,
            97,
            66,
            97,
            101,
            66,
            191,
            66,
            260,
            66,
            66,
            121,
            225,
            66,
            66,
            101,
            66,
            144,
            66,
            255,
            66,
            121,
            225,
            66,
            101,
            66,
            120,
            66,
            703,
            66,
            121,
            225,
            66,
            101,
            66,
            122,
            66,
            254,
            66,
            121,
            225,
            121,
            225,
            66,
            101,
            108,
            733,
            66,
            66,
            101,
            107,
            697,
            66,
            121,
            225,
            121,
            225,
            66,
            101,
            120,
            297,
            66,
            66,
            101,
            107,
            258,
            66
        ],
        "direction_list": [
            0,
            0,
            0,
            1,
            1,
            0,
            1,
            0,
            1,
            0,
            0,
            1,
            0,
            1,
            0,
            1,
            0,
            1,
            0,
            0,
            1,
            1,
            1,
            0,
            1,
            0,
            1,
            0,
            0,
            0,
            1,
            1,
            0,
            1,
            0,
            1,
            0,
            0,
            0,
            1,
            1,
            0,
            1,
            0,
            1,
            0,
            0,
            0,
            0,
            0,
            1,
            1,
            1,
            1,
            0,
            1,
            1,
            1,
            1,
            0,
            0,
            0,
            0,
            0,
            1,
            1,
            1,
            1,
            0,
            1,
            1,
            1,
            1,
            0
        ],
        "piat_list": [
            0.27298927307128906,
            0.18286705017089844,
            0.025987625122070312,
            9.391069412231445,
            0.025033950805664062,
            0.008821487426757812,
            0.015020370483398438,
            0.006198883056640625,
            0.0019073486328125,
            0.0040531158447265625,
            0.09489059448242188,
            0.030994415283203125,
            0.0050067901611328125,
            0.782012939453125,
            0.0050067901611328125,
            0.0069141387939453125,
            0.0040531158447265625,
            48.94113540649414,
            253.72982025146484,
            0.04100799560546875,
            9.257078170776367,
            0.02193450927734375,
            0.16808509826660156,
            0.013113021850585938,
            0.7979869842529297,
            0.0069141387939453125,
            0.009059906005859375,
            0.003814697265625,
            93.69301795959473,
            0.030994415283203125,
            9.319067001342773,
            0.015974044799804688,
            0.009059906005859375,
            0.9090900421142578,
            0.003814697265625,
            0.09608268737792969,
            0.0050067901611328125,
            44.15488243103027,
            0.026226043701171875,
            9.773969650268555,
            0.018835067749023438,
            0.010967254638671875,
            0.9682178497314453,
            0.003814697265625,
            0.0030994415283203125,
            0.0030994415283203125,
            24.328947067260742,
            0.027894973754882812,
            4.965066909790039,
            0.04100799560546875,
            4.59599494934082,
            0.1010894775390625,
            0.9949207305908203,
            0.11587142944335938,
            1.0721683502197266,
            2.8760433197021484,
            0.11086463928222656,
            0.8130073547363281,
            0.0059604644775390625,
            0.1990795135498047,
            178.15303802490234,
            0.026941299438476562,
            2.73895263671875,
            0.025987625122070312,
            6.791114807128906,
            0.09298324584960938,
            1.8000602722167969,
            0.0050067901611328125,
            1.1398792266845703,
            0.9469985961914062,
            0.0059604644775390625,
            0.48804283142089844,
            0.010013580322265625,
            0.025987625122070312
        ]
    }
}