{
    "(2886734945, 3741648133, 33012, 443, 'tcp', 0)": {
        "ts_list": [
            1645365841.554899,
            1645365841.55508,
            1645365841.555106,
            1645365841.563895,
            1645365841.56392,
            1645365841.563929,
            1645365841.563944,
            1645365841.563948,
            1645365841.564059,
            1645365841.56408,
            1645365841.564085,
            1645365841.564837,
            1645365841.564841,
            1645365841.564847,
            1645365841.564851,
            1645365841.614331,
            1645365841.910184,
            1645365841.910218,
            1645365841.9226,
            1645365841.922629,
            1645365841.922638,
            1645365841.922651,
            1645365841.923987,
            1645365841.923992,
            1645365841.923996,
            1645365841.924,
            1645365842.030484,
            1645365842.030513,
            1645365842.038893,
            1645365842.038911,
            1645365842.038919,
            1645365842.039829,
            1645365842.039834,
            1645365842.039928,
            1645365842.039932,
            1645365842.078875,
            1645365842.078909,
            1645365842.08787,
            1645365842.087948,
            1645365842.087958,
            1645365842.088847,
            1645365842.088852,
            1645365842.088857,
            1645365842.08886,
            1645365842.106481,
            1645365842.106507,
            1645365842.114883,
            1645365842.114983,
            1645365842.115866,
            1645365842.115869,
            1645365842.118607,
            1645365842.119316,
            1645365842.119336,
            1645365842.127867,
            1645365842.12796,
            1645365842.12884,
            1645365842.128843,
            1645365842.136682,
            1645365842.290911,
            1645365842.290932,
            1645365842.299964,
            1645365842.300057,
            1645365842.300832,
            1645365842.30093,
            1645365842.30128,
            1645365842.306962,
            1645365842.306982,
            1645365842.317476,
            1645365842.317718,
            1645365842.31804,
            1645365842.318064,
            1645365842.318139,
            1645365842.358782
        ],
        "ps_list": [
            158,
            184,
            225,
            66,
            121,
            66,
            110,
            66,
            97,
            101,
            66,
            191,
            66,
            260,
            66,
            66,
            121,
            225,
            66,
            66,
            101,
            66,
            121,
            66,
            255,
            66,
            121,
            225,
            66,
            101,
            66,
            143,
            66,
            703,
            66,
            121,
            225,
            66,
            101,
            66,
            122,
            66,
            254,
            66,
            121,
            225,
            66,
            101,
            121,
            733,
            66,
            121,
            225,
            66,
            101,
            107,
            697,
            66,
            121,
            225,
            66,
            101,
            121,
            297,
            66,
            121,
            225,
            66,
            101,
            121,
            66,
            258,
            66
        ],
        "direction_list": [
            0,
            0,
            0,
            1,
            1,
            0,
            1,
            0,
            0,
            1,
            0,
            1,
            0,
            1,
            0,
            1,
            0,
            0,
            1,
            1,
            1,
            0,
            1,
            0,
            1,
            0,
            0,
            0,
            1,
            1,
            0,
            1,
            0,
            1,
            0,
            0,
            0,
            1,
            1,
            0,
            1,
            0,
            1,
            0,
            0,
            0,
            1,
            1,
            1,
            1,
            0,
            0,
            0,
            1,
            1,
            1,
            1,
            0,
            0,
            0,
            1,
            1,
            1,
            1,
            0,
            0,
            0,
            1,
            1,
            1,
            0,
            1,
            0
        ],
        "piat_list": [
            0.26488304138183594,
            0.18095970153808594,
            0.025987625122070312,
            8.7890625,
            0.025033950805664062,
            0.009059906005859375,
            0.015020370483398438,
            0.003814697265625,
            0.11110305786132812,
            0.0209808349609375,
            0.0050067901611328125,
            0.7519721984863281,
            0.0040531158447265625,
            0.0059604644775390625,
            0.0040531158447265625,
            49.47996139526367,
            295.8528995513916,
            0.03409385681152344,
            12.382030487060547,
            0.029087066650390625,
            0.008821487426757812,
            0.013113021850585938,
            1.3358592987060547,
            0.0050067901611328125,
            0.0040531158447265625,
            0.0040531158447265625,
            106.48393630981445,
            0.029087066650390625,
            8.379936218261719,
            0.01811981201171875,
            0.007867813110351562,
            0.9100437164306641,
            0.0050067901611328125,
            0.09393692016601562,
            0.0040531158447265625,
            38.94305229187012,
            0.033855438232421875,
            8.960962295532227,
            0.0782012939453125,
            0.010013580322265625,
            0.888824462890625,
            0.0050067901611328125,
            0.0050067901611328125,
            0.0030994415283203125,
            17.62104034423828,
            0.025987625122070312,
            8.375883102416992,
            0.10013580322265625,
            0.8828639984130859,
            0.0030994415283203125,
            2.7379989624023438,
            0.7090568542480469,
            0.019788742065429688,
            8.53109359741211,
            0.09298324584960938,
            0.8800029754638672,
            0.0030994415283203125,
            7.838964462280273,
            154.22892570495605,
            0.0209808349609375,
            9.032011032104492,
            0.09298324584960938,
            0.7750988006591797,
            0.09799003601074219,
            0.34999847412109375,
            5.6819915771484375,
            0.02002716064453125,
            10.493993759155273,
            0.24199485778808594,
            0.3218650817871094,
            0.024080276489257812,
            0.07510185241699219,
            40.64297676086426
        ]
    }
}