{
    "(2886734945, 3741648133, 33384, 443, 'tcp', 0)": {
        "ts_list": [
            1645366326.79468,
            1645366326.7949,
            1645366326.794922,
            1645366326.804531,
            1645366326.804628,
            1645366326.804646,
            1645366326.804652,
            1645366326.804656,
            1645366326.804725,
            1645366326.804831,
            1645366326.804837,
            1645366326.805682,
            1645366326.805693,
            1645366326.805703,
            1645366326.805707,
            1645366326.854606,
            1645366327.126224,
            1645366327.126261,
            1645366327.138305,
            1645366327.138332,
            1645366327.138342,
            1645366327.138354,
            1645366327.138912,
            1645366327.138918,
            1645366327.138922,
            1645366327.138928,
            1645366327.253763,
            1645366327.253803,
            1645366327.263715,
            1645366327.263786,
            1645366327.263799,
            1645366327.264899,
            1645366327.264912,
            1645366327.264925,
            1645366327.264929,
            1645366327.318327,
            1645366327.318364,
            1645366327.327866,
            1645366327.327981,
            1645366327.327993,
            1645366327.330545,
            1645366327.330556,
            1645366327.330563,
            1645366327.330567,
            1645366327.361205,
            1645366327.36123,
            1645366327.365461,
            1645366327.365646,
            1645366327.370618,
            1645366327.370709,
            1645366327.3716,
            1645366327.371699,
            1645366327.371709,
            1645366327.375672,
            1645366327.375683,
            1645366327.376564,
            1645366327.376568,
            1645366327.376625,
            1645366327.552818,
            1645366327.552841,
            1645366327.554711,
            1645366327.554727,
            1645366327.562613,
            1645366327.562703,
            1645366327.563698,
            1645366327.563701,
            1645366327.564608,
            1645366327.564822,
            1645366327.564826,
            1645366327.565639,
            1645366327.565641,
            1645366327.56662
        ],
        "ps_list": [
            164,
            184,
            225,
            66,
            121,
            66,
            110,
            66,
            97,
            101,
            66,
            191,
            66,
            260,
            66,
            66,
            121,
            225,
            66,
            66,
            101,
            66,
            145,
            66,
            255,
            66,
            121,
            225,
            66,
            101,
            66,
            120,
            66,
            703,
            66,
            121,
            225,
            66,
            101,
            66,
            121,
            66,
            254,
            66,
            121,
            225,
            121,
            225,
            66,
            101,
            108,
            733,
            66,
            66,
            101,
            107,
            697,
            66,
            121,
            225,
            121,
            225,
            66,
            101,
            120,
            297,
            66,
            66,
            101,
            107,
            258,
            66
        ],
        "direction_list": [
            0,
            0,
            0,
            1,
            1,
            0,
            1,
            0,
            0,
            1,
            0,
            1,
            0,
            1,
            0,
            1,
            0,
            0,
            1,
            1,
            1,
            0,
            1,
            0,
            1,
            0,
            0,
            0,
            1,
            1,
            0,
            1,
            0,
            1,
            0,
            0,
            0,
            1,
            1,
            0,
            1,
            0,
            1,
            0,
            0,
            0,
            0,
            0,
            1,
            1,
            1,
            1,
            0,
            1,
            1,
            1,
            1,
            0,
            0,
            0,
            0,
            0,
            1,
            1,
            1,
            1,
            0,
            1,
            1,
            1,
            1,
            0
        ],
        "piat_list": [
            0.29206275939941406,
            0.21982192993164062,
            0.022172927856445312,
            9.608983993530273,
            0.09679794311523438,
            0.01811981201171875,
            0.0059604644775390625,
            0.0040531158447265625,
            0.06890296936035156,
            0.10609626770019531,
            0.0059604644775390625,
            0.8449554443359375,
            0.010967254638671875,
            0.010013580322265625,
            0.0040531158447265625,
            48.898935317993164,
            271.618127822876,
            0.03695487976074219,
            12.043952941894531,
            0.026941299438476562,
            0.010013580322265625,
            0.012159347534179688,
            0.5578994750976562,
            0.0059604644775390625,
            0.0040531158447265625,
            0.0059604644775390625,
            114.83502388000488,
            0.0400543212890625,
            9.91201400756836,
            0.07104873657226562,
            0.012874603271484375,
            1.1000633239746094,
            0.012874603271484375,
            0.013113021850585938,
            0.0040531158447265625,
            53.39789390563965,
            0.03695487976074219,
            9.502172470092773,
            0.11491775512695312,
            0.011920928955078125,
            2.552032470703125,
            0.010967254638671875,
            0.007152557373046875,
            0.003814697265625,
            30.63821792602539,
            0.0247955322265625,
            4.23121452331543,
            0.18477439880371094,
            4.972219467163086,
            0.09083747863769531,
            0.8909702301025391,
            0.09918212890625,
            0.010013580322265625,
            3.962993621826172,
            0.010967254638671875,
            0.8809566497802734,
            0.0040531158447265625,
            0.05698204040527344,
            176.1929988861084,
            0.02288818359375,
            1.8701553344726562,
            0.015974044799804688,
            7.885932922363281,
            0.08988380432128906,
            0.9951591491699219,
            0.00286102294921875,
            0.9071826934814453,
            0.21386146545410156,
            0.0040531158447265625,
            0.8130073547363281,
            0.0019073486328125,
            0.9791851043701172
        ]
    }
}