{
    "(2886734945, 3741648133, 33456, 443, 'tcp', 0)": {
        "ts_list": [
            1645366425.563014,
            1645366425.56323,
            1645366425.563263,
            1645366425.571544,
            1645366425.571628,
            1645366425.57164,
            1645366425.571651,
            1645366425.571657,
            1645366425.571659,
            1645366425.571662,
            1645366425.572522,
            1645366425.572539,
            1645366425.572545,
            1645366425.572551,
            1645366425.574535,
            1645366425.623505,
            1645366425.933947,
            1645366425.93398,
            1645366425.942471,
            1645366425.942492,
            1645366425.942644,
            1645366425.942658,
            1645366425.943594,
            1645366425.943606,
            1645366425.943614,
            1645366425.943617,
            1645366426.039779,
            1645366426.039807,
            1645366426.0485,
            1645366426.048606,
            1645366426.048616,
            1645366426.049655,
            1645366426.049662,
            1645366426.049666,
            1645366426.049669,
            1645366426.103441,
            1645366426.103464,
            1645366426.112536,
            1645366426.112617,
            1645366426.112629,
            1645366426.113544,
            1645366426.11355,
            1645366426.113648,
            1645366426.113653,
            1645366426.14688,
            1645366426.146907,
            1645366426.153145,
            1645366426.153184,
            1645366426.155532,
            1645366426.155675,
            1645366426.156552,
            1645366426.156554,
            1645366426.156599,
            1645366426.16176,
            1645366426.161853,
            1645366426.162661,
            1645366426.162664,
            1645366426.164581,
            1645366426.412503,
            1645366426.412534,
            1645366426.415952,
            1645366426.41598,
            1645366426.421526,
            1645366426.421649,
            1645366426.422585,
            1645366426.422611,
            1645366426.422965,
            1645366426.424978,
            1645366426.424988,
            1645366426.425733,
            1645366426.425735,
            1645366426.427575
        ],
        "ps_list": [
            158,
            184,
            225,
            66,
            121,
            66,
            110,
            66,
            101,
            66,
            190,
            66,
            260,
            66,
            97,
            66,
            121,
            225,
            66,
            66,
            101,
            66,
            121,
            66,
            255,
            66,
            121,
            225,
            66,
            101,
            66,
            143,
            66,
            703,
            66,
            121,
            225,
            66,
            101,
            66,
            122,
            66,
            254,
            66,
            121,
            225,
            121,
            225,
            66,
            101,
            108,
            733,
            66,
            66,
            101,
            107,
            697,
            66,
            121,
            225,
            121,
            225,
            66,
            101,
            121,
            66,
            297,
            66,
            101,
            121,
            258,
            66
        ],
        "direction_list": [
            0,
            0,
            0,
            1,
            1,
            0,
            1,
            0,
            1,
            0,
            1,
            0,
            1,
            0,
            0,
            1,
            0,
            0,
            1,
            1,
            1,
            0,
            1,
            0,
            1,
            0,
            0,
            0,
            1,
            1,
            0,
            1,
            0,
            1,
            0,
            0,
            0,
            1,
            1,
            0,
            1,
            0,
            1,
            0,
            0,
            0,
            0,
            0,
            1,
            1,
            1,
            1,
            0,
            1,
            1,
            1,
            1,
            0,
            0,
            0,
            0,
            0,
            1,
            1,
            1,
            0,
            1,
            1,
            1,
            1,
            1,
            0
        ],
        "piat_list": [
            0.27298927307128906,
            0.21600723266601562,
            0.032901763916015625,
            8.28099250793457,
            0.08416175842285156,
            0.011920928955078125,
            0.010967254638671875,
            0.0059604644775390625,
            0.0021457672119140625,
            0.00286102294921875,
            0.8599758148193359,
            0.0171661376953125,
            0.0059604644775390625,
            0.0059604644775390625,
            1.9838809967041016,
            48.97022247314453,
            310.4419708251953,
            0.032901763916015625,
            8.491039276123047,
            0.0209808349609375,
            0.1518726348876953,
            0.014066696166992188,
            0.9360313415527344,
            0.011920928955078125,
            0.008106231689453125,
            0.0030994415283203125,
            96.1618423461914,
            0.028133392333984375,
            8.69297981262207,
            0.10585784912109375,
            0.010013580322265625,
            1.0390281677246094,
            0.007152557373046875,
            0.003814697265625,
            0.0030994415283203125,
            53.77197265625,
            0.02288818359375,
            9.072065353393555,
            0.08106231689453125,
            0.011920928955078125,
            0.9150505065917969,
            0.0059604644775390625,
            0.09799003601074219,
            0.0050067901611328125,
            33.226966857910156,
            0.027179718017578125,
            6.237983703613281,
            0.03886222839355469,
            2.3479461669921875,
            0.1430511474609375,
            0.8771419525146484,
            0.0019073486328125,
            0.04506111145019531,
            5.161046981811523,
            0.09298324584960938,
            0.8080005645751953,
            0.00286102294921875,
            1.917123794555664,
            247.92194366455078,
            0.030994415283203125,
            3.41796875,
            0.028133392333984375,
            5.545854568481445,
            0.12302398681640625,
            0.9360313415527344,
            0.025987625122070312,
            0.3540515899658203,
            2.012968063354492,
            0.010013580322265625,
            0.7450580596923828,
            0.0019073486328125,
            1.8401145935058594
        ]
    }
}