{
    "(2886734945, 3741648133, 54722, 443, 'tcp', 0)": {
        "ts_list": [
            1645753353.674883,
            1645753353.675035,
            1645753353.675058,
            1645753353.683651,
            1645753353.683671,
            1645753353.683682,
            1645753353.683701,
            1645753353.683709,
            1645753353.683711,
            1645753353.683715,
            1645753353.683718,
            1645753353.683721,
            1645753353.683784,
            1645753353.683834,
            1645753353.683838,
            1645753353.683934,
            1645753353.683938,
            1645753353.731679,
            1645753354.050952,
            1645753354.050988,
            1645753354.05955,
            1645753354.05957,
            1645753354.059752,
            1645753354.059762,
            1645753354.059772,
            1645753354.059775,
            1645753354.05978,
            1645753354.059784,
            1645753354.144112,
            1645753354.144141,
            1645753354.152745,
            1645753354.152774,
            1645753354.152784,
            1645753354.15279,
            1645753354.152794,
            1645753354.152928,
            1645753354.152932,
            1645753354.254262,
            1645753354.254285,
            1645753354.267797,
            1645753354.267881,
            1645753354.267895,
            1645753354.267982,
            1645753354.267988,
            1645753354.267991,
            1645753354.267995
        ],
        "ps_list": [
            158,
            184,
            225,
            66,
            121,
            66,
            101,
            66,
            97,
            66,
            101,
            66,
            97,
            191,
            66,
            260,
            66,
            66,
            121,
            225,
            66,
            66,
            101,
            66,
            144,
            66,
            255,
            66,
            121,
            225,
            66,
            101,
            66,
            122,
            66,
            254,
            66,
            121,
            225,
            66,
            101,
            66,
            120,
            66,
            313,
            66
        ],
        "direction_list": [
            0,
            0,
            0,
            1,
            1,
            0,
            1,
            0,
            1,
            0,
            1,
            0,
            0,
            1,
            0,
            1,
            0,
            1,
            0,
            0,
            1,
            1,
            1,
            0,
            1,
            0,
            1,
            0,
            0,
            0,
            1,
            1,
            0,
            1,
            0,
            1,
            0,
            0,
            0,
            1,
            1,
            0,
            1,
            0,
            1,
            0
        ],
        "piat_list": [
            0.2567768096923828,
            0.15211105346679688,
            0.02288818359375,
            8.593082427978516,
            0.02002716064453125,
            0.010967254638671875,
            0.019073486328125,
            0.007867813110351562,
            0.0021457672119140625,
            0.0040531158447265625,
            0.00286102294921875,
            0.0030994415283203125,
            0.0629425048828125,
            0.050067901611328125,
            0.003814697265625,
            0.09608268737792969,
            0.0040531158447265625,
            47.740936279296875,
            319.2729949951172,
            0.03600120544433594,
            8.562088012695312,
            0.02002716064453125,
            0.1819133758544922,
            0.010013580322265625,
            0.010013580322265625,
            0.0030994415283203125,
            0.00476837158203125,
            0.0040531158447265625,
            84.32817459106445,
            0.028848648071289062,
            8.604049682617188,
            0.029087066650390625,
            0.010013580322265625,
            0.0059604644775390625,
            0.003814697265625,
            0.1342296600341797,
            0.003814697265625,
            101.33004188537598,
            0.023126602172851562,
            13.511896133422852,
            0.08392333984375,
            0.014066696166992188,
            0.08702278137207031,
            0.0059604644775390625,
            0.0030994415283203125,
            0.0040531158447265625
        ]
    }
}