{
    "(2886734945, 3741648133, 55266, 443, 'tcp', 0)": {
        "ts_list": [
            1645754073.114376,
            1645754073.114517,
            1645754073.114544,
            1645754073.123089,
            1645754073.123112,
            1645754073.123129,
            1645754073.123135,
            1645754073.123177,
            1645754073.123181,
            1645754073.123184,
            1645754073.12319,
            1645754073.123339,
            1645754073.123343,
            1645754073.123438,
            1645754073.123442,
            1645754073.123447,
            1645754073.123451,
            1645754073.171185,
            1645754073.520732,
            1645754073.520764,
            1645754073.529703,
            1645754073.529733,
            1645754073.529735,
            1645754073.529748,
            1645754073.529759,
            1645754073.529763,
            1645754073.529847,
            1645754073.52985,
            1645754073.621465,
            1645754073.621491,
            1645754073.630202,
            1645754073.630302,
            1645754073.63031,
            1645754073.630402,
            1645754073.630406,
            1645754073.630503,
            1645754073.630507,
            1645754073.717348,
            1645754073.717368,
            1645754073.726186,
            1645754073.726291,
            1645754073.726296,
            1645754073.726391,
            1645754073.726395,
            1645754073.726399,
            1645754073.726402
        ],
        "ps_list": [
            158,
            184,
            225,
            121,
            66,
            101,
            66,
            97,
            66,
            66,
            97,
            101,
            66,
            191,
            66,
            260,
            66,
            66,
            121,
            225,
            66,
            66,
            101,
            66,
            121,
            66,
            255,
            66,
            121,
            225,
            66,
            101,
            66,
            122,
            66,
            254,
            66,
            121,
            225,
            66,
            101,
            66,
            107,
            66,
            313,
            66
        ],
        "direction_list": [
            0,
            0,
            0,
            1,
            0,
            1,
            0,
            1,
            0,
            1,
            0,
            1,
            0,
            1,
            0,
            1,
            0,
            1,
            0,
            0,
            1,
            1,
            1,
            0,
            1,
            0,
            1,
            0,
            0,
            0,
            1,
            1,
            0,
            1,
            0,
            1,
            0,
            0,
            0,
            1,
            1,
            0,
            1,
            0,
            1,
            0
        ],
        "piat_list": [
            0.22602081298828125,
            0.14090538024902344,
            0.026941299438476562,
            8.545160293579102,
            0.02288818359375,
            0.016927719116210938,
            0.006198883056640625,
            0.041961669921875,
            0.0040531158447265625,
            0.00286102294921875,
            0.0059604644775390625,
            0.14901161193847656,
            0.0040531158447265625,
            0.09489059448242188,
            0.0040531158447265625,
            0.0050067901611328125,
            0.0040531158447265625,
            47.73402214050293,
            349.5469093322754,
            0.03218650817871094,
            8.938789367675781,
            0.030040740966796875,
            0.0021457672119140625,
            0.012874603271484375,
            0.010967254638671875,
            0.0040531158447265625,
            0.08392333984375,
            0.0030994415283203125,
            91.61496162414551,
            0.025987625122070312,
            8.711099624633789,
            0.09989738464355469,
            0.008106231689453125,
            0.09202957153320312,
            0.003814697265625,
            0.09703636169433594,
            0.0040531158447265625,
            86.84110641479492,
            0.019788742065429688,
            8.81814956665039,
            0.1049041748046875,
            0.0050067901611328125,
            0.09512901306152344,
            0.003814697265625,
            0.0040531158447265625,
            0.0030994415283203125
        ]
    }
}