{
    "(2886734945, 3741648133, 55426, 443, 'tcp', 0)": {
        "ts_list": [
            1644937891.531204,
            1644937891.531367,
            1644937891.531388,
            1644937891.541457,
            1644937891.541504,
            1644937891.541518,
            1644937891.541529,
            1644937891.541613,
            1644937891.541637,
            1644937891.541642,
            1644937891.54165,
            1644937891.541653,
            1644937891.542427,
            1644937891.542441,
            1644937891.542454,
            1644937891.542462,
            1644937891.591443,
            1644937891.839626,
            1644937891.839662,
            1644937891.849459,
            1644937891.849482,
            1644937891.849642,
            1644937891.849653,
            1644937891.850361,
            1644937891.850366,
            1644937891.850461,
            1644937891.850466,
            1644937891.911261,
            1644937891.911291,
            1644937891.921527,
            1644937891.921567,
            1644937891.921578,
            1644937891.922414,
            1644937891.922422,
            1644937891.922512,
            1644937891.922517
        ],
        "ps_list": [
            158,
            184,
            225,
            121,
            66,
            101,
            66,
            97,
            97,
            66,
            101,
            66,
            191,
            66,
            260,
            66,
            66,
            121,
            225,
            66,
            66,
            101,
            66,
            121,
            66,
            255,
            66,
            121,
            225,
            66,
            101,
            66,
            120,
            66,
            253,
            66
        ],
        "direction_list": [
            0,
            0,
            0,
            1,
            0,
            1,
            0,
            0,
            1,
            0,
            1,
            0,
            1,
            0,
            1,
            0,
            1,
            0,
            0,
            1,
            1,
            1,
            0,
            1,
            0,
            1,
            0,
            0,
            0,
            1,
            1,
            0,
            1,
            0,
            1,
            0
        ],
        "piat_list": [
            0.2529621124267578,
            0.16307830810546875,
            0.0209808349609375,
            10.068893432617188,
            0.04696846008300781,
            0.014066696166992188,
            0.010967254638671875,
            0.08416175842285156,
            0.02384185791015625,
            0.0050067901611328125,
            0.008106231689453125,
            0.00286102294921875,
            0.7741451263427734,
            0.013828277587890625,
            0.013113021850585938,
            0.008106231689453125,
            48.9809513092041,
            248.183012008667,
            0.03600120544433594,
            9.796857833862305,
            0.023126602172851562,
            0.15997886657714844,
            0.010967254638671875,
            0.7081031799316406,
            0.0050067901611328125,
            0.09489059448242188,
            0.0050067901611328125,
            60.79506874084473,
            0.029802322387695312,
            10.236024856567383,
            0.0400543212890625,
            0.010967254638671875,
            0.8361339569091797,
            0.007867813110351562,
            0.09012222290039062,
            0.0050067901611328125
        ]
    }
}