{
    "(2886734945, 3741648133, 34270, 443, 'tcp', 0)": {
        "ts_list": [
            1645041831.754701,
            1645041831.75489,
            1645041831.754914,
            1645041831.763566,
            1645041831.763584,
            1645041831.763592,
            1645041831.763652,
            1645041831.763657,
            1645041831.76367,
            1645041831.764553,
            1645041831.764558,
            1645041831.764561,
            1645041831.7656,
            1645041831.765604,
            1645041831.765609,
            1645041831.765613,
            1645041831.812574,
            1645041832.037565,
            1645041832.037596,
            1645041832.046486,
            1645041832.046503,
            1645041832.046705,
            1645041832.046715,
            1645041832.047589,
            1645041832.047595,
            1645041832.0476,
            1645041832.047604,
            1645041832.114095,
            1645041832.114121,
            1645041832.123532,
            1645041832.123548,
            1645041832.123557,
            1645041832.124508,
            1645041832.124512,
            1645041832.124517,
            1645041832.124522,
            1645041832.629357,
            1645041832.629395,
            1645041832.638549,
            1645041832.638649,
            1645041832.638657,
            1645041832.639483,
            1645041832.639491,
            1645041832.639581,
            1645041832.639586,
            1645041832.661301,
            1645041832.661328,
            1645041832.670507,
            1645041832.670627,
            1645041832.671565,
            1645041832.671574,
            1645041832.671593
        ],
        "ps_list": [
            158,
            184,
            225,
            66,
            121,
            66,
            110,
            66,
            97,
            66,
            101,
            66,
            190,
            66,
            260,
            66,
            66,
            121,
            225,
            66,
            66,
            101,
            66,
            144,
            66,
            255,
            66,
            121,
            225,
            66,
            101,
            66,
            120,
            66,
            306,
            66,
            121,
            225,
            66,
            101,
            66,
            122,
            66,
            272,
            66,
            121,
            225,
            66,
            101,
            121,
            365,
            66
        ],
        "direction_list": [
            0,
            0,
            0,
            1,
            1,
            0,
            1,
            0,
            0,
            1,
            1,
            0,
            1,
            0,
            1,
            0,
            1,
            0,
            0,
            1,
            1,
            1,
            0,
            1,
            0,
            1,
            0,
            0,
            0,
            1,
            1,
            0,
            1,
            0,
            1,
            0,
            0,
            0,
            1,
            1,
            0,
            1,
            0,
            1,
            0,
            0,
            0,
            1,
            1,
            1,
            1,
            0
        ],
        "piat_list": [
            0.23794174194335938,
            0.18906593322753906,
            0.024080276489257812,
            8.651971817016602,
            0.017881393432617188,
            0.008106231689453125,
            0.06008148193359375,
            0.0050067901611328125,
            0.012874603271484375,
            0.8831024169921875,
            0.0050067901611328125,
            0.00286102294921875,
            1.0390281677246094,
            0.0040531158447265625,
            0.0050067901611328125,
            0.0040531158447265625,
            46.96083068847656,
            224.9910831451416,
            0.030994415283203125,
            8.889913558959961,
            0.0171661376953125,
            0.20194053649902344,
            0.010013580322265625,
            0.8740425109863281,
            0.0059604644775390625,
            0.0050067901611328125,
            0.0040531158447265625,
            66.49088859558105,
            0.025987625122070312,
            9.411096572875977,
            0.015974044799804688,
            0.009059906005859375,
            0.9508132934570312,
            0.0040531158447265625,
            0.0050067901611328125,
            0.0050067901611328125,
            504.8351287841797,
            0.03790855407714844,
            9.154081344604492,
            0.09989738464355469,
            0.008106231689453125,
            0.8258819580078125,
            0.008106231689453125,
            0.08988380432128906,
            0.0050067901611328125,
            21.71492576599121,
            0.027179718017578125,
            9.178876876831055,
            0.1201629638671875,
            0.9379386901855469,
            0.009059906005859375,
            0.018835067749023438
        ]
    }
}