{
    "(2886734945, 3741648133, 34440, 443, 'tcp', 0)": {
        "ts_list": [
            1645042080.484766,
            1645042080.484941,
            1645042080.484968,
            1645042080.494064,
            1645042080.494084,
            1645042080.494091,
            1645042080.494158,
            1645042080.494163,
            1645042080.494165,
            1645042080.494182,
            1645042080.494237,
            1645042080.495124,
            1645042080.495129,
            1645042080.495382,
            1645042080.495387,
            1645042080.542983,
            1645042080.775754,
            1645042080.775792,
            1645042080.784958,
            1645042080.785146,
            1645042080.785151,
            1645042080.785159,
            1645042080.786131,
            1645042080.786135,
            1645042080.786233,
            1645042080.786238,
            1645042080.899697,
            1645042080.899727,
            1645042080.909101,
            1645042080.909122,
            1645042080.909131,
            1645042080.910014,
            1645042080.910018,
            1645042080.910127,
            1645042080.910131,
            1645042081.269407,
            1645042081.269447,
            1645042081.278014,
            1645042081.278175,
            1645042081.278184,
            1645042081.279073,
            1645042081.279077,
            1645042081.279267,
            1645042081.279271,
            1645042081.393872,
            1645042081.393902,
            1645042081.403121,
            1645042081.403146,
            1645042081.403154,
            1645042081.404091,
            1645042081.404098,
            1645042081.404158,
            1645042081.404163
        ],
        "ps_list": [
            158,
            184,
            225,
            66,
            121,
            66,
            110,
            66,
            101,
            66,
            97,
            191,
            66,
            260,
            66,
            66,
            121,
            225,
            66,
            66,
            101,
            66,
            121,
            66,
            255,
            66,
            121,
            225,
            66,
            101,
            66,
            120,
            66,
            306,
            66,
            121,
            225,
            66,
            101,
            66,
            145,
            66,
            272,
            66,
            121,
            225,
            66,
            101,
            66,
            120,
            66,
            365,
            66
        ],
        "direction_list": [
            0,
            0,
            0,
            1,
            1,
            0,
            1,
            0,
            1,
            0,
            0,
            1,
            0,
            1,
            0,
            1,
            0,
            0,
            1,
            1,
            1,
            0,
            1,
            0,
            1,
            0,
            0,
            0,
            1,
            1,
            0,
            1,
            0,
            1,
            0,
            0,
            0,
            1,
            1,
            0,
            1,
            0,
            1,
            0,
            0,
            0,
            1,
            1,
            0,
            1,
            0,
            1,
            0
        ],
        "piat_list": [
            0.2429485321044922,
            0.17499923706054688,
            0.026941299438476562,
            9.096145629882812,
            0.019788742065429688,
            0.007152557373046875,
            0.06699562072753906,
            0.0050067901611328125,
            0.0019073486328125,
            0.0171661376953125,
            0.054836273193359375,
            0.8871555328369141,
            0.0050067901611328125,
            0.2529621124267578,
            0.0050067901611328125,
            47.595977783203125,
            232.7709197998047,
            0.03790855407714844,
            9.16600227355957,
            0.1881122589111328,
            0.0050067901611328125,
            0.008106231689453125,
            0.9717941284179688,
            0.0040531158447265625,
            0.09799003601074219,
            0.0050067901611328125,
            113.45911026000977,
            0.030040740966796875,
            9.373903274536133,
            0.0209808349609375,
            0.009059906005859375,
            0.8828639984130859,
            0.0040531158447265625,
            0.10895729064941406,
            0.0040531158447265625,
            359.27605628967285,
            0.0400543212890625,
            8.566856384277344,
            0.16117095947265625,
            0.008821487426757812,
            0.8890628814697266,
            0.0040531158447265625,
            0.1900196075439453,
            0.003814697265625,
            114.60113525390625,
            0.030040740966796875,
            9.218931198120117,
            0.025033950805664062,
            0.007867813110351562,
            0.9369850158691406,
            0.007152557373046875,
            0.06008148193359375,
            0.00476837158203125
        ]
    }
}