{
    "(2886734945, 3741713926, 42268, 443, 'tcp', 0)": {
        "ts_list": [
            1645529188.280791,
            1645529188.281066,
            1645529188.281101,
            1645529188.309041,
            1645529188.309078,
            1645529188.309097,
            1645529188.309109,
            1645529188.309114,
            1645529188.309989,
            1645529188.309997,
            1645529188.310003,
            1645529188.311006,
            1645529188.311016,
            1645529188.311019,
            1645529188.311025,
            1645529188.313174,
            1645529188.382042,
            1645529188.617781,
            1645529188.617818,
            1645529188.646066,
            1645529188.646093,
            1645529188.646096,
            1645529188.646107,
            1645529188.647019,
            1645529188.647027,
            1645529188.647032,
            1645529188.647037,
            1645529188.720193,
            1645529188.720221,
            1645529188.721615,
            1645529188.721638,
            1645529188.749073,
            1645529188.749105,
            1645529188.749118,
            1645529188.74997,
            1645529188.749982,
            1645529188.749988,
            1645529188.750059,
            1645529188.750066,
            1645529188.750985,
            1645529188.750994,
            1645529188.751006,
            1645529188.75101,
            1645529189.130168,
            1645529189.130199,
            1645529189.159059,
            1645529189.159086,
            1645529189.1591,
            1645529189.160002,
            1645529189.160006,
            1645529189.160109,
            1645529189.160112,
            1645529189.972606,
            1645529189.972642,
            1645529190.001131,
            1645529190.001214,
            1645529190.001227,
            1645529190.002047,
            1645529190.002051,
            1645529190.002057,
            1645529190.002064,
            1645529190.714171,
            1645529190.714199,
            1645529190.743031,
            1645529190.743054,
            1645529190.743063,
            1645529190.744007,
            1645529190.744011,
            1645529190.744017,
            1645529190.74402
        ],
        "ps_list": [
            158,
            184,
            225,
            66,
            121,
            66,
            110,
            66,
            66,
            101,
            66,
            191,
            66,
            260,
            66,
            97,
            66,
            121,
            225,
            66,
            66,
            101,
            66,
            121,
            66,
            255,
            66,
            121,
            225,
            121,
            225,
            66,
            101,
            66,
            66,
            133,
            66,
            375,
            66,
            107,
            66,
            399,
            66,
            121,
            225,
            66,
            101,
            66,
            144,
            66,
            366,
            66,
            121,
            225,
            66,
            101,
            66,
            120,
            66,
            297,
            66,
            121,
            225,
            66,
            101,
            66,
            144,
            66,
            272,
            66
        ],
        "direction_list": [
            0,
            0,
            0,
            1,
            1,
            0,
            1,
            0,
            1,
            1,
            0,
            1,
            0,
            1,
            0,
            0,
            1,
            0,
            0,
            1,
            1,
            1,
            0,
            1,
            0,
            1,
            0,
            0,
            0,
            0,
            0,
            1,
            1,
            0,
            1,
            1,
            0,
            1,
            0,
            1,
            0,
            1,
            0,
            0,
            0,
            1,
            1,
            0,
            1,
            0,
            1,
            0,
            0,
            0,
            1,
            1,
            0,
            1,
            0,
            1,
            0,
            0,
            0,
            1,
            1,
            0,
            1,
            0,
            1,
            0
        ],
        "piat_list": [
            0.39005279541015625,
            0.27489662170410156,
            0.03504753112792969,
            27.940034866333008,
            0.03695487976074219,
            0.019073486328125,
            0.011920928955078125,
            0.0050067901611328125,
            0.8749961853027344,
            0.008106231689453125,
            0.0059604644775390625,
            1.0030269622802734,
            0.010013580322265625,
            0.00286102294921875,
            0.0059604644775390625,
            2.1491050720214844,
            68.86792182922363,
            235.73899269104004,
            0.03719329833984375,
            28.247833251953125,
            0.026941299438476562,
            0.0030994415283203125,
            0.010967254638671875,
            0.9119510650634766,
            0.008106231689453125,
            0.0050067901611328125,
            0.0050067901611328125,
            73.15587997436523,
            0.028133392333984375,
            1.394033432006836,
            0.02288818359375,
            27.4350643157959,
            0.031948089599609375,
            0.013113021850585938,
            0.8518695831298828,
            0.012159347534179688,
            0.0059604644775390625,
            0.07081031799316406,
            0.007152557373046875,
            0.9188652038574219,
            0.009059906005859375,
            0.011920928955078125,
            0.0040531158447265625,
            379.15802001953125,
            0.030994415283203125,
            28.860092163085938,
            0.026941299438476562,
            0.014066696166992188,
            0.9019374847412109,
            0.0040531158447265625,
            0.102996826171875,
            0.00286102294921875,
            812.4940395355225,
            0.03600120544433594,
            28.489112854003906,
            0.08296966552734375,
            0.012874603271484375,
            0.820159912109375,
            0.0040531158447265625,
            0.0059604644775390625,
            0.0069141387939453125,
            712.1069431304932,
            0.028133392333984375,
            28.831958770751953,
            0.02288818359375,
            0.009059906005859375,
            0.9441375732421875,
            0.003814697265625,
            0.0059604644775390625,
            0.0030994415283203125
        ]
    }
}