{
    "(2886734945, 3741648133, 59054, 443, 'tcp', 0)": {
        "ts_list": [
            1645764376.766371,
            1645764376.766529,
            1645764376.766556,
            1645764376.775109,
            1645764376.775132,
            1645764376.775194,
            1645764376.775202,
            1645764376.775204,
            1645764376.77521,
            1645764376.775348,
            1645764376.775352,
            1645764376.775448,
            1645764376.775452,
            1645764376.775454,
            1645764376.775458,
            1645764376.779486,
            1645764376.82755,
            1645764377.16476,
            1645764377.164797,
            1645764377.17341,
            1645764377.173427,
            1645764377.173593,
            1645764377.173603,
            1645764377.173613,
            1645764377.173617,
            1645764377.17362,
            1645764377.173625,
            1645764377.280835,
            1645764377.280867,
            1645764377.289588,
            1645764377.289604,
            1645764377.289613,
            1645764377.289623,
            1645764377.289627,
            1645764377.289631,
            1645764377.289635,
            1645764378.000629,
            1645764378.000663,
            1645764378.0093,
            1645764378.009372,
            1645764378.009382,
            1645764378.009389,
            1645764378.009392,
            1645764378.00947,
            1645764378.009474
        ],
        "ps_list": [
            158,
            184,
            225,
            121,
            66,
            101,
            66,
            97,
            66,
            101,
            66,
            191,
            66,
            260,
            66,
            97,
            66,
            121,
            225,
            66,
            66,
            101,
            66,
            144,
            66,
            255,
            66,
            121,
            225,
            66,
            101,
            66,
            122,
            66,
            252,
            66,
            121,
            225,
            66,
            101,
            66,
            122,
            66,
            272,
            66
        ],
        "direction_list": [
            0,
            0,
            0,
            1,
            0,
            1,
            0,
            1,
            0,
            1,
            0,
            1,
            0,
            1,
            0,
            0,
            1,
            0,
            0,
            1,
            1,
            1,
            0,
            1,
            0,
            1,
            0,
            0,
            0,
            1,
            1,
            0,
            1,
            0,
            1,
            0,
            0,
            0,
            1,
            1,
            0,
            1,
            0,
            1,
            0
        ],
        "piat_list": [
            0.225067138671875,
            0.15807151794433594,
            0.026941299438476562,
            8.553028106689453,
            0.02288818359375,
            0.06198883056640625,
            0.008106231689453125,
            0.0019073486328125,
            0.0059604644775390625,
            0.1380443572998047,
            0.0040531158447265625,
            0.09608268737792969,
            0.003814697265625,
            0.0021457672119140625,
            0.0040531158447265625,
            4.027843475341797,
            48.06399345397949,
            337.21017837524414,
            0.03695487976074219,
            8.612871170043945,
            0.0171661376953125,
            0.1659393310546875,
            0.010013580322265625,
            0.010013580322265625,
            0.003814697265625,
            0.0030994415283203125,
            0.0050067901611328125,
            107.20992088317871,
            0.03218650817871094,
            8.720874786376953,
            0.015974044799804688,
            0.009059906005859375,
            0.010013580322265625,
            0.0040531158447265625,
            0.003814697265625,
            0.0040531158447265625,
            710.9940052032471,
            0.03409385681152344,
            8.636951446533203,
            0.07200241088867188,
            0.010013580322265625,
            0.0069141387939453125,
            0.0030994415283203125,
            0.07796287536621094,
            0.0040531158447265625
        ]
    }
}