{
    "(2886734945, 3741713926, 52676, 443, 'tcp', 0)": {
        "ts_list": [
            1644927735.027899,
            1644927735.028062,
            1644927735.028087,
            1644927735.054479,
            1644927735.054516,
            1644927735.054529,
            1644927735.054541,
            1644927735.054545,
            1644927735.054552,
            1644927735.054555,
            1644927735.054726,
            1644927735.055403,
            1644927735.055413,
            1644927735.055498,
            1644927735.055505,
            1644927735.121443,
            1644927735.259877,
            1644927735.259913,
            1644927735.28641,
            1644927735.286437,
            1644927735.286488,
            1644927735.286498,
            1644927735.287313,
            1644927735.287318,
            1644927735.28741,
            1644927735.287446,
            1644927735.386043,
            1644927735.386071,
            1644927735.412345,
            1644927735.412366,
            1644927735.412443,
            1644927735.413309,
            1644927735.413371,
            1644927735.413418,
            1644927735.413504,
            1644927735.427399,
            1644927735.427427,
            1644927735.454336,
            1644927735.45436,
            1644927735.455393,
            1644927735.455405,
            1644927735.45543,
            1644927735.514354,
            1644927735.514382,
            1644927735.516659,
            1644927735.516686,
            1644927735.54141,
            1644927735.54143,
            1644927735.542386,
            1644927735.542485,
            1644927735.542568,
            1644927735.543329,
            1644927735.543427,
            1644927735.54443,
            1644927735.544526,
            1644927735.544535,
            1644927735.552002,
            1644927735.552024,
            1644927735.578412,
            1644927735.578505,
            1644927735.579457,
            1644927735.57949,
            1644927735.579551,
            1644927735.626776
        ],
        "ps_list": [
            164,
            184,
            225,
            66,
            121,
            66,
            110,
            66,
            101,
            66,
            97,
            191,
            66,
            260,
            66,
            66,
            121,
            225,
            66,
            66,
            101,
            66,
            120,
            66,
            255,
            66,
            121,
            225,
            66,
            101,
            66,
            120,
            66,
            332,
            66,
            121,
            225,
            66,
            101,
            121,
            297,
            66,
            121,
            225,
            121,
            225,
            66,
            101,
            122,
            272,
            66,
            66,
            101,
            121,
            652,
            66,
            121,
            225,
            66,
            101,
            121,
            66,
            300,
            66
        ],
        "direction_list": [
            0,
            0,
            0,
            1,
            1,
            0,
            1,
            0,
            1,
            0,
            0,
            1,
            0,
            1,
            0,
            1,
            0,
            0,
            1,
            1,
            1,
            0,
            1,
            0,
            1,
            0,
            0,
            0,
            1,
            1,
            0,
            1,
            0,
            1,
            0,
            0,
            0,
            1,
            1,
            1,
            1,
            0,
            0,
            0,
            0,
            0,
            1,
            1,
            1,
            1,
            0,
            1,
            1,
            1,
            1,
            0,
            0,
            0,
            1,
            1,
            1,
            0,
            1,
            0
        ],
        "piat_list": [
            0.26297569274902344,
            0.16307830810546875,
            0.0247955322265625,
            26.391983032226562,
            0.03719329833984375,
            0.012874603271484375,
            0.012159347534179688,
            0.003814697265625,
            0.007152557373046875,
            0.00286102294921875,
            0.1709461212158203,
            0.6771087646484375,
            0.010013580322265625,
            0.08487701416015625,
            0.007152557373046875,
            65.93799591064453,
            138.43393325805664,
            0.03600120544433594,
            26.49712562561035,
            0.026941299438476562,
            0.051021575927734375,
            0.010013580322265625,
            0.8149147033691406,
            0.0050067901611328125,
            0.09202957153320312,
            0.03600120544433594,
            98.59704971313477,
            0.027894973754882812,
            26.27396583557129,
            0.0209808349609375,
            0.07700920104980469,
            0.8661746978759766,
            0.06198883056640625,
            0.04696846008300781,
            0.0858306884765625,
            13.895034790039062,
            0.028133392333984375,
            26.90887451171875,
            0.024080276489257812,
            1.0330677032470703,
            0.011920928955078125,
            0.025033950805664062,
            58.923959732055664,
            0.027894973754882812,
            2.2771358489990234,
            0.026941299438476562,
            24.72400665283203,
            0.02002716064453125,
            0.9560585021972656,
            0.09894371032714844,
            0.08296966552734375,
            0.7610321044921875,
            0.09799003601074219,
            1.0030269622802734,
            0.09608268737792969,
            0.008821487426757812,
            7.467031478881836,
            0.02193450927734375,
            26.388168334960938,
            0.09298324584960938,
            0.9520053863525391,
            0.032901763916015625,
            0.06103515625,
            47.224998474121094
        ]
    }
}