{
    "(2886734945, 3741648133, 49674, 443, 'tcp', 0)": {
        "ts_list": [
            1644928266.265448,
            1644928266.265618,
            1644928266.265639,
            1644928266.273348,
            1644928266.273368,
            1644928266.273467,
            1644928266.2742,
            1644928266.274207,
            1644928266.274212,
            1644928266.274396,
            1644928266.274402,
            1644928266.274495,
            1644928266.2745,
            1644928266.275274,
            1644928266.275281,
            1644928266.27529,
            1644928266.275295,
            1644928266.322232,
            1644928266.57104,
            1644928266.571078,
            1644928266.579247,
            1644928266.579267,
            1644928266.57943,
            1644928266.579441,
            1644928266.580318,
            1644928266.580322,
            1644928266.580327,
            1644928266.58033,
            1644928266.682959,
            1644928266.682997,
            1644928266.691345,
            1644928266.691431,
            1644928266.691442,
            1644928266.692292,
            1644928266.692308,
            1644928266.692316,
            1644928266.69232,
            1644928266.724924,
            1644928266.724954,
            1644928266.73332,
            1644928266.73344,
            1644928266.734282,
            1644928266.734304,
            1644928266.73433,
            1644928266.811796,
            1644928266.811823,
            1644928266.811895,
            1644928266.820264,
            1644928266.820351,
            1644928266.820358,
            1644928266.820405,
            1644928266.821331,
            1644928266.821338,
            1644928266.82134,
            1644928266.821377,
            1644928266.832218,
            1644928266.832239,
            1644928266.84033,
            1644928266.840453,
            1644928266.841243,
            1644928266.841268,
            1644928266.841342,
            1644928266.882783
        ],
        "ps_list": [
            158,
            184,
            225,
            121,
            66,
            97,
            66,
            101,
            66,
            97,
            66,
            101,
            66,
            190,
            66,
            260,
            66,
            66,
            121,
            225,
            66,
            66,
            101,
            66,
            121,
            66,
            255,
            66,
            121,
            225,
            66,
            101,
            66,
            120,
            66,
            332,
            66,
            121,
            225,
            66,
            101,
            121,
            297,
            66,
            121,
            225,
            280,
            66,
            101,
            101,
            66,
            122,
            305,
            1111,
            66,
            121,
            225,
            66,
            101,
            121,
            66,
            300,
            66
        ],
        "direction_list": [
            0,
            0,
            0,
            1,
            0,
            0,
            1,
            1,
            0,
            1,
            0,
            1,
            0,
            1,
            0,
            1,
            0,
            1,
            0,
            0,
            1,
            1,
            1,
            0,
            1,
            0,
            1,
            0,
            0,
            0,
            1,
            1,
            0,
            1,
            0,
            1,
            0,
            0,
            0,
            1,
            1,
            1,
            1,
            0,
            0,
            0,
            0,
            1,
            1,
            1,
            0,
            1,
            1,
            1,
            0,
            0,
            0,
            1,
            1,
            1,
            0,
            1,
            0
        ],
        "piat_list": [
            0.3910064697265625,
            0.16999244689941406,
            0.0209808349609375,
            7.709026336669922,
            0.019788742065429688,
            0.09918212890625,
            0.7328987121582031,
            0.007152557373046875,
            0.00476837158203125,
            0.18405914306640625,
            0.0059604644775390625,
            0.09298324584960938,
            0.0050067901611328125,
            0.7741451263427734,
            0.0069141387939453125,
            0.009059906005859375,
            0.0050067901611328125,
            46.936988830566406,
            248.8079071044922,
            0.03814697265625,
            8.168935775756836,
            0.02002716064453125,
            0.16307830810546875,
            0.010967254638671875,
            0.8769035339355469,
            0.0040531158447265625,
            0.0050067901611328125,
            0.00286102294921875,
            102.62918472290039,
            0.03790855407714844,
            8.34798812866211,
            0.08606910705566406,
            0.010967254638671875,
            0.8499622344970703,
            0.015974044799804688,
            0.008106231689453125,
            0.0040531158447265625,
            32.60397911071777,
            0.029802322387695312,
            8.366107940673828,
            0.11992454528808594,
            0.8420944213867188,
            0.02193450927734375,
            0.025987625122070312,
            77.46601104736328,
            0.026941299438476562,
            0.07200241088867188,
            8.369207382202148,
            0.08678436279296875,
            0.007152557373046875,
            0.04696846008300781,
            0.9260177612304688,
            0.0069141387939453125,
            0.0021457672119140625,
            0.03695487976074219,
            10.840892791748047,
            0.0209808349609375,
            8.090972900390625,
            0.12302398681640625,
            0.7901191711425781,
            0.025033950805664062,
            0.07390975952148438,
            41.44096374511719
        ]
    }
}