{
    "(2886734945, 3741648133, 52596, 443, 'tcp', 0)": {
        "ts_list": [
            1645262747.367029,
            1645262747.367269,
            1645262747.367293,
            1645262747.374855,
            1645262747.374952,
            1645262747.374957,
            1645262747.374965,
            1645262747.374968,
            1645262747.37497,
            1645262747.374973,
            1645262747.375045,
            1645262747.375769,
            1645262747.375887,
            1645262747.37589,
            1645262747.376755,
            1645262747.376759,
            1645262747.376765,
            1645262747.376769,
            1645262747.426023,
            1645262747.701289,
            1645262747.701327,
            1645262747.709861,
            1645262747.709885,
            1645262747.711035,
            1645262747.711047,
            1645262747.711416,
            1645262747.711421,
            1645262747.711427,
            1645262747.71143,
            1645262747.800929,
            1645262747.800961,
            1645262747.808975,
            1645262747.810039
        ],
        "ps_list": [
            158,
            184,
            225,
            66,
            121,
            66,
            101,
            66,
            97,
            66,
            97,
            66,
            101,
            66,
            190,
            66,
            260,
            66,
            66,
            121,
            225,
            66,
            66,
            101,
            66,
            121,
            66,
            255,
            66,
            121,
            225,
            66,
            101
        ],
        "direction_list": [
            0,
            0,
            0,
            1,
            1,
            0,
            1,
            0,
            1,
            0,
            0,
            1,
            1,
            0,
            1,
            0,
            1,
            0,
            1,
            0,
            0,
            1,
            1,
            1,
            0,
            1,
            0,
            1,
            0,
            0,
            0,
            1,
            1
        ],
        "piat_list": [
            0.2410411834716797,
            0.24008750915527344,
            0.02384185791015625,
            7.562160491943359,
            0.09703636169433594,
            0.0050067901611328125,
            0.007867813110351562,
            0.0030994415283203125,
            0.0019073486328125,
            0.0030994415283203125,
            0.07200241088867188,
            0.7238388061523438,
            0.11801719665527344,
            0.0030994415283203125,
            0.8649826049804688,
            0.0040531158447265625,
            0.0059604644775390625,
            0.0040531158447265625,
            49.25394058227539,
            275.2659320831299,
            0.03814697265625,
            8.533954620361328,
            0.02384185791015625,
            1.1501312255859375,
            0.011920928955078125,
            0.36907196044921875,
            0.0050067901611328125,
            0.0059604644775390625,
            0.0030994415283203125,
            89.49899673461914,
            0.031948089599609375,
            8.01396369934082,
            1.0640621185302734
        ]
    }
}