{
    "(2886734945, 3741648133, 52788, 443, 'tcp', 0)": {
        "ts_list": [
            1645263098.126528,
            1645263098.126721,
            1645263098.126741,
            1645263098.135358,
            1645263098.135392,
            1645263098.135401,
            1645263098.135443,
            1645263098.135448,
            1645263098.135547,
            1645263098.135563,
            1645263098.135568,
            1645263098.136154,
            1645263098.13616,
            1645263098.136167,
            1645263098.13617,
            1645263098.184326,
            1645263098.446448,
            1645263098.446482,
            1645263098.455255,
            1645263098.455274,
            1645263098.455477,
            1645263098.455486,
            1645263098.456255,
            1645263098.456267,
            1645263098.456351,
            1645263098.456356,
            1645263098.546562,
            1645263098.54659,
            1645263098.555263,
            1645263098.555347,
            1645263098.555356,
            1645263098.556194,
            1645263098.556202,
            1645263098.556291,
            1645263098.556296
        ],
        "ps_list": [
            158,
            184,
            225,
            66,
            121,
            66,
            110,
            66,
            97,
            101,
            66,
            190,
            66,
            260,
            66,
            66,
            121,
            225,
            66,
            66,
            101,
            66,
            122,
            66,
            255,
            66,
            121,
            225,
            66,
            101,
            66,
            122,
            66,
            253,
            66
        ],
        "direction_list": [
            0,
            0,
            0,
            1,
            1,
            0,
            1,
            0,
            0,
            1,
            0,
            1,
            0,
            1,
            0,
            1,
            0,
            0,
            1,
            1,
            1,
            0,
            1,
            0,
            1,
            0,
            0,
            0,
            1,
            1,
            0,
            1,
            0,
            1,
            0
        ],
        "piat_list": [
            0.40793418884277344,
            0.19288063049316406,
            0.02002716064453125,
            8.617162704467773,
            0.033855438232421875,
            0.009059906005859375,
            0.041961669921875,
            0.0050067901611328125,
            0.09894371032714844,
            0.015974044799804688,
            0.0050067901611328125,
            0.5860328674316406,
            0.0059604644775390625,
            0.007152557373046875,
            0.00286102294921875,
            48.156023025512695,
            262.12215423583984,
            0.033855438232421875,
            8.773088455200195,
            0.019073486328125,
            0.2028942108154297,
            0.009059906005859375,
            0.7688999176025391,
            0.012159347534179688,
            0.08392333984375,
            0.0050067901611328125,
            90.20590782165527,
            0.028133392333984375,
            8.672952651977539,
            0.08392333984375,
            0.009059906005859375,
            0.8380413055419922,
            0.007867813110351562,
            0.08916854858398438,
            0.0050067901611328125
        ]
    }
}