{
    "(2886734945, 3741648133, 44180, 443, 'tcp', 0)": {
        "ts_list": [
            1644824053.707895,
            1644824053.708044,
            1644824053.70807,
            1644824053.715885,
            1644824053.715907,
            1644824053.716687,
            1644824053.716692,
            1644824053.716696,
            1644824053.716884,
            1644824053.716888,
            1644824053.716987,
            1644824053.716992,
            1644824053.717146,
            1644824053.71777,
            1644824053.717776,
            1644824053.717782,
            1644824053.717785,
            1644824053.765672,
            1644824053.965707,
            1644824053.965741,
            1644824053.973743,
            1644824053.973765,
            1644824053.973897,
            1644824053.973908,
            1644824053.975685,
            1644824053.975691,
            1644824053.975826,
            1644824053.975831,
            1644824054.061064,
            1644824054.061089,
            1644824054.062497,
            1644824054.062517,
            1644824054.069747,
            1644824054.069766,
            1644824054.069774,
            1644824054.07078,
            1644824054.070784,
            1644824054.070787,
            1644824054.070793,
            1644824054.070797,
            1644824054.071888,
            1644824054.071892,
            1644824054.071897,
            1644824054.0719,
            1644824054.177988,
            1644824054.178017,
            1644824054.178033,
            1644824054.178114,
            1644824054.185733,
            1644824054.185926,
            1644824054.186036,
            1644824054.186742,
            1644824054.186823,
            1644824054.186843,
            1644824054.186846,
            1644824054.186866,
            1644824054.187832,
            1644824054.187847,
            1644824054.187881,
            1644824054.580357,
            1644824054.580392,
            1644824054.588785,
            1644824054.588881,
            1644824054.588891,
            1644824054.589767,
            1644824054.589779,
            1644824054.589782,
            1644824054.589786,
            1644824054.623069,
            1644824054.623094,
            1644824054.631717,
            1644824054.631807,
            1644824054.632815,
            1644824054.632818,
            1644824054.636801
        ],
        "ps_list": [
            158,
            184,
            225,
            121,
            66,
            66,
            101,
            66,
            97,
            66,
            101,
            66,
            97,
            190,
            66,
            260,
            66,
            66,
            121,
            225,
            66,
            66,
            101,
            66,
            122,
            66,
            255,
            66,
            121,
            225,
            121,
            225,
            66,
            101,
            66,
            66,
            145,
            66,
            269,
            66,
            121,
            66,
            342,
            66,
            121,
            121,
            225,
            225,
            66,
            101,
            66,
            101,
            66,
            108,
            351,
            66,
            120,
            682,
            66,
            121,
            225,
            66,
            101,
            66,
            121,
            66,
            297,
            66,
            121,
            225,
            66,
            101,
            122,
            272,
            66
        ],
        "direction_list": [
            0,
            0,
            0,
            1,
            0,
            1,
            1,
            0,
            1,
            0,
            1,
            0,
            0,
            1,
            0,
            1,
            0,
            1,
            0,
            0,
            1,
            1,
            1,
            0,
            1,
            0,
            1,
            0,
            0,
            0,
            0,
            0,
            1,
            1,
            0,
            1,
            1,
            0,
            1,
            0,
            1,
            0,
            1,
            0,
            0,
            0,
            0,
            0,
            1,
            1,
            0,
            1,
            0,
            1,
            1,
            0,
            1,
            1,
            0,
            0,
            0,
            1,
            1,
            0,
            1,
            0,
            1,
            0,
            0,
            0,
            1,
            1,
            1,
            1,
            0
        ],
        "piat_list": [
            0.23603439331054688,
            0.14901161193847656,
            0.025987625122070312,
            7.814884185791016,
            0.022172927856445312,
            0.7798671722412109,
            0.0050067901611328125,
            0.0040531158447265625,
            0.18787384033203125,
            0.0040531158447265625,
            0.09894371032714844,
            0.0050067901611328125,
            0.15401840209960938,
            0.6241798400878906,
            0.0059604644775390625,
            0.0059604644775390625,
            0.00286102294921875,
            47.88708686828613,
            200.03509521484375,
            0.033855438232421875,
            8.002042770385742,
            0.02193450927734375,
            0.13208389282226562,
            0.010967254638671875,
            1.7769336700439453,
            0.006198883056640625,
            0.13494491577148438,
            0.0050067901611328125,
            85.23297309875488,
            0.025033950805664062,
            1.4078617095947266,
            0.02002716064453125,
            7.230043411254883,
            0.019073486328125,
            0.007867813110351562,
            1.0061264038085938,
            0.0040531158447265625,
            0.00286102294921875,
            0.0059604644775390625,
            0.0040531158447265625,
            1.09100341796875,
            0.0040531158447265625,
            0.0050067901611328125,
            0.00286102294921875,
            106.08816146850586,
            0.028848648071289062,
            0.01621246337890625,
            0.08082389831542969,
            7.619142532348633,
            0.19288063049316406,
            0.11014938354492188,
            0.7059574127197266,
            0.08082389831542969,
            0.02002716064453125,
            0.0030994415283203125,
            0.02002716064453125,
            0.9660720825195312,
            0.014781951904296875,
            0.03409385681152344,
            392.47608184814453,
            0.034809112548828125,
            8.393049240112305,
            0.09608268737792969,
            0.010013580322265625,
            0.8759498596191406,
            0.011920928955078125,
            0.0030994415283203125,
            0.0040531158447265625,
            33.28299522399902,
            0.025033950805664062,
            8.622884750366211,
            0.09012222290039062,
            1.0077953338623047,
            0.0030994415283203125,
            3.983020782470703
        ]
    }
}