{
    "(2886734945, 3741713926, 52722, 443, 'tcp', 0)": {
        "ts_list": [
            1645467492.271512,
            1645467492.27169,
            1645467492.271716,
            1645467492.300461,
            1645467492.300544,
            1645467492.300563,
            1645467492.300579,
            1645467492.300583,
            1645467492.300585,
            1645467492.300588,
            1645467492.301496,
            1645467492.301503,
            1645467492.301593,
            1645467492.301599,
            1645467492.306941,
            1645467492.37663,
            1645467492.558795,
            1645467492.558831,
            1645467492.587581,
            1645467492.58761,
            1645467492.587614,
            1645467492.587628,
            1645467492.58851,
            1645467492.588517,
            1645467492.588526,
            1645467492.588529,
            1645467492.681586,
            1645467492.681615,
            1645467492.710544,
            1645467492.710582,
            1645467492.7106,
            1645467492.71143,
            1645467492.71144,
            1645467492.711525,
            1645467492.71153
        ],
        "ps_list": [
            158,
            184,
            225,
            66,
            121,
            66,
            110,
            66,
            101,
            66,
            191,
            66,
            260,
            66,
            97,
            66,
            121,
            225,
            66,
            66,
            101,
            66,
            121,
            66,
            255,
            66,
            121,
            225,
            66,
            101,
            66,
            122,
            66,
            253,
            66
        ],
        "direction_list": [
            0,
            0,
            0,
            1,
            1,
            0,
            1,
            0,
            1,
            0,
            1,
            0,
            1,
            0,
            0,
            1,
            0,
            0,
            1,
            1,
            1,
            0,
            1,
            0,
            1,
            0,
            0,
            0,
            1,
            1,
            0,
            1,
            0,
            1,
            0
        ],
        "piat_list": [
            0.2961158752441406,
            0.17786026000976562,
            0.026226043701171875,
            28.744935989379883,
            0.08296966552734375,
            0.019073486328125,
            0.015974044799804688,
            0.003814697265625,
            0.0021457672119140625,
            0.00286102294921875,
            0.9081363677978516,
            0.0069141387939453125,
            0.09012222290039062,
            0.0059604644775390625,
            5.342006683349609,
            69.68903541564941,
            182.16490745544434,
            0.03600120544433594,
            28.749942779541016,
            0.029087066650390625,
            0.0040531158447265625,
            0.013828277587890625,
            0.8821487426757812,
            0.0069141387939453125,
            0.009059906005859375,
            0.0030994415283203125,
            93.05691719055176,
            0.029087066650390625,
            28.92899513244629,
            0.03790855407714844,
            0.017881393432617188,
            0.8301734924316406,
            0.010013580322265625,
            0.08487701416015625,
            0.0050067901611328125
        ]
    }
}