{
    "(2886734945, 3741713926, 56914, 443, 'tcp', 0)": {
        "ts_list": [
            1645571922.019373,
            1645571922.019604,
            1645571922.019633,
            1645571922.04745,
            1645571922.047482,
            1645571922.047495,
            1645571922.047505,
            1645571922.047509,
            1645571922.047513,
            1645571922.047516,
            1645571922.047649,
            1645571922.048414,
            1645571922.048425,
            1645571922.048511,
            1645571922.048519,
            1645571922.115418,
            1645571922.336345,
            1645571922.336389,
            1645571922.364464,
            1645571922.36449,
            1645571922.364501,
            1645571922.364516,
            1645571922.365513,
            1645571922.365524,
            1645571922.365536,
            1645571922.365539,
            1645571922.428171,
            1645571922.428216,
            1645571922.456435,
            1645571922.456463,
            1645571922.456476,
            1645571922.457455,
            1645571922.457459,
            1645571922.457546,
            1645571922.45755,
            1645571922.658046,
            1645571922.658075,
            1645571922.685543,
            1645571922.685572,
            1645571922.685588,
            1645571922.686455,
            1645571922.68646,
            1645571922.686465,
            1645571922.68647,
            1645571923.385178,
            1645571923.385219,
            1645571923.413368,
            1645571923.413473,
            1645571923.413488,
            1645571923.414425,
            1645571923.414432,
            1645571923.414516,
            1645571923.41452
        ],
        "ps_list": [
            158,
            184,
            225,
            66,
            121,
            66,
            110,
            66,
            101,
            66,
            97,
            190,
            66,
            260,
            66,
            66,
            121,
            225,
            66,
            66,
            101,
            66,
            122,
            66,
            255,
            66,
            121,
            225,
            66,
            101,
            66,
            122,
            66,
            252,
            66,
            121,
            225,
            66,
            101,
            66,
            108,
            66,
            256,
            66,
            121,
            225,
            66,
            101,
            66,
            143,
            66,
            297,
            66
        ],
        "direction_list": [
            0,
            0,
            0,
            1,
            1,
            0,
            1,
            0,
            1,
            0,
            0,
            1,
            0,
            1,
            0,
            1,
            0,
            0,
            1,
            1,
            1,
            0,
            1,
            0,
            1,
            0,
            0,
            0,
            1,
            1,
            0,
            1,
            0,
            1,
            0,
            0,
            0,
            1,
            1,
            0,
            1,
            0,
            1,
            0,
            0,
            0,
            1,
            1,
            0,
            1,
            0,
            1,
            0
        ],
        "piat_list": [
            0.33092498779296875,
            0.23102760314941406,
            0.029087066650390625,
            27.8170108795166,
            0.031948089599609375,
            0.012874603271484375,
            0.010013580322265625,
            0.0040531158447265625,
            0.0040531158447265625,
            0.0030994415283203125,
            0.1327991485595703,
            0.7650852203369141,
            0.010967254638671875,
            0.08606910705566406,
            0.007867813110351562,
            66.89906120300293,
            220.92700004577637,
            0.04410743713378906,
            28.074979782104492,
            0.025987625122070312,
            0.010967254638671875,
            0.015020370483398438,
            0.9970664978027344,
            0.010967254638671875,
            0.011920928955078125,
            0.0030994415283203125,
            62.631845474243164,
            0.04506111145019531,
            28.218984603881836,
            0.028133392333984375,
            0.012874603271484375,
            0.9789466857910156,
            0.0040531158447265625,
            0.08702278137207031,
            0.0040531158447265625,
            200.49595832824707,
            0.029087066650390625,
            27.467966079711914,
            0.028848648071289062,
            0.015974044799804688,
            0.8671283721923828,
            0.0050067901611328125,
            0.0050067901611328125,
            0.0050067901611328125,
            698.7080574035645,
            0.04100799560546875,
            28.148889541625977,
            0.1049041748046875,
            0.015020370483398438,
            0.9369850158691406,
            0.007152557373046875,
            0.08392333984375,
            0.0040531158447265625
        ]
    }
}