{
    "(2886734945, 3741713926, 54072, 443, 'tcp', 0)": {
        "ts_list": [
            1645169780.327321,
            1645169780.327666,
            1645169780.328054,
            1645169780.339792,
            1645169780.339831,
            1645169780.34293,
            1645169780.35257,
            1645169780.352589,
            1645169780.352605,
            1645169780.35262,
            1645169780.352624,
            1645169780.352755,
            1645169780.35276,
            1645169780.353593,
            1645169780.353598,
            1645169780.353601,
            1645169780.353604,
            1645169780.407606,
            1645169780.626415,
            1645169780.626448,
            1645169780.65161,
            1645169780.651626,
            1645169780.651782,
            1645169780.651791,
            1645169780.65263,
            1645169780.652643,
            1645169780.652647,
            1645169780.652651,
            1645169780.739036,
            1645169780.739062,
            1645169780.740823,
            1645169780.740845,
            1645169780.763593,
            1645169780.763627,
            1645169780.763646,
            1645169780.76469,
            1645169780.764704,
            1645169780.764712,
            1645169780.764717,
            1645169780.765566,
            1645169780.765662,
            1645169780.765668,
            1645169780.766637,
            1645169780.766642,
            1645169780.76665,
            1645169780.766656,
            1645169781.269204,
            1645169781.269252,
            1645169781.29464,
            1645169781.294673,
            1645169781.294688,
            1645169781.295597,
            1645169781.295603,
            1645169781.295609,
            1645169781.295613
        ],
        "ps_list": [
            158,
            184,
            225,
            121,
            66,
            97,
            66,
            101,
            66,
            97,
            66,
            101,
            66,
            191,
            66,
            260,
            66,
            66,
            121,
            225,
            66,
            66,
            101,
            66,
            122,
            66,
            255,
            66,
            121,
            225,
            121,
            225,
            66,
            101,
            66,
            119,
            66,
            255,
            66,
            66,
            101,
            66,
            120,
            66,
            682,
            66,
            121,
            225,
            66,
            101,
            66,
            143,
            66,
            297,
            66
        ],
        "direction_list": [
            0,
            0,
            0,
            1,
            0,
            0,
            1,
            1,
            0,
            1,
            0,
            1,
            0,
            1,
            0,
            1,
            0,
            1,
            0,
            0,
            1,
            1,
            1,
            0,
            1,
            0,
            1,
            0,
            0,
            0,
            0,
            0,
            1,
            1,
            0,
            1,
            0,
            1,
            0,
            1,
            1,
            0,
            1,
            0,
            1,
            0,
            0,
            0,
            1,
            1,
            0,
            1,
            0,
            1,
            0
        ],
        "piat_list": [
            12.46500015258789,
            0.34499168395996094,
            0.3879070281982422,
            11.738061904907227,
            0.03910064697265625,
            3.0989646911621094,
            9.639978408813477,
            0.018835067749023438,
            0.01621246337890625,
            0.014781951904296875,
            0.0040531158447265625,
            0.13113021850585938,
            0.0050067901611328125,
            0.8330345153808594,
            0.0050067901611328125,
            0.00286102294921875,
            0.0030994415283203125,
            54.001808166503906,
            218.8091278076172,
            0.032901763916015625,
            25.1619815826416,
            0.01621246337890625,
            0.15592575073242188,
            0.009059906005859375,
            0.8389949798583984,
            0.012874603271484375,
            0.0040531158447265625,
            0.0040531158447265625,
            86.38501167297363,
            0.025987625122070312,
            1.7609596252441406,
            0.02193450927734375,
            22.74799346923828,
            0.03409385681152344,
            0.018835067749023438,
            1.0440349578857422,
            0.014066696166992188,
            0.008106231689453125,
            0.0050067901611328125,
            0.8490085601806641,
            0.09584426879882812,
            0.0059604644775390625,
            0.9691715240478516,
            0.0050067901611328125,
            0.007867813110351562,
            0.0059604644775390625,
            502.5479793548584,
            0.048160552978515625,
            25.388002395629883,
            0.032901763916015625,
            0.015020370483398438,
            0.9090900421142578,
            0.0059604644775390625,
            0.0059604644775390625,
            0.0040531158447265625
        ]
    }
}