{
    "(2886734945, 3741713926, 54514, 443, 'tcp', 0)": {
        "ts_list": [
            1645170351.126574,
            1645170351.126746,
            1645170351.126786,
            1645170351.155889,
            1645170351.155917,
            1645170351.15593,
            1645170351.155946,
            1645170351.155949,
            1645170351.156061,
            1645170351.156075,
            1645170351.156084,
            1645170351.156797,
            1645170351.156802,
            1645170351.156895,
            1645170351.156899,
            1645170351.225801,
            1645170351.357068,
            1645170351.357107,
            1645170351.386748,
            1645170351.386794,
            1645170351.386922,
            1645170351.386937,
            1645170351.38774,
            1645170351.387756,
            1645170351.387772,
            1645170351.387838,
            1645170351.421816,
            1645170351.421862,
            1645170351.427039,
            1645170351.427065,
            1645170351.450876,
            1645170351.450906,
            1645170351.451801,
            1645170351.451828,
            1645170351.4519,
            1645170351.456759,
            1645170351.456855,
            1645170351.4569,
            1645170351.457835,
            1645170351.457931,
            1645170351.457948,
            1645170351.801896,
            1645170351.801925,
            1645170351.831929,
            1645170351.831955,
            1645170351.832724,
            1645170351.832759,
            1645170351.832846,
            1645170351.874795
        ],
        "ps_list": [
            158,
            184,
            225,
            66,
            121,
            66,
            110,
            66,
            101,
            97,
            66,
            191,
            66,
            260,
            66,
            66,
            121,
            225,
            66,
            66,
            101,
            66,
            121,
            66,
            255,
            66,
            121,
            225,
            121,
            225,
            66,
            101,
            118,
            66,
            255,
            66,
            101,
            66,
            120,
            682,
            66,
            121,
            225,
            66,
            101,
            120,
            66,
            297,
            66
        ],
        "direction_list": [
            0,
            0,
            0,
            1,
            1,
            0,
            1,
            0,
            1,
            0,
            0,
            1,
            0,
            1,
            0,
            1,
            0,
            0,
            1,
            1,
            1,
            0,
            1,
            0,
            1,
            0,
            0,
            0,
            0,
            0,
            1,
            1,
            1,
            0,
            1,
            1,
            1,
            0,
            1,
            1,
            0,
            0,
            0,
            1,
            1,
            1,
            0,
            1,
            0
        ],
        "piat_list": [
            0.28014183044433594,
            0.17189979553222656,
            0.0400543212890625,
            29.10304069519043,
            0.027894973754882812,
            0.013113021850585938,
            0.015974044799804688,
            0.0030994415283203125,
            0.11181831359863281,
            0.014066696166992188,
            0.009059906005859375,
            0.7128715515136719,
            0.0050067901611328125,
            0.09298324584960938,
            0.0040531158447265625,
            68.90201568603516,
            131.26707077026367,
            0.03886222839355469,
            29.641151428222656,
            0.04601478576660156,
            0.1277923583984375,
            0.015020370483398438,
            0.8029937744140625,
            0.01621246337890625,
            0.015974044799804688,
            0.06580352783203125,
            33.97822380065918,
            0.0457763671875,
            5.177021026611328,
            0.025987625122070312,
            23.81110191345215,
            0.030040740966796875,
            0.8950233459472656,
            0.026941299438476562,
            0.07200241088867188,
            4.858970642089844,
            0.09608268737792969,
            0.04482269287109375,
            0.9350776672363281,
            0.09608268737792969,
            0.016927719116210938,
            343.9481258392334,
            0.028848648071289062,
            30.004024505615234,
            0.025987625122070312,
            0.7691383361816406,
            0.034809112548828125,
            0.08702278137207031,
            41.94903373718262
        ]
    }
}