{
    "(2886734945, 3741713926, 39940, 443, 'tcp', 0)": {
        "ts_list": [
            1645620865.749011,
            1645620865.74924,
            1645620865.749261,
            1645620865.776585,
            1645620865.77665,
            1645620865.776824,
            1645620865.776832,
            1645620865.776836,
            1645620865.776857,
            1645620865.776861,
            1645620865.776923,
            1645620865.776939,
            1645620865.777021,
            1645620865.777032,
            1645620865.777044,
            1645620865.777051,
            1645620865.843826,
            1645620866.075181,
            1645620866.075223,
            1645620866.102661,
            1645620866.10269,
            1645620866.102847,
            1645620866.102862,
            1645620866.102872,
            1645620866.102876,
            1645620866.10288,
            1645620866.102887,
            1645620866.206968,
            1645620866.207003,
            1645620866.234621,
            1645620866.234652
        ],
        "ps_list": [
            158,
            184,
            225,
            121,
            66,
            101,
            97,
            97,
            66,
            66,
            101,
            66,
            191,
            66,
            260,
            66,
            66,
            121,
            225,
            66,
            66,
            101,
            66,
            144,
            66,
            255,
            66,
            121,
            225,
            66,
            101
        ],
        "direction_list": [
            0,
            0,
            0,
            1,
            0,
            1,
            1,
            0,
            0,
            0,
            1,
            0,
            1,
            0,
            1,
            0,
            1,
            0,
            0,
            1,
            1,
            1,
            0,
            1,
            0,
            1,
            0,
            0,
            0,
            1,
            1
        ],
        "piat_list": [
            0.30994415283203125,
            0.2288818359375,
            0.0209808349609375,
            27.324199676513672,
            0.064849853515625,
            0.17404556274414062,
            0.008106231689453125,
            0.003814697265625,
            0.0209808349609375,
            0.0040531158447265625,
            0.06198883056640625,
            0.015974044799804688,
            0.0820159912109375,
            0.010967254638671875,
            0.012159347534179688,
            0.0069141387939453125,
            66.77508354187012,
            231.3549518585205,
            0.041961669921875,
            27.437925338745117,
            0.029087066650390625,
            0.1571178436279297,
            0.014781951904296875,
            0.010013580322265625,
            0.0040531158447265625,
            0.0040531158447265625,
            0.0069141387939453125,
            104.0811538696289,
            0.03504753112792969,
            27.617931365966797,
            0.030994415283203125
        ]
    }
}