{
    "(2886734945, 3741648133, 34070, 443, 'tcp', 0)": {
        "ts_list": [
            1645560144.904714,
            1645560144.904919,
            1645560144.904948,
            1645560144.91385,
            1645560144.913917,
            1645560144.913936,
            1645560144.913952,
            1645560144.913957,
            1645560144.914125,
            1645560144.914129,
            1645560144.914163,
            1645560144.914885,
            1645560144.914898,
            1645560144.914903,
            1645560144.914908,
            1645560144.962875,
            1645560145.297566,
            1645560145.297609,
            1645560145.305821,
            1645560145.305947,
            1645560145.306044,
            1645560145.306062,
            1645560145.306855,
            1645560145.306874,
            1645560145.306884,
            1645560145.30689,
            1645560145.389463,
            1645560145.3895,
            1645560145.391277,
            1645560145.39131,
            1645560145.397853,
            1645560145.398039,
            1645560145.398055,
            1645560145.398919,
            1645560145.398936,
            1645560145.398955,
            1645560145.39896,
            1645560145.39985,
            1645560145.399943,
            1645560145.399951,
            1645560145.400967,
            1645560145.40098,
            1645560145.400993,
            1645560145.400997,
            1645560145.584947,
            1645560145.584987,
            1645560145.585018,
            1645560145.593883,
            1645560145.593969,
            1645560145.593974,
            1645560145.594934,
            1645560145.594943,
            1645560145.595617,
            1645560145.842048,
            1645560145.842079,
            1645560145.850901,
            1645560145.851022,
            1645560145.851036,
            1645560145.851869,
            1645560145.851876,
            1645560145.851882,
            1645560145.851887
        ],
        "ps_list": [
            158,
            184,
            225,
            66,
            121,
            66,
            110,
            66,
            101,
            66,
            97,
            190,
            66,
            260,
            66,
            66,
            121,
            225,
            66,
            66,
            101,
            66,
            145,
            66,
            255,
            66,
            121,
            225,
            121,
            225,
            66,
            101,
            66,
            122,
            66,
            253,
            66,
            66,
            101,
            66,
            119,
            66,
            709,
            66,
            121,
            225,
            280,
            66,
            101,
            101,
            361,
            706,
            66,
            121,
            225,
            66,
            101,
            66,
            121,
            66,
            399,
            66
        ],
        "direction_list": [
            0,
            0,
            0,
            1,
            1,
            0,
            1,
            0,
            1,
            0,
            0,
            1,
            0,
            1,
            0,
            1,
            0,
            0,
            1,
            1,
            1,
            0,
            1,
            0,
            1,
            0,
            0,
            0,
            0,
            0,
            1,
            1,
            0,
            1,
            0,
            1,
            0,
            1,
            1,
            0,
            1,
            0,
            1,
            0,
            0,
            0,
            0,
            1,
            1,
            1,
            1,
            1,
            0,
            0,
            0,
            1,
            1,
            0,
            1,
            0,
            1,
            0
        ],
        "piat_list": [
            0.3151893615722656,
            0.2048015594482422,
            0.029087066650390625,
            8.90207290649414,
            0.06699562072753906,
            0.018835067749023438,
            0.01621246337890625,
            0.0050067901611328125,
            0.1678466796875,
            0.0040531158447265625,
            0.03409385681152344,
            0.7219314575195312,
            0.012874603271484375,
            0.0050067901611328125,
            0.0050067901611328125,
            47.966957092285156,
            334.69104766845703,
            0.04315376281738281,
            8.211851119995117,
            0.12612342834472656,
            0.09703636169433594,
            0.017881393432617188,
            0.7929801940917969,
            0.019073486328125,
            0.010013580322265625,
            0.0059604644775390625,
            82.57293701171875,
            0.03695487976074219,
            1.7771720886230469,
            0.032901763916015625,
            6.54292106628418,
            0.1862049102783203,
            0.015974044799804688,
            0.8640289306640625,
            0.016927719116210938,
            0.019073486328125,
            0.0050067901611328125,
            0.8897781372070312,
            0.09322166442871094,
            0.007867813110351562,
            1.0159015655517578,
            0.013113021850585938,
            0.013113021850585938,
            0.003814697265625,
            183.95018577575684,
            0.03981590270996094,
            0.030994415283203125,
            8.865118026733398,
            0.08606910705566406,
            0.0050067901611328125,
            0.9598731994628906,
            0.009059906005859375,
            0.6740093231201172,
            246.4308738708496,
            0.030994415283203125,
            8.821964263916016,
            0.12111663818359375,
            0.014066696166992188,
            0.8330345153808594,
            0.0069141387939453125,
            0.0059604644775390625,
            0.0050067901611328125
        ]
    }
}