{
    "(2886734945, 3741648133, 33204, 443, 'tcp', 0)": {
        "ts_list": [
            1645631163.61771,
            1645631163.617926,
            1645631163.617957,
            1645631163.627067,
            1645631163.627098,
            1645631163.627109,
            1645631163.627237,
            1645631163.62724,
            1645631163.627248,
            1645631163.627985,
            1645631163.628084,
            1645631163.628088,
            1645631163.629116,
            1645631163.629124,
            1645631163.629133,
            1645631163.629137,
            1645631163.676976,
            1645631163.971826,
            1645631163.971866,
            1645631163.981914,
            1645631163.982008,
            1645631163.982111,
            1645631163.982122,
            1645631163.983076,
            1645631163.983086,
            1645631163.983097,
            1645631163.983103,
            1645631164.085772,
            1645631164.085816,
            1645631164.095014,
            1645631164.095086
        ],
        "ps_list": [
            158,
            184,
            225,
            66,
            121,
            66,
            110,
            97,
            66,
            66,
            101,
            66,
            191,
            66,
            260,
            66,
            66,
            121,
            225,
            66,
            66,
            101,
            66,
            121,
            66,
            255,
            66,
            121,
            225,
            66,
            101
        ],
        "direction_list": [
            0,
            0,
            0,
            1,
            1,
            0,
            1,
            0,
            0,
            1,
            1,
            0,
            1,
            0,
            1,
            0,
            1,
            0,
            0,
            1,
            1,
            1,
            0,
            1,
            0,
            1,
            0,
            0,
            0,
            1,
            1
        ],
        "piat_list": [
            0.3180503845214844,
            0.21576881408691406,
            0.031232833862304688,
            9.109973907470703,
            0.030994415283203125,
            0.010967254638671875,
            0.12803077697753906,
            0.00286102294921875,
            0.008106231689453125,
            0.7369518280029297,
            0.09894371032714844,
            0.0040531158447265625,
            1.0280609130859375,
            0.007867813110351562,
            0.009059906005859375,
            0.0040531158447265625,
            47.83892631530762,
            294.85011100769043,
            0.03981590270996094,
            10.048151016235352,
            0.09393692016601562,
            0.102996826171875,
            0.010967254638671875,
            0.9541511535644531,
            0.010013580322265625,
            0.010967254638671875,
            0.0059604644775390625,
            102.66900062561035,
            0.0438690185546875,
            9.198188781738281,
            0.07200241088867188
        ]
    }
}