{
    "(2886734945, 3741648133, 33528, 443, 'tcp', 0)": {
        "ts_list": [
            1645631731.183826,
            1645631731.184014,
            1645631731.184042,
            1645631731.192813,
            1645631731.192846,
            1645631731.192977,
            1645631731.193697,
            1645631731.193793,
            1645631731.1938,
            1645631731.193809,
            1645631731.193814,
            1645631731.193818,
            1645631731.193821,
            1645631731.194777,
            1645631731.194791,
            1645631731.194823,
            1645631731.194827,
            1645631731.241865,
            1645631731.589161,
            1645631731.589196,
            1645631731.598782,
            1645631731.598807,
            1645631731.59885,
            1645631731.598861,
            1645631731.600848,
            1645631731.600858,
            1645631731.600945,
            1645631731.60095,
            1645631731.69757,
            1645631731.697599,
            1645631731.706785,
            1645631731.706915
        ],
        "ps_list": [
            158,
            184,
            225,
            121,
            66,
            97,
            66,
            101,
            66,
            97,
            66,
            101,
            66,
            191,
            66,
            260,
            66,
            66,
            121,
            225,
            66,
            66,
            101,
            66,
            121,
            66,
            255,
            66,
            121,
            225,
            66,
            101
        ],
        "direction_list": [
            0,
            0,
            0,
            1,
            0,
            0,
            1,
            1,
            0,
            1,
            0,
            1,
            0,
            1,
            0,
            1,
            0,
            1,
            0,
            0,
            1,
            1,
            1,
            0,
            1,
            0,
            1,
            0,
            0,
            0,
            1,
            1
        ],
        "piat_list": [
            0.2830028533935547,
            0.1881122589111328,
            0.027894973754882812,
            8.770942687988281,
            0.03314018249511719,
            0.1308917999267578,
            0.7200241088867188,
            0.09608268737792969,
            0.0069141387939453125,
            0.009059906005859375,
            0.0050067901611328125,
            0.0040531158447265625,
            0.00286102294921875,
            0.9560585021972656,
            0.014066696166992188,
            0.031948089599609375,
            0.0040531158447265625,
            47.03783988952637,
            347.29599952697754,
            0.03504753112792969,
            9.586095809936523,
            0.025033950805664062,
            0.04291534423828125,
            0.010967254638671875,
            1.9869804382324219,
            0.010013580322265625,
            0.08702278137207031,
            0.0050067901611328125,
            96.62008285522461,
            0.028848648071289062,
            9.186029434204102,
            0.12993812561035156
        ]
    }
}