{
    "(2886734945, 3741648133, 33486, 443, 'tcp', 0)": {
        "ts_list": [
            1644744479.302484,
            1644744479.302659,
            1644744479.302677,
            1644744479.310795,
            1644744479.31082,
            1644744479.310836,
            1644744479.310874,
            1644744479.310878,
            1644744479.310976,
            1644744479.310979,
            1644744479.311873,
            1644744479.311877,
            1644744479.311971,
            1644744479.311975,
            1644744479.314727,
            1644744479.363845,
            1644744479.569134,
            1644744479.569167,
            1644744479.577742,
            1644744479.57776,
            1644744479.577825,
            1644744479.577836,
            1644744479.578804,
            1644744479.57881,
            1644744479.5789,
            1644744479.578905,
            1644744479.677589,
            1644744479.677615,
            1644744479.685805,
            1644744479.685882,
            1644744479.685893,
            1644744479.686871,
            1644744479.686881,
            1644744479.686969,
            1644744479.686974,
            1644744479.74188,
            1644744479.741899,
            1644744479.749849,
            1644744479.749936,
            1644744479.749945,
            1644744479.750798,
            1644744479.750808,
            1644744479.750894,
            1644744479.7509,
            1644744479.940762,
            1644744479.940805,
            1644744479.94082,
            1644744479.940874,
            1644744479.948839,
            1644744479.948923,
            1644744479.948931,
            1644744479.948962,
            1644744479.949776,
            1644744479.949783,
            1644744479.949786,
            1644744479.949802,
            1644744480.508569,
            1644744480.508592,
            1644744480.510576,
            1644744480.510596,
            1644744480.510619,
            1644744480.516885,
            1644744480.517142,
            1644744480.51715,
            1644744480.517827,
            1644744480.517831,
            1644744480.517925,
            1644744480.51793,
            1644744480.518782,
            1644744480.518864,
            1644744480.518871,
            1644744480.518874,
            1644744480.518877,
            1644744480.519975,
            1644744480.519989,
            1644744480.519993,
            1644744480.519998
        ],
        "ps_list": [
            158,
            184,
            225,
            66,
            121,
            66,
            110,
            66,
            101,
            66,
            191,
            66,
            260,
            66,
            97,
            66,
            121,
            225,
            66,
            66,
            101,
            66,
            122,
            66,
            255,
            66,
            121,
            225,
            66,
            101,
            66,
            120,
            66,
            582,
            66,
            121,
            225,
            66,
            101,
            66,
            108,
            66,
            622,
            66,
            121,
            121,
            225,
            225,
            66,
            101,
            101,
            66,
            107,
            336,
            321,
            66,
            121,
            225,
            121,
            225,
            280,
            66,
            101,
            66,
            144,
            66,
            297,
            66,
            66,
            101,
            66,
            101,
            66,
            338,
            66,
            348,
            66
        ],
        "direction_list": [
            0,
            0,
            0,
            1,
            1,
            0,
            1,
            0,
            1,
            0,
            1,
            0,
            1,
            0,
            0,
            1,
            0,
            0,
            1,
            1,
            1,
            0,
            1,
            0,
            1,
            0,
            0,
            0,
            1,
            1,
            0,
            1,
            0,
            1,
            0,
            0,
            0,
            1,
            1,
            0,
            1,
            0,
            1,
            0,
            0,
            0,
            0,
            0,
            1,
            1,
            1,
            0,
            1,
            1,
            1,
            0,
            0,
            0,
            0,
            0,
            0,
            1,
            1,
            0,
            1,
            0,
            1,
            0,
            1,
            1,
            0,
            1,
            0,
            1,
            0,
            1,
            0
        ],
        "piat_list": [
            0.23102760314941406,
            0.17499923706054688,
            0.017881393432617188,
            8.118152618408203,
            0.025033950805664062,
            0.015974044799804688,
            0.03790855407714844,
            0.0040531158447265625,
            0.09799003601074219,
            0.00286102294921875,
            0.8940696716308594,
            0.0040531158447265625,
            0.09393692016601562,
            0.0040531158447265625,
            2.752065658569336,
            49.1180419921875,
            205.28888702392578,
            0.032901763916015625,
            8.575201034545898,
            0.017881393432617188,
            0.06508827209472656,
            0.010967254638671875,
            0.9679794311523438,
            0.0059604644775390625,
            0.09012222290039062,
            0.0050067901611328125,
            98.68383407592773,
            0.025987625122070312,
            8.190155029296875,
            0.07700920104980469,
            0.010967254638671875,
            0.9779930114746094,
            0.010013580322265625,
            0.08797645568847656,
            0.0050067901611328125,
            54.90589141845703,
            0.019073486328125,
            7.950067520141602,
            0.08702278137207031,
            0.008821487426757812,
            0.8530616760253906,
            0.010013580322265625,
            0.08606910705566406,
            0.0059604644775390625,
            189.86201286315918,
            0.04291534423828125,
            0.015020370483398438,
            0.05412101745605469,
            7.964849472045898,
            0.08416175842285156,
            0.007867813110351562,
            0.030994415283203125,
            0.8139610290527344,
            0.007152557373046875,
            0.00286102294921875,
            0.015974044799804688,
            558.7670803070068,
            0.02288818359375,
            1.9841194152832031,
            0.02002716064453125,
            0.02288818359375,
            6.266117095947266,
            0.2570152282714844,
            0.007867813110351562,
            0.6771087646484375,
            0.0040531158447265625,
            0.09393692016601562,
            0.0050067901611328125,
            0.8518695831298828,
            0.0820159912109375,
            0.007152557373046875,
            0.00286102294921875,
            0.0030994415283203125,
            1.0979175567626953,
            0.014066696166992188,
            0.0040531158447265625,
            0.0050067901611328125
        ]
    }
}