{
    "(2886734945, 3741713926, 47112, 443, 'tcp', 0)": {
        "ts_list": [
            1644728679.528923,
            1644728679.529073,
            1644728679.529096,
            1644728679.555801,
            1644728679.55583,
            1644728679.555843,
            1644728679.555859,
            1644728679.555865,
            1644728679.555978,
            1644728679.555981,
            1644728679.555983,
            1644728679.555995,
            1644728679.556,
            1644728679.556703,
            1644728679.556711,
            1644728679.556802,
            1644728679.556808,
            1644728679.622834,
            1644728679.769821,
            1644728679.769854,
            1644728679.796789,
            1644728679.796813,
            1644728679.796816,
            1644728679.796828,
            1644728679.797658,
            1644728679.797664,
            1644728679.797768,
            1644728679.797773,
            1644728679.860229,
            1644728679.860259,
            1644728679.886809,
            1644728679.88684,
            1644728679.886852,
            1644728679.88771,
            1644728679.887726,
            1644728679.887743,
            1644728679.887748,
            1644728680.451562,
            1644728680.451609,
            1644728680.47783,
            1644728680.478416,
            1644728680.478425,
            1644728680.479201,
            1644728680.479206,
            1644728680.479212,
            1644728680.479215
        ],
        "ps_list": [
            158,
            184,
            225,
            66,
            121,
            66,
            101,
            66,
            97,
            101,
            97,
            66,
            66,
            191,
            66,
            260,
            66,
            66,
            121,
            225,
            66,
            66,
            101,
            66,
            121,
            66,
            255,
            66,
            121,
            225,
            66,
            101,
            66,
            122,
            66,
            415,
            66,
            121,
            225,
            66,
            101,
            66,
            142,
            66,
            497,
            66
        ],
        "direction_list": [
            0,
            0,
            0,
            1,
            1,
            0,
            1,
            0,
            1,
            1,
            0,
            0,
            0,
            1,
            0,
            1,
            0,
            1,
            0,
            0,
            1,
            1,
            1,
            0,
            1,
            0,
            1,
            0,
            0,
            0,
            1,
            1,
            0,
            1,
            0,
            1,
            0,
            0,
            0,
            1,
            1,
            0,
            1,
            0,
            1,
            0
        ],
        "piat_list": [
            0.26798248291015625,
            0.1499652862548828,
            0.02288818359375,
            26.705026626586914,
            0.029087066650390625,
            0.013113021850585938,
            0.015974044799804688,
            0.0059604644775390625,
            0.11301040649414062,
            0.00286102294921875,
            0.0021457672119140625,
            0.011920928955078125,
            0.0050067901611328125,
            0.7030963897705078,
            0.007867813110351562,
            0.09107589721679688,
            0.0059604644775390625,
            66.02597236633301,
            146.9869613647461,
            0.03314018249511719,
            26.93486213684082,
            0.024080276489257812,
            0.0030994415283203125,
            0.011920928955078125,
            0.8299350738525391,
            0.0059604644775390625,
            0.10418891906738281,
            0.00476837158203125,
            62.45613098144531,
            0.030040740966796875,
            26.5500545501709,
            0.030994415283203125,
            0.011920928955078125,
            0.8580684661865234,
            0.015974044799804688,
            0.016927719116210938,
            0.0050067901611328125,
            563.8139247894287,
            0.04696846008300781,
            26.221036911010742,
            0.5860328674316406,
            0.009059906005859375,
            0.7760524749755859,
            0.0050067901611328125,
            0.0059604644775390625,
            0.00286102294921875
        ]
    }
}