{
    "(2886734945, 3741648133, 52034, 443, 'tcp', 0)": {
        "ts_list": [
            1645472228.637556,
            1645472228.637781,
            1645472228.637807,
            1645472228.645441,
            1645472228.645476,
            1645472228.645489,
            1645472228.64552,
            1645472228.645525,
            1645472228.645619,
            1645472228.645624,
            1645472228.645626,
            1645472228.645641,
            1645472228.645651,
            1645472228.646467,
            1645472228.646477,
            1645472228.646563,
            1645472228.646568,
            1645472228.6934,
            1645472228.964464,
            1645472228.964498,
            1645472228.972418,
            1645472228.972441,
            1645472228.972617,
            1645472228.972628,
            1645472228.9734,
            1645472228.973405,
            1645472228.973501,
            1645472228.973504,
            1645472229.087426,
            1645472229.087454,
            1645472229.095482,
            1645472229.095559,
            1645472229.095568,
            1645472229.096409,
            1645472229.096413,
            1645472229.096508,
            1645472229.096513
        ],
        "ps_list": [
            158,
            184,
            225,
            66,
            121,
            66,
            101,
            66,
            97,
            66,
            101,
            97,
            66,
            191,
            66,
            260,
            66,
            66,
            121,
            225,
            66,
            66,
            101,
            66,
            121,
            66,
            255,
            66,
            121,
            225,
            66,
            101,
            66,
            145,
            66,
            261,
            66
        ],
        "direction_list": [
            0,
            0,
            0,
            1,
            1,
            0,
            1,
            0,
            1,
            0,
            1,
            0,
            0,
            1,
            0,
            1,
            0,
            1,
            0,
            0,
            1,
            1,
            1,
            0,
            1,
            0,
            1,
            0,
            0,
            0,
            1,
            1,
            0,
            1,
            0,
            1,
            0
        ],
        "piat_list": [
            0.26702880859375,
            0.22482872009277344,
            0.025987625122070312,
            7.634162902832031,
            0.03504753112792969,
            0.012874603271484375,
            0.030994415283203125,
            0.0050067901611328125,
            0.09393692016601562,
            0.0050067901611328125,
            0.0021457672119140625,
            0.015020370483398438,
            0.010013580322265625,
            0.8158683776855469,
            0.010013580322265625,
            0.08606910705566406,
            0.0050067901611328125,
            46.83184623718262,
            271.06404304504395,
            0.03409385681152344,
            7.920026779174805,
            0.02288818359375,
            0.17595291137695312,
            0.011205673217773438,
            0.7719993591308594,
            0.00476837158203125,
            0.09608268737792969,
            0.0030994415283203125,
            113.9218807220459,
            0.028133392333984375,
            8.028030395507812,
            0.07677078247070312,
            0.009059906005859375,
            0.8411407470703125,
            0.003814697265625,
            0.09512901306152344,
            0.0050067901611328125
        ]
    }
}