{
    "(2886734945, 3741648133, 52122, 443, 'tcp', 0)": {
        "ts_list": [
            1645472344.438408,
            1645472344.438585,
            1645472344.438603,
            1645472344.446789,
            1645472344.446874,
            1645472344.446886,
            1645472344.446944,
            1645472344.446951,
            1645472344.446984,
            1645472344.447073,
            1645472344.44708,
            1645472344.44785,
            1645472344.447861,
            1645472344.447874,
            1645472344.44788,
            1645472344.494775,
            1645472344.80613,
            1645472344.806166,
            1645472344.813764,
            1645472344.813786,
            1645472344.813945,
            1645472344.813959,
            1645472344.814883,
            1645472344.814898,
            1645472344.814977,
            1645472344.814983,
            1645472344.925414,
            1645472344.92544,
            1645472344.933826,
            1645472344.933908,
            1645472344.93392,
            1645472344.934865,
            1645472344.934869,
            1645472344.934963,
            1645472344.934967
        ],
        "ps_list": [
            164,
            184,
            225,
            66,
            121,
            66,
            110,
            66,
            97,
            101,
            66,
            190,
            66,
            260,
            66,
            66,
            121,
            225,
            66,
            66,
            101,
            66,
            121,
            66,
            255,
            66,
            121,
            225,
            66,
            101,
            66,
            122,
            66,
            261,
            66
        ],
        "direction_list": [
            0,
            0,
            0,
            1,
            1,
            0,
            1,
            0,
            0,
            1,
            0,
            1,
            0,
            1,
            0,
            1,
            0,
            0,
            1,
            1,
            1,
            0,
            1,
            0,
            1,
            0,
            0,
            0,
            1,
            1,
            0,
            1,
            0,
            1,
            0
        ],
        "piat_list": [
            0.2319812774658203,
            0.17714500427246094,
            0.017881393432617188,
            8.186101913452148,
            0.08487701416015625,
            0.012159347534179688,
            0.05793571472167969,
            0.0069141387939453125,
            0.03314018249511719,
            0.08893013000488281,
            0.0069141387939453125,
            0.7700920104980469,
            0.010967254638671875,
            0.013113021850585938,
            0.0059604644775390625,
            46.89502716064453,
            311.3548755645752,
            0.03600120544433594,
            7.598161697387695,
            0.02193450927734375,
            0.1590251922607422,
            0.013828277587890625,
            0.9241104125976562,
            0.015020370483398438,
            0.07891654968261719,
            0.0059604644775390625,
            110.43119430541992,
            0.025987625122070312,
            8.385896682739258,
            0.0820159912109375,
            0.011920928955078125,
            0.9450912475585938,
            0.0040531158447265625,
            0.09393692016601562,
            0.0040531158447265625
        ]
    }
}