{
    "(2886734945, 3741713926, 35242, 443, 'tcp', 0)": {
        "ts_list": [
            1645673716.821714,
            1645673716.821866,
            1645673716.821894,
            1645673716.851265,
            1645673716.851289,
            1645673716.851406,
            1645673716.851477,
            1645673716.851491,
            1645673716.851575,
            1645673716.85158,
            1645673716.851588,
            1645673716.851592,
            1645673716.851676,
            1645673716.85168,
            1645673716.851685,
            1645673716.851689,
            1645673716.920201,
            1645673717.12816,
            1645673717.128194,
            1645673717.157694,
            1645673717.157711,
            1645673717.157874,
            1645673717.157885,
            1645673717.157894,
            1645673717.157897,
            1645673717.157901,
            1645673717.157904,
            1645673717.217909,
            1645673717.217936,
            1645673717.247599,
            1645673717.247652,
            1645673717.247663,
            1645673717.247678,
            1645673717.247682,
            1645673717.247684,
            1645673717.247687,
            1645673717.293622,
            1645673717.293659,
            1645673717.3232,
            1645673717.323275,
            1645673717.323286,
            1645673717.323378,
            1645673717.323383,
            1645673717.323384,
            1645673717.323388
        ],
        "ps_list": [
            158,
            184,
            225,
            121,
            66,
            97,
            101,
            66,
            97,
            66,
            101,
            66,
            191,
            66,
            260,
            66,
            66,
            121,
            225,
            66,
            66,
            101,
            66,
            144,
            66,
            255,
            66,
            121,
            225,
            66,
            101,
            66,
            121,
            66,
            340,
            66,
            121,
            225,
            66,
            101,
            66,
            121,
            66,
            297,
            66
        ],
        "direction_list": [
            0,
            0,
            0,
            1,
            0,
            0,
            1,
            0,
            1,
            0,
            1,
            0,
            1,
            0,
            1,
            0,
            1,
            0,
            0,
            1,
            1,
            1,
            0,
            1,
            0,
            1,
            0,
            0,
            0,
            1,
            1,
            0,
            1,
            0,
            1,
            0,
            0,
            0,
            1,
            1,
            0,
            1,
            0,
            1,
            0
        ],
        "piat_list": [
            0.26297569274902344,
            0.15211105346679688,
            0.027894973754882812,
            29.371023178100586,
            0.024080276489257812,
            0.11706352233886719,
            0.07081031799316406,
            0.014066696166992188,
            0.08392333984375,
            0.0050067901611328125,
            0.008106231689453125,
            0.0040531158447265625,
            0.08392333984375,
            0.0040531158447265625,
            0.0050067901611328125,
            0.0040531158447265625,
            68.511962890625,
            207.95893669128418,
            0.03409385681152344,
            29.50000762939453,
            0.016927719116210938,
            0.16307830810546875,
            0.010967254638671875,
            0.008821487426757812,
            0.0030994415283203125,
            0.0040531158447265625,
            0.00286102294921875,
            60.00518798828125,
            0.026941299438476562,
            29.6628475189209,
            0.05316734313964844,
            0.010967254638671875,
            0.015020370483398438,
            0.0040531158447265625,
            0.0019073486328125,
            0.0030994415283203125,
            45.93491554260254,
            0.03695487976074219,
            29.541015625,
            0.07510185241699219,
            0.010967254638671875,
            0.09202957153320312,
            0.0050067901611328125,
            0.00095367431640625,
            0.0040531158447265625
        ]
    }
}