{
    "(2886734945, 3741713926, 35382, 443, 'tcp', 0)": {
        "ts_list": [
            1645674102.519442,
            1645674102.519716,
            1645674102.519738,
            1645674102.544447,
            1645674102.544483,
            1645674102.544603,
            1645674102.545337,
            1645674102.545352,
            1645674102.545354,
            1645674102.545358,
            1645674102.545535,
            1645674102.545538,
            1645674102.546457,
            1645674102.546461,
            1645674102.546556,
            1645674102.54656,
            1645674102.610392,
            1645674102.848756,
            1645674102.848805,
            1645674102.874414,
            1645674102.87443,
            1645674102.874438,
            1645674102.874447,
            1645674102.875419,
            1645674102.875423,
            1645674102.875517,
            1645674102.875521,
            1645674102.950941,
            1645674102.950976,
            1645674102.976368,
            1645674102.976443,
            1645674102.976453,
            1645674102.977418,
            1645674102.977429,
            1645674102.977517,
            1645674102.977525,
            1645674103.008112,
            1645674103.008157,
            1645674103.033427,
            1645674103.033452,
            1645674103.034342,
            1645674103.034382,
            1645674103.03444,
            1645674103.07479
        ],
        "ps_list": [
            158,
            184,
            225,
            121,
            66,
            97,
            101,
            66,
            97,
            66,
            101,
            66,
            191,
            66,
            260,
            66,
            66,
            121,
            225,
            66,
            66,
            101,
            66,
            121,
            66,
            255,
            66,
            121,
            225,
            66,
            101,
            66,
            120,
            66,
            340,
            66,
            121,
            225,
            66,
            101,
            144,
            66,
            297,
            66
        ],
        "direction_list": [
            0,
            0,
            0,
            1,
            0,
            0,
            1,
            0,
            1,
            0,
            1,
            0,
            1,
            0,
            1,
            0,
            1,
            0,
            0,
            1,
            1,
            1,
            0,
            1,
            0,
            1,
            0,
            0,
            0,
            1,
            1,
            0,
            1,
            0,
            1,
            0,
            0,
            0,
            1,
            1,
            1,
            0,
            1,
            0
        ],
        "piat_list": [
            0.2491474151611328,
            0.2739429473876953,
            0.02193450927734375,
            24.708986282348633,
            0.03600120544433594,
            0.1201629638671875,
            0.7338523864746094,
            0.015020370483398438,
            0.0019073486328125,
            0.0040531158447265625,
            0.17714500427246094,
            0.00286102294921875,
            0.9191036224365234,
            0.0040531158447265625,
            0.09489059448242188,
            0.0040531158447265625,
            63.83204460144043,
            238.36398124694824,
            0.04887580871582031,
            25.60901641845703,
            0.015974044799804688,
            0.008106231689453125,
            0.009059906005859375,
            0.9717941284179688,
            0.0040531158447265625,
            0.09393692016601562,
            0.0040531158447265625,
            75.42014122009277,
            0.034809112548828125,
            25.39205551147461,
            0.07510185241699219,
            0.010013580322265625,
            0.9648799896240234,
            0.010967254638671875,
            0.08797645568847656,
            0.008106231689453125,
            30.586957931518555,
            0.04506111145019531,
            25.26998519897461,
            0.025033950805664062,
            0.8900165557861328,
            0.0400543212890625,
            0.05793571472167969,
            40.34996032714844
        ]
    }
}