{
    "(2886734945, 3741713926, 35392, 443, 'tcp', 0)": {
        "ts_list": [
            1645674126.08434,
            1645674126.084515,
            1645674126.084534,
            1645674126.114286,
            1645674126.114312,
            1645674126.114323,
            1645674126.114333,
            1645674126.114337,
            1645674126.11434,
            1645674126.114343,
            1645674126.114352,
            1645674126.114358,
            1645674126.11444,
            1645674126.115207,
            1645674126.115212,
            1645674126.115338,
            1645674126.115343,
            1645674126.184302,
            1645674126.409913,
            1645674126.409947,
            1645674126.440254,
            1645674126.440278,
            1645674126.440327,
            1645674126.44034,
            1645674126.441252,
            1645674126.441266,
            1645674126.441281,
            1645674126.441285,
            1645674126.521501,
            1645674126.521527,
            1645674126.5513,
            1645674126.551378,
            1645674126.551387,
            1645674126.552298,
            1645674126.552306,
            1645674126.552314,
            1645674126.552317,
            1645674126.58478,
            1645674126.584818,
            1645674126.614264,
            1645674126.614341,
            1645674126.615209,
            1645674126.615244,
            1645674126.615305,
            1645674126.662783
        ],
        "ps_list": [
            158,
            184,
            225,
            66,
            121,
            66,
            101,
            66,
            97,
            66,
            101,
            66,
            97,
            191,
            66,
            260,
            66,
            66,
            121,
            225,
            66,
            66,
            101,
            66,
            121,
            66,
            255,
            66,
            121,
            225,
            66,
            101,
            66,
            120,
            66,
            340,
            66,
            121,
            225,
            66,
            101,
            121,
            66,
            297,
            66
        ],
        "direction_list": [
            0,
            0,
            0,
            1,
            1,
            0,
            1,
            0,
            1,
            0,
            1,
            0,
            0,
            1,
            0,
            1,
            0,
            1,
            0,
            0,
            1,
            1,
            1,
            0,
            1,
            0,
            1,
            0,
            0,
            0,
            1,
            1,
            0,
            1,
            0,
            1,
            0,
            0,
            0,
            1,
            1,
            1,
            0,
            1,
            0
        ],
        "piat_list": [
            0.25916099548339844,
            0.17499923706054688,
            0.018835067749023438,
            29.752016067504883,
            0.025987625122070312,
            0.010967254638671875,
            0.010013580322265625,
            0.0040531158447265625,
            0.0030994415283203125,
            0.00286102294921875,
            0.009059906005859375,
            0.0059604644775390625,
            0.0820159912109375,
            0.7669925689697266,
            0.0050067901611328125,
            0.12612342834472656,
            0.0050067901611328125,
            68.95899772644043,
            225.61097145080566,
            0.033855438232421875,
            30.30705451965332,
            0.024080276489257812,
            0.04887580871582031,
            0.013113021850585938,
            0.9119510650634766,
            0.014066696166992188,
            0.015020370483398438,
            0.003814697265625,
            80.2161693572998,
            0.025987625122070312,
            29.77299690246582,
            0.07796287536621094,
            0.009059906005859375,
            0.9109973907470703,
            0.007867813110351562,
            0.008106231689453125,
            0.00286102294921875,
            32.46307373046875,
            0.03790855407714844,
            29.446125030517578,
            0.07700920104980469,
            0.8680820465087891,
            0.034809112548828125,
            0.06103515625,
            47.47796058654785
        ]
    }
}