{
    "(2886734945, 3741713926, 49516, 443, 'tcp', 0)": {
        "ts_list": [
            1645460140.810407,
            1645460140.810577,
            1645460140.8106,
            1645460140.838404,
            1645460140.83844,
            1645460140.838452,
            1645460140.838465,
            1645460140.838468,
            1645460140.838476,
            1645460140.838479,
            1645460140.838577,
            1645460140.83858,
            1645460140.83864,
            1645460140.839361,
            1645460140.839366,
            1645460140.839371,
            1645460140.839375,
            1645460140.90646,
            1645460141.097924,
            1645460141.097964,
            1645460141.126555,
            1645460141.126577,
            1645460141.12658,
            1645460141.126593,
            1645460141.127302,
            1645460141.127306,
            1645460141.12731,
            1645460141.127313,
            1645460141.214477,
            1645460141.214508,
            1645460141.242355,
            1645460141.242429
        ],
        "ps_list": [
            158,
            184,
            225,
            66,
            121,
            66,
            101,
            66,
            97,
            66,
            101,
            66,
            97,
            189,
            66,
            260,
            66,
            66,
            121,
            225,
            66,
            66,
            101,
            66,
            144,
            66,
            255,
            66,
            121,
            225,
            66,
            101
        ],
        "direction_list": [
            0,
            0,
            0,
            1,
            1,
            0,
            1,
            0,
            1,
            0,
            1,
            0,
            0,
            1,
            0,
            1,
            0,
            1,
            0,
            0,
            1,
            1,
            1,
            0,
            1,
            0,
            1,
            0,
            0,
            0,
            1,
            1
        ],
        "piat_list": [
            0.2570152282714844,
            0.16999244689941406,
            0.023126602172851562,
            27.803897857666016,
            0.03600120544433594,
            0.012159347534179688,
            0.012874603271484375,
            0.0030994415283203125,
            0.007867813110351562,
            0.0030994415283203125,
            0.09799003601074219,
            0.00286102294921875,
            0.06008148193359375,
            0.720977783203125,
            0.0050067901611328125,
            0.0050067901611328125,
            0.0040531158447265625,
            67.08502769470215,
            191.46394729614258,
            0.0400543212890625,
            28.590917587280273,
            0.02193450927734375,
            0.0030994415283203125,
            0.013113021850585938,
            0.7088184356689453,
            0.0040531158447265625,
            0.0040531158447265625,
            0.00286102294921875,
            87.16416358947754,
            0.030994415283203125,
            27.8470516204834,
            0.07390975952148438
        ]
    }
}