{
    "(2886734945, 3741713926, 60972, 443, 'tcp', 0)": {
        "ts_list": [
            1644754890.343655,
            1644754890.343822,
            1644754890.343847,
            1644754890.3699,
            1644754890.369932,
            1644754890.369944,
            1644754890.369995,
            1644754890.37,
            1644754890.370002,
            1644754890.370005,
            1644754890.37008,
            1644754890.370946,
            1644754890.370957,
            1644754890.370964,
            1644754890.37097,
            1644754890.435913,
            1644754890.557929,
            1644754890.557968,
            1644754890.583868,
            1644754890.583886,
            1644754890.583948,
            1644754890.583956,
            1644754890.585039,
            1644754890.585043,
            1644754890.585138,
            1644754890.585156,
            1644754890.638009,
            1644754890.638034,
            1644754890.663929,
            1644754890.664014,
            1644754890.664939,
            1644754890.665039,
            1644754890.665927,
            1644754891.088298,
            1644754891.088337,
            1644754891.114944,
            1644754891.114969,
            1644754891.114977,
            1644754891.115924,
            1644754891.115934,
            1644754891.116019,
            1644754891.116023,
            1644754891.337397,
            1644754891.337428,
            1644754891.342791,
            1644754891.342836,
            1644754891.363923,
            1644754891.364013,
            1644754891.364024,
            1644754891.364952,
            1644754891.364959,
            1644754891.365053,
            1644754891.365059,
            1644754891.368912,
            1644754891.368922,
            1644754891.368929,
            1644754891.370003,
            1644754891.370011,
            1644754891.370099,
            1644754891.370102,
            1644754891.458859,
            1644754891.458881,
            1644754891.485058,
            1644754891.485073,
            1644754891.48508,
            1644754891.485865,
            1644754891.485868,
            1644754891.485962,
            1644754891.485966
        ],
        "ps_list": [
            158,
            184,
            225,
            66,
            121,
            66,
            110,
            66,
            101,
            66,
            97,
            190,
            66,
            260,
            66,
            66,
            121,
            225,
            66,
            66,
            101,
            66,
            108,
            66,
            255,
            66,
            121,
            225,
            66,
            101,
            121,
            249,
            66,
            121,
            225,
            66,
            101,
            66,
            144,
            66,
            297,
            66,
            121,
            225,
            121,
            225,
            66,
            101,
            66,
            121,
            66,
            298,
            66,
            66,
            101,
            66,
            122,
            66,
            332,
            66,
            121,
            225,
            66,
            101,
            66,
            121,
            66,
            309,
            66
        ],
        "direction_list": [
            0,
            0,
            0,
            1,
            1,
            0,
            1,
            0,
            1,
            0,
            0,
            1,
            0,
            1,
            0,
            1,
            0,
            0,
            1,
            1,
            1,
            0,
            1,
            0,
            1,
            0,
            0,
            0,
            1,
            1,
            1,
            1,
            0,
            0,
            0,
            1,
            1,
            0,
            1,
            0,
            1,
            0,
            0,
            0,
            0,
            0,
            1,
            1,
            0,
            1,
            0,
            1,
            0,
            1,
            1,
            0,
            1,
            0,
            1,
            0,
            0,
            0,
            1,
            1,
            0,
            1,
            0,
            1,
            0
        ],
        "piat_list": [
            0.2532005310058594,
            0.16689300537109375,
            0.025033950805664062,
            26.05295181274414,
            0.031948089599609375,
            0.012159347534179688,
            0.051021575927734375,
            0.00476837158203125,
            0.0021457672119140625,
            0.00286102294921875,
            0.07510185241699219,
            0.865936279296875,
            0.010967254638671875,
            0.007152557373046875,
            0.0059604644775390625,
            64.94307518005371,
            122.01595306396484,
            0.03886222839355469,
            25.90012550354004,
            0.017881393432617188,
            0.06198883056640625,
            0.008106231689453125,
            1.0828971862792969,
            0.0040531158447265625,
            0.09512901306152344,
            0.017881393432617188,
            52.85310745239258,
            0.025033950805664062,
            25.894880294799805,
            0.08511543273925781,
            0.9248256683349609,
            0.10013580322265625,
            0.8878707885742188,
            422.37114906311035,
            0.03886222839355469,
            26.607036590576172,
            0.025033950805664062,
            0.007867813110351562,
            0.9469985961914062,
            0.010013580322265625,
            0.08511543273925781,
            0.0040531158447265625,
            221.3740348815918,
            0.030994415283203125,
            5.362987518310547,
            0.04482269287109375,
            21.087169647216797,
            0.08988380432128906,
            0.010967254638671875,
            0.9281635284423828,
            0.0069141387939453125,
            0.09393692016601562,
            0.0059604644775390625,
            3.8530826568603516,
            0.010013580322265625,
            0.0069141387939453125,
            1.074075698852539,
            0.008106231689453125,
            0.08797645568847656,
            0.00286102294921875,
            88.75703811645508,
            0.02193450927734375,
            26.177167892456055,
            0.015020370483398438,
            0.0069141387939453125,
            0.7851123809814453,
            0.00286102294921875,
            0.09393692016601562,
            0.0040531158447265625
        ]
    }
}