{
    "(2886734945, 3741648133, 48894, 443, 'tcp', 0)": {
        "ts_list": [
            1645252102.940606,
            1645252102.940796,
            1645252102.940822,
            1645252102.949849,
            1645252102.949959,
            1645252102.949974,
            1645252102.949978,
            1645252102.949981,
            1645252102.950039,
            1645252102.950042,
            1645252102.950089,
            1645252102.950954,
            1645252102.950959,
            1645252102.951051,
            1645252102.951055,
            1645252102.998982,
            1645252103.252832,
            1645252103.252868,
            1645252103.261932,
            1645252103.261959,
            1645252103.262016,
            1645252103.262026,
            1645252103.262884,
            1645252103.262898,
            1645252103.262978,
            1645252103.262985,
            1645252103.367464,
            1645252103.367496,
            1645252103.378446,
            1645252103.37853,
            1645252103.378542,
            1645252103.379003,
            1645252103.379013,
            1645252103.3791,
            1645252103.379106
        ],
        "ps_list": [
            158,
            184,
            225,
            66,
            121,
            66,
            110,
            66,
            101,
            66,
            97,
            191,
            66,
            260,
            66,
            66,
            121,
            225,
            66,
            66,
            101,
            66,
            144,
            66,
            255,
            66,
            121,
            225,
            66,
            101,
            66,
            120,
            66,
            293,
            66
        ],
        "direction_list": [
            0,
            0,
            0,
            1,
            1,
            0,
            1,
            0,
            1,
            0,
            0,
            1,
            0,
            1,
            0,
            1,
            0,
            0,
            1,
            1,
            1,
            0,
            1,
            0,
            1,
            0,
            0,
            0,
            1,
            1,
            0,
            1,
            0,
            1,
            0
        ],
        "piat_list": [
            0.24509429931640625,
            0.18978118896484375,
            0.025987625122070312,
            9.02700424194336,
            0.11014938354492188,
            0.015020370483398438,
            0.0040531158447265625,
            0.00286102294921875,
            0.05793571472167969,
            0.0030994415283203125,
            0.04696846008300781,
            0.8649826049804688,
            0.0050067901611328125,
            0.09202957153320312,
            0.0040531158447265625,
            47.926902770996094,
            253.84998321533203,
            0.03600120544433594,
            9.063959121704102,
            0.027179718017578125,
            0.05698204040527344,
            0.010013580322265625,
            0.8578300476074219,
            0.014066696166992188,
            0.080108642578125,
            0.0069141387939453125,
            104.47907447814941,
            0.031948089599609375,
            10.950088500976562,
            0.08392333984375,
            0.011920928955078125,
            0.4611015319824219,
            0.010013580322265625,
            0.08702278137207031,
            0.0059604644775390625
        ]
    }
}