{
    "(2886734945, 3741648133, 48944, 443, 'tcp', 0)": {
        "ts_list": [
            1645252290.444547,
            1645252290.444763,
            1645252290.444786,
            1645252290.454011,
            1645252290.454036,
            1645252290.45406,
            1645252290.454077,
            1645252290.454087,
            1645252290.45409,
            1645252290.454096,
            1645252290.4541,
            1645252290.454105,
            1645252290.454144,
            1645252290.454937,
            1645252290.454949,
            1645252290.454957,
            1645252290.454963,
            1645252290.503687,
            1645252290.744515,
            1645252290.744549,
            1645252290.753877,
            1645252290.753895,
            1645252290.754088,
            1645252290.754099,
            1645252290.754966,
            1645252290.754973,
            1645252290.75498,
            1645252290.754986,
            1645252290.834157,
            1645252290.834187,
            1645252290.843947,
            1645252290.844028,
            1645252290.84404,
            1645252290.844925,
            1645252290.844941,
            1645252290.845079,
            1645252290.845085
        ],
        "ps_list": [
            158,
            184,
            225,
            66,
            121,
            66,
            101,
            66,
            97,
            66,
            101,
            66,
            97,
            190,
            66,
            260,
            66,
            66,
            121,
            225,
            66,
            66,
            101,
            66,
            120,
            66,
            255,
            66,
            121,
            225,
            66,
            101,
            66,
            120,
            66,
            293,
            66
        ],
        "direction_list": [
            0,
            0,
            0,
            1,
            1,
            0,
            1,
            0,
            1,
            0,
            1,
            0,
            0,
            1,
            0,
            1,
            0,
            1,
            0,
            0,
            1,
            1,
            1,
            0,
            1,
            0,
            1,
            0,
            0,
            0,
            1,
            1,
            0,
            1,
            0,
            1,
            0
        ],
        "piat_list": [
            0.2529621124267578,
            0.21600723266601562,
            0.023126602172851562,
            9.224891662597656,
            0.025033950805664062,
            0.024080276489257812,
            0.016927719116210938,
            0.010013580322265625,
            0.0030994415283203125,
            0.0059604644775390625,
            0.003814697265625,
            0.0050067901611328125,
            0.03910064697265625,
            0.7929801940917969,
            0.011920928955078125,
            0.008106231689453125,
            0.0059604644775390625,
            48.72393608093262,
            240.8280372619629,
            0.03409385681152344,
            9.327888488769531,
            0.01811981201171875,
            0.19288063049316406,
            0.010967254638671875,
            0.8671283721923828,
            0.0069141387939453125,
            0.007152557373046875,
            0.0059604644775390625,
            79.17094230651855,
            0.030040740966796875,
            9.759902954101562,
            0.08106231689453125,
            0.011920928955078125,
            0.885009765625,
            0.015974044799804688,
            0.1380443572998047,
            0.0059604644775390625
        ]
    }
}