{
    "(2886734945, 3741713926, 58208, 443, 'tcp', 0)": {
        "ts_list": [
            1644854143.971638,
            1644854143.971816,
            1644854143.971836,
            1644854144.000301,
            1644854144.000329,
            1644854144.000341,
            1644854144.00035,
            1644854144.000355,
            1644854144.000358,
            1644854144.000361,
            1644854144.000473,
            1644854144.000481,
            1644854144.000485,
            1644854144.001272,
            1644854144.001276,
            1644854144.001282,
            1644854144.001285,
            1644854144.069266,
            1644854144.186269,
            1644854144.18632,
            1644854144.214223,
            1644854144.21517,
            1644854144.215177,
            1644854144.215186,
            1644854144.216264,
            1644854144.216273,
            1644854144.216351,
            1644854144.299166,
            1644854144.299195,
            1644854144.306947,
            1644854144.306988,
            1644854144.327298,
            1644854144.327377,
            1644854144.32746,
            1644854144.328221,
            1644854144.32825,
            1644854144.32832,
            1644854144.328368,
            1644854144.335262,
            1644854144.335359,
            1644854144.335416,
            1644854144.33625,
            1644854144.336276,
            1644854144.336348,
            1644854144.336369,
            1644854144.65869,
            1644854144.658725,
            1644854144.687256,
            1644854144.687395,
            1644854144.687409,
            1644854144.688209,
            1644854144.688215,
            1644854144.688306,
            1644854144.68831,
            1644854144.84619,
            1644854144.846223,
            1644854144.874275,
            1644854144.874293,
            1644854144.874302,
            1644854144.87525,
            1644854144.87526,
            1644854144.875266,
            1644854144.87527,
            1644854145.019909,
            1644854145.019939,
            1644854145.048326,
            1644854145.048353,
            1644854145.048368,
            1644854145.049295,
            1644854145.049309,
            1644854145.049316,
            1644854145.049322
        ],
        "ps_list": [
            158,
            184,
            225,
            66,
            121,
            66,
            101,
            66,
            97,
            66,
            97,
            101,
            66,
            191,
            66,
            260,
            66,
            66,
            121,
            225,
            66,
            66,
            101,
            66,
            144,
            255,
            66,
            121,
            225,
            121,
            225,
            66,
            101,
            66,
            122,
            66,
            250,
            66,
            66,
            101,
            66,
            120,
            66,
            661,
            66,
            121,
            225,
            66,
            101,
            66,
            120,
            66,
            297,
            66,
            121,
            225,
            66,
            101,
            66,
            108,
            66,
            261,
            66,
            121,
            225,
            66,
            101,
            66,
            145,
            66,
            272,
            66
        ],
        "direction_list": [
            0,
            0,
            0,
            1,
            1,
            0,
            1,
            0,
            1,
            0,
            0,
            1,
            0,
            1,
            0,
            1,
            0,
            1,
            0,
            0,
            1,
            1,
            1,
            0,
            1,
            1,
            0,
            0,
            0,
            0,
            0,
            1,
            1,
            0,
            1,
            0,
            1,
            0,
            1,
            1,
            0,
            1,
            0,
            1,
            0,
            0,
            0,
            1,
            1,
            0,
            1,
            0,
            1,
            0,
            0,
            0,
            1,
            1,
            0,
            1,
            0,
            1,
            0,
            0,
            0,
            1,
            1,
            0,
            1,
            0,
            1,
            0
        ],
        "piat_list": [
            0.2999305725097656,
            0.1780986785888672,
            0.02002716064453125,
            28.464794158935547,
            0.028133392333984375,
            0.011920928955078125,
            0.009059906005859375,
            0.0050067901611328125,
            0.0030994415283203125,
            0.00286102294921875,
            0.11205673217773438,
            0.007867813110351562,
            0.0040531158447265625,
            0.7870197296142578,
            0.0040531158447265625,
            0.0059604644775390625,
            0.0030994415283203125,
            67.98100471496582,
            117.00296401977539,
            0.051021575927734375,
            27.902841567993164,
            0.9469985961914062,
            0.007152557373046875,
            0.009059906005859375,
            1.077890396118164,
            0.009059906005859375,
            0.07796287536621094,
            82.81493186950684,
            0.029087066650390625,
            7.751941680908203,
            0.04100799560546875,
            20.309925079345703,
            0.07915496826171875,
            0.08296966552734375,
            0.7610321044921875,
            0.028848648071289062,
            0.07009506225585938,
            0.04792213439941406,
            6.894111633300781,
            0.09703636169433594,
            0.05698204040527344,
            0.8339881896972656,
            0.025987625122070312,
            0.07200241088867188,
            0.0209808349609375,
            322.32093811035156,
            0.03504753112792969,
            28.53107452392578,
            0.13899803161621094,
            0.013828277587890625,
            0.8001327514648438,
            0.0059604644775390625,
            0.09107589721679688,
            0.003814697265625,
            157.88006782531738,
            0.03314018249511719,
            28.05185317993164,
            0.01811981201171875,
            0.008821487426757812,
            0.9481906890869141,
            0.010013580322265625,
            0.0059604644775390625,
            0.003814697265625,
            144.6390151977539,
            0.030040740966796875,
            28.387069702148438,
            0.026941299438476562,
            0.015020370483398438,
            0.926971435546875,
            0.014066696166992188,
            0.0069141387939453125,
            0.0059604644775390625
        ]
    }
}