{
    "(2886734945, 3741648133, 48976, 443, 'tcp', 0)": {
        "ts_list": [
            1645464927.737479,
            1645464927.737668,
            1645464927.737698,
            1645464927.746143,
            1645464927.746186,
            1645464927.7462,
            1645464927.746211,
            1645464927.746216,
            1645464927.746222,
            1645464927.746225,
            1645464927.746226,
            1645464927.746231,
            1645464927.746315,
            1645464927.747071,
            1645464927.747078,
            1645464927.747169,
            1645464927.747174,
            1645464927.795131,
            1645464928.109997,
            1645464928.110031,
            1645464928.11907,
            1645464928.119097,
            1645464928.119245,
            1645464928.119259,
            1645464928.120104,
            1645464928.120109,
            1645464928.120202,
            1645464928.120207,
            1645464928.191712,
            1645464928.191741,
            1645464928.200191,
            1645464928.200269,
            1645464928.200282,
            1645464928.201156,
            1645464928.201172,
            1645464928.201179,
            1645464928.201184,
            1645464928.41711,
            1645464928.417144,
            1645464928.42613,
            1645464928.426167,
            1645464928.426181,
            1645464928.427133,
            1645464928.427138,
            1645464928.427231,
            1645464928.427236,
            1645464928.480026,
            1645464928.480059,
            1645464928.488727,
            1645464928.488756,
            1645464928.4891,
            1645464928.489197,
            1645464928.489207,
            1645464928.490183,
            1645464928.490191,
            1645464928.490197,
            1645464928.490201,
            1645464928.497116,
            1645464928.497238,
            1645464928.497243,
            1645464928.498146,
            1645464928.498153,
            1645464928.498242,
            1645464928.498248
        ],
        "ps_list": [
            158,
            184,
            225,
            66,
            121,
            66,
            101,
            66,
            97,
            66,
            101,
            66,
            97,
            190,
            66,
            260,
            66,
            66,
            121,
            225,
            66,
            66,
            101,
            66,
            145,
            66,
            255,
            66,
            121,
            225,
            66,
            101,
            66,
            107,
            66,
            368,
            66,
            121,
            225,
            66,
            101,
            66,
            121,
            66,
            297,
            66,
            121,
            225,
            121,
            225,
            66,
            101,
            66,
            121,
            66,
            272,
            66,
            66,
            101,
            66,
            108,
            66,
            332,
            66
        ],
        "direction_list": [
            0,
            0,
            0,
            1,
            1,
            0,
            1,
            0,
            1,
            0,
            1,
            0,
            0,
            1,
            0,
            1,
            0,
            1,
            0,
            0,
            1,
            1,
            1,
            0,
            1,
            0,
            1,
            0,
            0,
            0,
            1,
            1,
            0,
            1,
            0,
            1,
            0,
            0,
            0,
            1,
            1,
            0,
            1,
            0,
            1,
            0,
            0,
            0,
            0,
            0,
            1,
            1,
            0,
            1,
            0,
            1,
            0,
            1,
            1,
            0,
            1,
            0,
            1,
            0
        ],
        "piat_list": [
            0.2620220184326172,
            0.18906593322753906,
            0.030040740966796875,
            8.445024490356445,
            0.04291534423828125,
            0.014066696166992188,
            0.010967254638671875,
            0.0050067901611328125,
            0.0059604644775390625,
            0.0030994415283203125,
            0.00095367431640625,
            0.0050067901611328125,
            0.08392333984375,
            0.7560253143310547,
            0.0069141387939453125,
            0.09107589721679688,
            0.0050067901611328125,
            47.95694351196289,
            314.8660659790039,
            0.033855438232421875,
            9.039163589477539,
            0.026941299438476562,
            0.1480579376220703,
            0.014066696166992188,
            0.8449554443359375,
            0.0050067901611328125,
            0.09298324584960938,
            0.0050067901611328125,
            71.50483131408691,
            0.029087066650390625,
            8.450031280517578,
            0.07796287536621094,
            0.013113021850585938,
            0.8738040924072266,
            0.01621246337890625,
            0.0069141387939453125,
            0.0050067901611328125,
            215.925931930542,
            0.03409385681152344,
            8.98599624633789,
            0.03695487976074219,
            0.014066696166992188,
            0.9520053863525391,
            0.0050067901611328125,
            0.09298324584960938,
            0.0050067901611328125,
            52.789926528930664,
            0.032901763916015625,
            8.668184280395508,
            0.028848648071289062,
            0.3440380096435547,
            0.09703636169433594,
            0.010013580322265625,
            0.9760856628417969,
            0.007867813110351562,
            0.0059604644775390625,
            0.0040531158447265625,
            6.915092468261719,
            0.12183189392089844,
            0.0050067901611328125,
            0.9031295776367188,
            0.0069141387939453125,
            0.08893013000488281,
            0.006198883056640625
        ]
    }
}