{
    "(2886734945, 3741648133, 57040, 443, 'tcp', 0)": {
        "ts_list": [
            1644850205.525981,
            1644850205.526132,
            1644850205.526156,
            1644850205.534334,
            1644850205.534355,
            1644850205.534364,
            1644850205.534459,
            1644850205.534545,
            1644850205.534552,
            1644850205.534559,
            1644850205.534562,
            1644850205.535321,
            1644850205.535327,
            1644850205.535334,
            1644850205.535338,
            1644850205.582313,
            1644850205.795472,
            1644850205.795509,
            1644850205.803315,
            1644850205.803338,
            1644850205.8035,
            1644850205.803511,
            1644850205.804292,
            1644850205.804296,
            1644850205.804397,
            1644850205.804401,
            1644850205.902357,
            1644850205.902386,
            1644850205.903859,
            1644850205.903883,
            1644850205.910413,
            1644850205.910492,
            1644850205.910505,
            1644850205.911304,
            1644850205.911312,
            1644850205.911324,
            1644850205.911328,
            1644850205.912352,
            1644850205.912361,
            1644850205.912369,
            1644850205.913429,
            1644850205.913441,
            1644850205.913449,
            1644850205.913454,
            1644850206.071548,
            1644850206.071581,
            1644850206.079394,
            1644850206.079477,
            1644850206.07949,
            1644850206.080406,
            1644850206.080457,
            1644850206.080505,
            1644850206.08054,
            1644850206.356892,
            1644850206.35692,
            1644850206.365342,
            1644850206.365428,
            1644850206.365436,
            1644850206.36635,
            1644850206.366355,
            1644850206.366358,
            1644850206.366361
        ],
        "ps_list": [
            158,
            184,
            225,
            66,
            121,
            66,
            97,
            110,
            66,
            101,
            66,
            190,
            66,
            260,
            66,
            66,
            121,
            225,
            66,
            66,
            101,
            66,
            122,
            66,
            255,
            66,
            121,
            225,
            121,
            225,
            66,
            101,
            66,
            122,
            66,
            252,
            66,
            66,
            101,
            66,
            122,
            66,
            256,
            66,
            121,
            225,
            66,
            101,
            66,
            144,
            66,
            297,
            66,
            121,
            225,
            66,
            101,
            66,
            121,
            66,
            426,
            66
        ],
        "direction_list": [
            0,
            0,
            0,
            1,
            1,
            0,
            0,
            1,
            0,
            1,
            0,
            1,
            0,
            1,
            0,
            1,
            0,
            0,
            1,
            1,
            1,
            0,
            1,
            0,
            1,
            0,
            0,
            0,
            0,
            0,
            1,
            1,
            0,
            1,
            0,
            1,
            0,
            1,
            1,
            0,
            1,
            0,
            1,
            0,
            0,
            0,
            1,
            1,
            0,
            1,
            0,
            1,
            0,
            0,
            0,
            1,
            1,
            0,
            1,
            0,
            1,
            0
        ],
        "piat_list": [
            0.22292137145996094,
            0.15115737915039062,
            0.02384185791015625,
            8.177995681762695,
            0.0209808349609375,
            0.009059906005859375,
            0.09512901306152344,
            0.0858306884765625,
            0.007152557373046875,
            0.0069141387939453125,
            0.0030994415283203125,
            0.7588863372802734,
            0.0059604644775390625,
            0.007152557373046875,
            0.003814697265625,
            46.975135803222656,
            213.15884590148926,
            0.03719329833984375,
            7.805824279785156,
            0.023126602172851562,
            0.16188621520996094,
            0.010967254638671875,
            0.7810592651367188,
            0.0040531158447265625,
            0.1010894775390625,
            0.003814697265625,
            97.95618057250977,
            0.028848648071289062,
            1.4729499816894531,
            0.024080276489257812,
            6.530046463012695,
            0.07891654968261719,
            0.013113021850585938,
            0.7989406585693359,
            0.008106231689453125,
            0.011920928955078125,
            0.0040531158447265625,
            1.024007797241211,
            0.008821487426757812,
            0.008106231689453125,
            1.0600090026855469,
            0.011920928955078125,
            0.008106231689453125,
            0.0050067901611328125,
            158.09392929077148,
            0.032901763916015625,
            7.813215255737305,
            0.08296966552734375,
            0.012874603271484375,
            0.9160041809082031,
            0.051021575927734375,
            0.04792213439941406,
            0.03504753112792969,
            276.3521671295166,
            0.027894973754882812,
            8.421897888183594,
            0.08606910705566406,
            0.008106231689453125,
            0.9138584136962891,
            0.0050067901611328125,
            0.0030994415283203125,
            0.00286102294921875
        ]
    }
}