{
    "(2886734945, 3741648133, 57476, 443, 'tcp', 0)": {
        "ts_list": [
            1644850742.915022,
            1644850742.915192,
            1644850742.91521,
            1644850742.924089,
            1644850742.924106,
            1644850742.924115,
            1644850742.924123,
            1644850742.924127,
            1644850742.92413,
            1644850742.924133,
            1644850742.924168,
            1644850742.924171,
            1644850742.92505,
            1644850742.925056,
            1644850742.925058,
            1644850742.925063,
            1644850742.929233,
            1644850742.978106,
            1644850743.209048,
            1644850743.20908,
            1644850743.217987,
            1644850743.218006,
            1644850743.218169,
            1644850743.218177,
            1644850743.219082,
            1644850743.219087,
            1644850743.219095,
            1644850743.219099,
            1644850743.333379,
            1644850743.333406,
            1644850743.33477,
            1644850743.334793,
            1644850743.342029,
            1644850743.342255,
            1644850743.342262,
            1644850743.343025,
            1644850743.343028,
            1644850743.343032,
            1644850743.343034,
            1644850743.343036,
            1644850743.343222,
            1644850743.343225,
            1644850743.344044,
            1644850743.344054,
            1644850743.344068,
            1644850743.344072,
            1644850743.493104,
            1644850743.493132,
            1644850743.502117,
            1644850743.502148,
            1644850743.502162,
            1644850743.503063,
            1644850743.503067,
            1644850743.503462
        ],
        "ps_list": [
            164,
            184,
            225,
            66,
            121,
            66,
            101,
            66,
            97,
            66,
            101,
            66,
            191,
            66,
            260,
            66,
            97,
            66,
            121,
            225,
            66,
            66,
            101,
            66,
            145,
            66,
            255,
            66,
            121,
            225,
            121,
            225,
            66,
            101,
            66,
            66,
            120,
            66,
            252,
            66,
            101,
            66,
            122,
            66,
            256,
            66,
            121,
            225,
            66,
            101,
            66,
            121,
            297,
            66
        ],
        "direction_list": [
            0,
            0,
            0,
            1,
            1,
            0,
            1,
            0,
            1,
            0,
            1,
            0,
            1,
            0,
            1,
            0,
            0,
            1,
            0,
            0,
            1,
            1,
            1,
            0,
            1,
            0,
            1,
            0,
            0,
            0,
            0,
            0,
            1,
            1,
            0,
            1,
            1,
            0,
            1,
            0,
            1,
            0,
            1,
            0,
            1,
            0,
            0,
            0,
            1,
            1,
            0,
            1,
            1,
            0
        ],
        "piat_list": [
            0.26679039001464844,
            0.16999244689941406,
            0.01811981201171875,
            8.878946304321289,
            0.016927719116210938,
            0.009059906005859375,
            0.008106231689453125,
            0.0040531158447265625,
            0.00286102294921875,
            0.0030994415283203125,
            0.03504753112792969,
            0.00286102294921875,
            0.8790493011474609,
            0.0059604644775390625,
            0.0019073486328125,
            0.0050067901611328125,
            4.17017936706543,
            48.872947692871094,
            230.9420108795166,
            0.031948089599609375,
            8.907079696655273,
            0.018835067749023438,
            0.16307830810546875,
            0.008106231689453125,
            0.9050369262695312,
            0.00476837158203125,
            0.008106231689453125,
            0.0040531158447265625,
            114.27998542785645,
            0.026941299438476562,
            1.363992691040039,
            0.023126602172851562,
            7.236003875732422,
            0.22602081298828125,
            0.0069141387939453125,
            0.762939453125,
            0.0030994415283203125,
            0.003814697265625,
            0.0021457672119140625,
            0.0019073486328125,
            0.18596649169921875,
            0.0030994415283203125,
            0.8189678192138672,
            0.010013580322265625,
            0.014066696166992188,
            0.0040531158447265625,
            149.0318775177002,
            0.028133392333984375,
            8.984804153442383,
            0.030994415283203125,
            0.014066696166992188,
            0.9009838104248047,
            0.0040531158447265625,
            0.39505958557128906
        ]
    }
}