{
    "(2886734945, 3741713926, 34500, 443, 'tcp', 0)": {
        "ts_list": [
            1645185216.094128,
            1645185216.094357,
            1645185216.094383,
            1645185216.121967,
            1645185216.121996,
            1645185216.122019,
            1645185216.122024,
            1645185216.122028,
            1645185216.122128,
            1645185216.122146,
            1645185216.12215,
            1645185216.122893,
            1645185216.122904,
            1645185216.122912,
            1645185216.122916,
            1645185216.190353,
            1645185216.380464,
            1645185216.380502,
            1645185216.407976,
            1645185216.408001,
            1645185216.408045,
            1645185216.408057,
            1645185216.40888,
            1645185216.408884,
            1645185216.409,
            1645185216.409004,
            1645185216.496036,
            1645185216.496064,
            1645185216.523995,
            1645185216.524019,
            1645185216.524031,
            1645185216.52492,
            1645185216.524924,
            1645185216.52493,
            1645185216.524934,
            1645185217.863032,
            1645185217.863075,
            1645185217.864389,
            1645185217.864415,
            1645185217.886104,
            1645185217.886128,
            1645185217.890968,
            1645185217.890988,
            1645185217.891,
            1645185217.891833,
            1645185217.891931,
            1645185217.891935,
            1645185217.891943,
            1645185217.891947,
            1645185217.892909,
            1645185217.892913,
            1645185217.892919,
            1645185217.892922,
            1645185217.913896,
            1645185217.913996,
            1645185217.914003,
            1645185217.914851,
            1645185217.914856,
            1645185217.914863,
            1645185217.914866
        ],
        "ps_list": [
            158,
            184,
            225,
            66,
            121,
            66,
            110,
            66,
            97,
            101,
            66,
            191,
            66,
            260,
            66,
            66,
            121,
            225,
            66,
            66,
            101,
            66,
            122,
            66,
            255,
            66,
            121,
            225,
            66,
            101,
            66,
            122,
            66,
            250,
            66,
            121,
            225,
            121,
            225,
            121,
            225,
            66,
            101,
            66,
            66,
            157,
            66,
            703,
            66,
            121,
            66,
            297,
            66,
            66,
            101,
            66,
            121,
            66,
            272,
            66
        ],
        "direction_list": [
            0,
            0,
            0,
            1,
            1,
            0,
            1,
            0,
            0,
            1,
            0,
            1,
            0,
            1,
            0,
            1,
            0,
            0,
            1,
            1,
            1,
            0,
            1,
            0,
            1,
            0,
            0,
            0,
            1,
            1,
            0,
            1,
            0,
            1,
            0,
            0,
            0,
            0,
            0,
            0,
            0,
            1,
            1,
            0,
            1,
            1,
            0,
            1,
            0,
            1,
            0,
            1,
            0,
            1,
            1,
            0,
            1,
            0,
            1,
            0
        ],
        "piat_list": [
            0.247955322265625,
            0.22912025451660156,
            0.025987625122070312,
            27.584075927734375,
            0.028848648071289062,
            0.023126602172851562,
            0.0050067901611328125,
            0.0040531158447265625,
            0.09989738464355469,
            0.017881393432617188,
            0.0040531158447265625,
            0.7431507110595703,
            0.010967254638671875,
            0.007867813110351562,
            0.0040531158447265625,
            67.43693351745605,
            190.1111602783203,
            0.03790855407714844,
            27.473926544189453,
            0.025033950805664062,
            0.04410743713378906,
            0.011920928955078125,
            0.8230209350585938,
            0.0040531158447265625,
            0.11587142944335938,
            0.0040531158447265625,
            87.03207969665527,
            0.027894973754882812,
            27.93097496032715,
            0.024080276489257812,
            0.011920928955078125,
            0.8890628814697266,
            0.0040531158447265625,
            0.0059604644775390625,
            0.0040531158447265625,
            1338.0980491638184,
            0.04291534423828125,
            1.313924789428711,
            0.025987625122070312,
            21.689176559448242,
            0.02384185791015625,
            4.84013557434082,
            0.02002716064453125,
            0.011920928955078125,
            0.8330345153808594,
            0.09799003601074219,
            0.0040531158447265625,
            0.007867813110351562,
            0.0040531158447265625,
            0.9620189666748047,
            0.0040531158447265625,
            0.0059604644775390625,
            0.00286102294921875,
            20.974159240722656,
            0.09989738464355469,
            0.0069141387939453125,
            0.8480548858642578,
            0.0050067901611328125,
            0.007152557373046875,
            0.00286102294921875
        ]
    }
}