{
    "(2886734945, 3741713926, 35012, 443, 'tcp', 0)": {
        "ts_list": [
            1645185926.574185,
            1645185926.574354,
            1645185926.574375,
            1645185926.599518,
            1645185926.599538,
            1645185926.599551,
            1645185926.599568,
            1645185926.599571,
            1645185926.599708,
            1645185926.600459,
            1645185926.600465,
            1645185926.600469,
            1645185926.60151,
            1645185926.601524,
            1645185926.601532,
            1645185926.601535,
            1645185926.665568,
            1645185926.836263,
            1645185926.836293,
            1645185926.86153,
            1645185926.861549,
            1645185926.861704,
            1645185926.861713,
            1645185926.862485,
            1645185926.86249,
            1645185926.862582,
            1645185926.862586,
            1645185926.896898,
            1645185926.896923,
            1645185926.922589,
            1645185926.922672,
            1645185926.923644,
            1645185926.923653,
            1645185926.923674,
            1645185928.201598,
            1645185928.201635,
            1645185928.205005,
            1645185928.205028,
            1645185928.222669,
            1645185928.222692,
            1645185928.227509,
            1645185928.227524,
            1645185928.228483,
            1645185928.22852,
            1645185928.228579,
            1645185928.230533,
            1645185928.230539,
            1645185928.230564,
            1645185928.231517,
            1645185928.231524,
            1645185928.231539,
            1645185928.248526,
            1645185928.248537,
            1645185928.249518,
            1645185928.249528,
            1645185928.249548
        ],
        "ps_list": [
            158,
            184,
            225,
            66,
            121,
            66,
            110,
            66,
            97,
            66,
            101,
            66,
            191,
            66,
            260,
            66,
            66,
            121,
            225,
            66,
            66,
            101,
            66,
            121,
            66,
            255,
            66,
            121,
            225,
            66,
            101,
            122,
            250,
            66,
            121,
            225,
            121,
            225,
            121,
            225,
            66,
            101,
            144,
            66,
            703,
            66,
            101,
            66,
            107,
            297,
            66,
            66,
            101,
            122,
            272,
            66
        ],
        "direction_list": [
            0,
            0,
            0,
            1,
            1,
            0,
            1,
            0,
            0,
            1,
            1,
            0,
            1,
            0,
            1,
            0,
            1,
            0,
            0,
            1,
            1,
            1,
            0,
            1,
            0,
            1,
            0,
            0,
            0,
            1,
            1,
            1,
            1,
            0,
            0,
            0,
            0,
            0,
            0,
            0,
            1,
            1,
            1,
            0,
            1,
            1,
            1,
            0,
            1,
            1,
            0,
            1,
            1,
            1,
            1,
            0
        ],
        "piat_list": [
            0.27680397033691406,
            0.1690387725830078,
            0.0209808349609375,
            25.143146514892578,
            0.02002716064453125,
            0.012874603271484375,
            0.016927719116210938,
            0.0030994415283203125,
            0.13709068298339844,
            0.7510185241699219,
            0.0059604644775390625,
            0.0040531158447265625,
            1.0409355163574219,
            0.014066696166992188,
            0.007867813110351562,
            0.0030994415283203125,
            64.03303146362305,
            170.69482803344727,
            0.030040740966796875,
            25.237083435058594,
            0.018835067749023438,
            0.1552104949951172,
            0.008821487426757812,
            0.7719993591308594,
            0.0050067901611328125,
            0.09202957153320312,
            0.0040531158447265625,
            34.31200981140137,
            0.025033950805664062,
            25.665998458862305,
            0.08296966552734375,
            0.9720325469970703,
            0.008821487426757812,
            0.021219253540039062,
            1277.923822402954,
            0.03695487976074219,
            3.370046615600586,
            0.023126602172851562,
            17.64082908630371,
            0.023126602172851562,
            4.817008972167969,
            0.015020370483398438,
            0.9589195251464844,
            0.03695487976074219,
            0.0591278076171875,
            1.9538402557373047,
            0.006198883056640625,
            0.025033950805664062,
            0.9529590606689453,
            0.0069141387939453125,
            0.015020370483398438,
            16.987085342407227,
            0.010967254638671875,
            0.9808540344238281,
            0.010013580322265625,
            0.02002716064453125
        ]
    }
}