{
    "(2886734945, 3741648133, 56956, 443, 'tcp', 0)": {
        "ts_list": [
            1644849948.151447,
            1644849948.151627,
            1644849948.151693,
            1644849948.16029,
            1644849948.160387,
            1644849948.160397,
            1644849948.160407,
            1644849948.160411,
            1644849948.160414,
            1644849948.160417,
            1644849948.160506,
            1644849948.161189,
            1644849948.1612,
            1644849948.161285,
            1644849948.16129,
            1644849948.209176,
            1644849948.432908,
            1644849948.432955,
            1644849948.441208,
            1644849948.441236,
            1644849948.441372,
            1644849948.441389,
            1644849948.442182,
            1644849948.442196,
            1644849948.442282,
            1644849948.442286,
            1644849948.517141,
            1644849948.517173,
            1644849948.525236,
            1644849948.525321,
            1644849948.525331,
            1644849948.526199,
            1644849948.526211,
            1644849948.526296,
            1644849948.5263
        ],
        "ps_list": [
            158,
            184,
            225,
            66,
            121,
            66,
            110,
            66,
            101,
            66,
            97,
            190,
            66,
            260,
            66,
            66,
            121,
            225,
            66,
            66,
            101,
            66,
            121,
            66,
            255,
            66,
            121,
            225,
            66,
            101,
            66,
            121,
            66,
            247,
            66
        ],
        "direction_list": [
            0,
            0,
            0,
            1,
            1,
            0,
            1,
            0,
            1,
            0,
            0,
            1,
            0,
            1,
            0,
            1,
            0,
            0,
            1,
            1,
            1,
            0,
            1,
            0,
            1,
            0,
            0,
            0,
            1,
            1,
            0,
            1,
            0,
            1,
            0
        ],
        "piat_list": [
            0.2391338348388672,
            0.1800060272216797,
            0.06604194641113281,
            8.59689712524414,
            0.09703636169433594,
            0.010013580322265625,
            0.010013580322265625,
            0.003814697265625,
            0.0030994415283203125,
            0.0030994415283203125,
            0.08893013000488281,
            0.6830692291259766,
            0.010967254638671875,
            0.08487701416015625,
            0.0050067901611328125,
            47.88613319396973,
            223.73199462890625,
            0.04696846008300781,
            8.252859115600586,
            0.028133392333984375,
            0.13589859008789062,
            0.0171661376953125,
            0.7929801940917969,
            0.013828277587890625,
            0.08606910705566406,
            0.0040531158447265625,
            74.85508918762207,
            0.031948089599609375,
            8.06283950805664,
            0.08511543273925781,
            0.010013580322265625,
            0.8680820465087891,
            0.011920928955078125,
            0.08487701416015625,
            0.0040531158447265625
        ]
    }
}