{
    "(2886734945, 3741648133, 57008, 443, 'tcp', 0)": {
        "ts_list": [
            1644850128.218135,
            1644850128.218325,
            1644850128.218348,
            1644850128.227555,
            1644850128.227578,
            1644850128.227587,
            1644850128.227596,
            1644850128.2276,
            1644850128.227663,
            1644850128.22787,
            1644850128.227874,
            1644850128.229056,
            1644850128.22906,
            1644850128.229155,
            1644850128.229159,
            1644850128.276503,
            1644850128.47447,
            1644850128.474517,
            1644850128.483566,
            1644850128.483594,
            1644850128.483648,
            1644850128.483658,
            1644850128.484523,
            1644850128.484528,
            1644850128.484622,
            1644850128.484626,
            1644850128.576603,
            1644850128.576638,
            1644850128.585548,
            1644850128.585701,
            1644850128.58571,
            1644850128.586508,
            1644850128.586515,
            1644850128.586605,
            1644850128.586609
        ],
        "ps_list": [
            164,
            184,
            225,
            66,
            121,
            66,
            110,
            66,
            97,
            101,
            66,
            191,
            66,
            260,
            66,
            66,
            121,
            225,
            66,
            66,
            101,
            66,
            121,
            66,
            255,
            66,
            121,
            225,
            66,
            101,
            66,
            121,
            66,
            247,
            66
        ],
        "direction_list": [
            0,
            0,
            0,
            1,
            1,
            0,
            1,
            0,
            0,
            1,
            0,
            1,
            0,
            1,
            0,
            1,
            0,
            0,
            1,
            1,
            1,
            0,
            1,
            0,
            1,
            0,
            0,
            0,
            1,
            1,
            0,
            1,
            0,
            1,
            0
        ],
        "piat_list": [
            0.41222572326660156,
            0.18978118896484375,
            0.023126602172851562,
            9.207010269165039,
            0.02288818359375,
            0.009059906005859375,
            0.009059906005859375,
            0.0040531158447265625,
            0.0629425048828125,
            0.20694732666015625,
            0.0040531158447265625,
            1.1818408966064453,
            0.0040531158447265625,
            0.09512901306152344,
            0.0040531158447265625,
            47.34396934509277,
            197.9668140411377,
            0.047206878662109375,
            9.048938751220703,
            0.027894973754882812,
            0.05412101745605469,
            0.010013580322265625,
            0.8649826049804688,
            0.0050067901611328125,
            0.09393692016601562,
            0.0040531158447265625,
            91.97688102722168,
            0.03504753112792969,
            8.909940719604492,
            0.15306472778320312,
            0.009059906005859375,
            0.7979869842529297,
            0.0069141387939453125,
            0.09012222290039062,
            0.003814697265625
        ]
    }
}