{
    "(2886734945, 3741648133, 35632, 443, 'tcp', 0)": {
        "ts_list": [
            1645565788.379381,
            1645565788.379571,
            1645565788.379604,
            1645565788.387067,
            1645565788.387105,
            1645565788.387245,
            1645565788.38725,
            1645565788.387255,
            1645565788.387464,
            1645565788.387469,
            1645565788.387654,
            1645565788.387666,
            1645565788.387751,
            1645565788.387756,
            1645565788.387758,
            1645565788.387761,
            1645565788.391875,
            1645565788.439497,
            1645565788.762571,
            1645565788.762618,
            1645565788.77041,
            1645565788.77044,
            1645565788.770443,
            1645565788.770455,
            1645565788.770483,
            1645565788.770488,
            1645565788.77049,
            1645565788.770494,
            1645565788.879076,
            1645565788.879117,
            1645565788.886806,
            1645565788.886878,
            1645565788.886895,
            1645565788.88698,
            1645565788.886985,
            1645565788.886988,
            1645565788.886992,
            1645565789.169639,
            1645565789.169678,
            1645565789.17712,
            1645565789.177164,
            1645565789.177355,
            1645565789.177377,
            1645565789.177387,
            1645565789.177392,
            1645565789.177398,
            1645565789.177402,
            1645565789.177405,
            1645565789.184813,
            1645565789.184843,
            1645565789.184858,
            1645565789.184892,
            1645565789.184897,
            1645565789.184899,
            1645565789.184902,
            1645565789.358983,
            1645565789.359015,
            1645565789.366736,
            1645565789.366779,
            1645565789.366795,
            1645565789.366916,
            1645565789.366924,
            1645565789.366927,
            1645565789.366931,
            1645565789.387418,
            1645565789.387445,
            1645565789.395114,
            1645565789.395125,
            1645565789.395132,
            1645565789.395164,
            1645565789.395314,
            1645565789.438809
        ],
        "ps_list": [
            158,
            184,
            225,
            121,
            66,
            66,
            101,
            66,
            97,
            66,
            101,
            66,
            190,
            66,
            260,
            66,
            97,
            66,
            121,
            225,
            66,
            66,
            101,
            66,
            121,
            66,
            255,
            66,
            121,
            225,
            66,
            101,
            66,
            122,
            66,
            254,
            66,
            121,
            225,
            121,
            225,
            66,
            101,
            66,
            143,
            66,
            297,
            66,
            66,
            101,
            66,
            122,
            66,
            332,
            66,
            121,
            225,
            66,
            101,
            66,
            122,
            66,
            253,
            66,
            121,
            225,
            66,
            101,
            122,
            66,
            272,
            66
        ],
        "direction_list": [
            0,
            0,
            0,
            1,
            0,
            1,
            1,
            0,
            1,
            0,
            1,
            0,
            1,
            0,
            1,
            0,
            0,
            1,
            0,
            0,
            1,
            1,
            1,
            0,
            1,
            0,
            1,
            0,
            0,
            0,
            1,
            1,
            0,
            1,
            0,
            1,
            0,
            0,
            0,
            0,
            0,
            1,
            1,
            0,
            1,
            0,
            1,
            0,
            1,
            1,
            0,
            1,
            0,
            1,
            0,
            0,
            0,
            1,
            1,
            0,
            1,
            0,
            1,
            0,
            0,
            0,
            1,
            1,
            1,
            0,
            1,
            0
        ],
        "piat_list": [
            0.29397010803222656,
            0.1900196075439453,
            0.03314018249511719,
            7.462978363037109,
            0.03790855407714844,
            0.1399517059326172,
            0.0050067901611328125,
            0.0050067901611328125,
            0.2090930938720703,
            0.0050067901611328125,
            0.1850128173828125,
            0.011920928955078125,
            0.08511543273925781,
            0.0050067901611328125,
            0.0019073486328125,
            0.0030994415283203125,
            4.113912582397461,
            47.621965408325195,
            323.0741024017334,
            0.04696846008300781,
            7.791996002197266,
            0.030040740966796875,
            0.00286102294921875,
            0.011920928955078125,
            0.028133392333984375,
            0.0050067901611328125,
            0.0019073486328125,
            0.0040531158447265625,
            108.5820198059082,
            0.04100799560546875,
            7.688999176025391,
            0.07200241088867188,
            0.016927719116210938,
            0.08511543273925781,
            0.0050067901611328125,
            0.00286102294921875,
            0.0040531158447265625,
            282.64713287353516,
            0.03886222839355469,
            7.441997528076172,
            0.04410743713378906,
            0.19097328186035156,
            0.02193450927734375,
            0.010013580322265625,
            0.0050067901611328125,
            0.0059604644775390625,
            0.0040531158447265625,
            0.0030994415283203125,
            7.407903671264648,
            0.030040740966796875,
            0.015020370483398438,
            0.033855438232421875,
            0.0050067901611328125,
            0.0021457672119140625,
            0.00286102294921875,
            174.08108711242676,
            0.031948089599609375,
            7.720947265625,
            0.04315376281738281,
            0.015974044799804688,
            0.12087821960449219,
            0.008106231689453125,
            0.00286102294921875,
            0.0040531158447265625,
            20.487070083618164,
            0.026941299438476562,
            7.668972015380859,
            0.010967254638671875,
            0.007152557373046875,
            0.031948089599609375,
            0.1499652862548828,
            43.49493980407715
        ]
    }
}