{
    "(2886734945, 3741648133, 41534, 443, 'tcp', 0)": {
        "ts_list": [
            1645297056.477543,
            1645297056.477741,
            1645297056.477769,
            1645297056.485603,
            1645297056.48563,
            1645297056.485729,
            1645297056.486575,
            1645297056.486592,
            1645297056.486672,
            1645297056.486677,
            1645297056.48668,
            1645297056.486684,
            1645297056.487576,
            1645297056.487581,
            1645297056.487675,
            1645297056.487679,
            1645297056.534567,
            1645297056.795571,
            1645297056.795615,
            1645297056.804533,
            1645297056.804556,
            1645297056.809024,
            1645297056.809043,
            1645297056.809699,
            1645297056.809703,
            1645297056.8098,
            1645297056.809804,
            1645297056.902508,
            1645297056.902542,
            1645297056.910588,
            1645297056.910669
        ],
        "ps_list": [
            158,
            184,
            225,
            121,
            66,
            97,
            101,
            66,
            97,
            66,
            101,
            66,
            191,
            66,
            260,
            66,
            66,
            121,
            225,
            66,
            66,
            101,
            66,
            121,
            66,
            255,
            66,
            121,
            225,
            66,
            101
        ],
        "direction_list": [
            0,
            0,
            0,
            1,
            0,
            0,
            1,
            0,
            1,
            0,
            1,
            0,
            1,
            0,
            1,
            0,
            1,
            0,
            0,
            1,
            1,
            1,
            0,
            1,
            0,
            1,
            0,
            0,
            0,
            1,
            1
        ],
        "piat_list": [
            0.2942085266113281,
            0.19788742065429688,
            0.027894973754882812,
            7.834196090698242,
            0.026941299438476562,
            0.09894371032714844,
            0.8459091186523438,
            0.0171661376953125,
            0.07987022399902344,
            0.0050067901611328125,
            0.0030994415283203125,
            0.0040531158447265625,
            0.8919239044189453,
            0.0050067901611328125,
            0.09393692016601562,
            0.0040531158447265625,
            46.888113021850586,
            261.0039710998535,
            0.0438690185546875,
            8.918046951293945,
            0.02288818359375,
            4.468202590942383,
            0.018835067749023438,
            0.6561279296875,
            0.0040531158447265625,
            0.09679794311523438,
            0.0040531158447265625,
            92.70405769348145,
            0.03409385681152344,
            8.04591178894043,
            0.08106231689453125
        ]
    }
}