{
    "(2886734945, 3741648133, 41808, 443, 'tcp', 0)": {
        "ts_list": [
            1645297689.347268,
            1645297689.347456,
            1645297689.347481,
            1645297689.355131,
            1645297689.355151,
            1645297689.35526,
            1645297689.355933,
            1645297689.356032,
            1645297689.356036,
            1645297689.35604,
            1645297689.356044,
            1645297689.356046,
            1645297689.356049,
            1645297689.357044,
            1645297689.357047,
            1645297689.357144,
            1645297689.357148,
            1645297689.403037,
            1645297689.69271,
            1645297689.692748,
            1645297689.700964,
            1645297689.700991,
            1645297689.701148,
            1645297689.701161,
            1645297689.702043,
            1645297689.702057,
            1645297689.702137,
            1645297689.702143,
            1645297689.810598,
            1645297689.810632,
            1645297689.819035,
            1645297689.819113
        ],
        "ps_list": [
            158,
            184,
            225,
            121,
            66,
            97,
            66,
            101,
            66,
            97,
            66,
            101,
            66,
            191,
            66,
            260,
            66,
            66,
            121,
            225,
            66,
            66,
            101,
            66,
            121,
            66,
            255,
            66,
            121,
            225,
            66,
            101
        ],
        "direction_list": [
            0,
            0,
            0,
            1,
            0,
            0,
            1,
            1,
            0,
            1,
            0,
            1,
            0,
            1,
            0,
            1,
            0,
            1,
            0,
            0,
            1,
            1,
            1,
            0,
            1,
            0,
            1,
            0,
            0,
            0,
            1,
            1
        ],
        "piat_list": [
            0.26106834411621094,
            0.18787384033203125,
            0.025033950805664062,
            7.649898529052734,
            0.02002716064453125,
            0.10895729064941406,
            0.6730556488037109,
            0.09894371032714844,
            0.0040531158447265625,
            0.0040531158447265625,
            0.0040531158447265625,
            0.0019073486328125,
            0.0030994415283203125,
            0.9949207305908203,
            0.0030994415283203125,
            0.09703636169433594,
            0.003814697265625,
            45.88913917541504,
            289.6728515625,
            0.03814697265625,
            8.215904235839844,
            0.026941299438476562,
            0.1571178436279297,
            0.012874603271484375,
            0.8821487426757812,
            0.013828277587890625,
            0.080108642578125,
            0.0059604644775390625,
            108.45494270324707,
            0.03409385681152344,
            8.40306282043457,
            0.07796287536621094
        ]
    }
}