{
    "(2886734945, 3741648133, 53838, 443, 'tcp', 0)": {
        "ts_list": [
            1645474681.795249,
            1645474681.79544,
            1645474681.795467,
            1645474681.804649,
            1645474681.804682,
            1645474681.804695,
            1645474681.80478,
            1645474681.804849,
            1645474681.804859,
            1645474681.804931,
            1645474681.804938,
            1645474681.805648,
            1645474681.805665,
            1645474681.805744,
            1645474681.805751,
            1645474681.853677,
            1645474682.116312,
            1645474682.116345,
            1645474682.125644,
            1645474682.125671,
            1645474682.125674,
            1645474682.125685,
            1645474682.126738,
            1645474682.126744,
            1645474682.126751,
            1645474682.126756,
            1645474682.219634,
            1645474682.219662,
            1645474682.228761,
            1645474682.228788,
            1645474682.228803,
            1645474682.229608,
            1645474682.229614,
            1645474682.229616,
            1645474682.229623
        ],
        "ps_list": [
            158,
            184,
            225,
            66,
            121,
            66,
            97,
            110,
            66,
            101,
            66,
            191,
            66,
            260,
            66,
            66,
            121,
            225,
            66,
            66,
            101,
            66,
            144,
            66,
            255,
            66,
            121,
            225,
            66,
            101,
            66,
            122,
            66,
            253,
            66
        ],
        "direction_list": [
            0,
            0,
            0,
            1,
            1,
            0,
            0,
            1,
            0,
            1,
            0,
            1,
            0,
            1,
            0,
            1,
            0,
            0,
            1,
            1,
            1,
            0,
            1,
            0,
            1,
            0,
            0,
            0,
            1,
            1,
            0,
            1,
            0,
            1,
            0
        ],
        "piat_list": [
            0.2930164337158203,
            0.19097328186035156,
            0.026941299438476562,
            9.182214736938477,
            0.032901763916015625,
            0.012874603271484375,
            0.08511543273925781,
            0.06890296936035156,
            0.010013580322265625,
            0.07200241088867188,
            0.007152557373046875,
            0.7100105285644531,
            0.016927719116210938,
            0.07891654968261719,
            0.007152557373046875,
            47.92594909667969,
            262.6349925994873,
            0.032901763916015625,
            9.299039840698242,
            0.026941299438476562,
            0.0030994415283203125,
            0.010967254638671875,
            1.0530948638916016,
            0.0059604644775390625,
            0.0069141387939453125,
            0.0050067901611328125,
            92.87810325622559,
            0.027894973754882812,
            9.099006652832031,
            0.026941299438476562,
            0.015020370483398438,
            0.8051395416259766,
            0.0059604644775390625,
            0.0019073486328125,
            0.007152557373046875
        ]
    }
}