{
    "(2886734945, 3741648133, 53934, 443, 'tcp', 0)": {
        "ts_list": [
            1645474796.687474,
            1645474796.687663,
            1645474796.687687,
            1645474796.69642,
            1645474796.696448,
            1645474796.69647,
            1645474796.696598,
            1645474796.6966,
            1645474796.696611,
            1645474796.696699,
            1645474796.696704,
            1645474796.697491,
            1645474796.697496,
            1645474796.697614,
            1645474796.697619,
            1645474796.745522,
            1645474797.01887,
            1645474797.018906,
            1645474797.027402,
            1645474797.027425,
            1645474797.027573,
            1645474797.027584,
            1645474797.028448,
            1645474797.028453,
            1645474797.028459,
            1645474797.028462,
            1645474797.139208,
            1645474797.139236,
            1645474797.147605,
            1645474797.147632,
            1645474797.147644,
            1645474797.148425,
            1645474797.148431,
            1645474797.148436,
            1645474797.148441
        ],
        "ps_list": [
            158,
            184,
            225,
            66,
            121,
            66,
            101,
            97,
            66,
            110,
            66,
            190,
            66,
            260,
            66,
            66,
            121,
            225,
            66,
            66,
            101,
            66,
            145,
            66,
            255,
            66,
            121,
            225,
            66,
            101,
            66,
            122,
            66,
            253,
            66
        ],
        "direction_list": [
            0,
            0,
            0,
            1,
            1,
            0,
            1,
            0,
            0,
            1,
            0,
            1,
            0,
            1,
            0,
            1,
            0,
            0,
            1,
            1,
            1,
            0,
            1,
            0,
            1,
            0,
            0,
            0,
            1,
            1,
            0,
            1,
            0,
            1,
            0
        ],
        "piat_list": [
            0.30994415283203125,
            0.18906593322753906,
            0.02384185791015625,
            8.733034133911133,
            0.028133392333984375,
            0.02193450927734375,
            0.12803077697753906,
            0.0019073486328125,
            0.010967254638671875,
            0.08797645568847656,
            0.0050067901611328125,
            0.7870197296142578,
            0.0050067901611328125,
            0.11801719665527344,
            0.0050067901611328125,
            47.90306091308594,
            273.3480930328369,
            0.03600120544433594,
            8.495807647705078,
            0.023126602172851562,
            0.1480579376220703,
            0.010967254638671875,
            0.8640289306640625,
            0.0050067901611328125,
            0.0059604644775390625,
            0.00286102294921875,
            110.74614524841309,
            0.027894973754882812,
            8.368968963623047,
            0.026941299438476562,
            0.012159347534179688,
            0.7810592651367188,
            0.0059604644775390625,
            0.0050067901611328125,
            0.0050067901611328125
        ]
    }
}