{
    "(2886734945, 3741648133, 60730, 443, 'tcp', 0)": {
        "ts_list": [
            1645623527.405366,
            1645623527.405551,
            1645623527.405573,
            1645623527.425973,
            1645623527.426045,
            1645623527.426068,
            1645623527.426075,
            1645623527.426079,
            1645623527.426237,
            1645623527.426286,
            1645623527.42629,
            1645623527.426386,
            1645623527.42639,
            1645623527.426395,
            1645623527.426398,
            1645623527.476271,
            1645623527.832172,
            1645623527.832237,
            1645623527.840834,
            1645623527.840865,
            1645623527.841008,
            1645623527.841033,
            1645623527.841929,
            1645623527.841937,
            1645623527.841947,
            1645623527.841951,
            1645623527.948105,
            1645623527.948136,
            1645623527.957314,
            1645623527.957353,
            1645623527.957371,
            1645623527.957893,
            1645623527.957907,
            1645623527.957915,
            1645623527.95793,
            1645623528.407446,
            1645623528.407473,
            1645623528.416873,
            1645623528.416938,
            1645623528.416952,
            1645623528.417863,
            1645623528.41787,
            1645623528.417958,
            1645623528.417961,
            1645623528.50238,
            1645623528.502412,
            1645623528.502491,
            1645623528.511069,
            1645623528.51117,
            1645623528.511184,
            1645623528.511909,
            1645623528.511916,
            1645623528.512008,
            1645623528.512014,
            1645623528.512994,
            1645623528.513002,
            1645623528.513093,
            1645623528.513099,
            1645623528.58417,
            1645623528.584195,
            1645623528.593066,
            1645623528.593155,
            1645623528.593165,
            1645623528.593903,
            1645623528.593908,
            1645623528.594186,
            1645623528.594191
        ],
        "ps_list": [
            158,
            184,
            225,
            66,
            121,
            66,
            110,
            66,
            97,
            101,
            66,
            190,
            66,
            260,
            66,
            66,
            121,
            225,
            66,
            66,
            101,
            66,
            122,
            66,
            255,
            66,
            121,
            225,
            66,
            101,
            66,
            119,
            66,
            358,
            66,
            121,
            225,
            66,
            101,
            66,
            144,
            66,
            272,
            66,
            121,
            225,
            280,
            66,
            101,
            66,
            120,
            66,
            269,
            66,
            108,
            66,
            273,
            66,
            121,
            225,
            66,
            101,
            66,
            122,
            66,
            345,
            66
        ],
        "direction_list": [
            0,
            0,
            0,
            1,
            1,
            0,
            1,
            0,
            0,
            1,
            0,
            1,
            0,
            1,
            0,
            1,
            0,
            0,
            1,
            1,
            1,
            0,
            1,
            0,
            1,
            0,
            0,
            0,
            1,
            1,
            0,
            1,
            0,
            1,
            0,
            0,
            0,
            1,
            1,
            0,
            1,
            0,
            1,
            0,
            0,
            0,
            0,
            1,
            1,
            0,
            1,
            0,
            1,
            0,
            1,
            0,
            1,
            0,
            0,
            0,
            1,
            1,
            0,
            1,
            0,
            1,
            0
        ],
        "piat_list": [
            0.33783912658691406,
            0.1850128173828125,
            0.02193450927734375,
            20.400047302246094,
            0.07200241088867188,
            0.023126602172851562,
            0.0069141387939453125,
            0.0040531158447265625,
            0.15807151794433594,
            0.04887580871582031,
            0.0040531158447265625,
            0.09608268737792969,
            0.003814697265625,
            0.0050067901611328125,
            0.0030994415283203125,
            49.87287521362305,
            355.90100288391113,
            0.06508827209472656,
            8.59689712524414,
            0.030994415283203125,
            0.1430511474609375,
            0.025033950805664062,
            0.8959770202636719,
            0.008106231689453125,
            0.010013580322265625,
            0.003814697265625,
            106.15420341491699,
            0.030994415283203125,
            9.177923202514648,
            0.03910064697265625,
            0.017881393432617188,
            0.5218982696533203,
            0.014066696166992188,
            0.008106231689453125,
            0.015020370483398438,
            449.51581954956055,
            0.027179718017578125,
            9.399890899658203,
            0.06508827209472656,
            0.013828277587890625,
            0.9109973907470703,
            0.007152557373046875,
            0.08797645568847656,
            0.00286102294921875,
            84.41901206970215,
            0.03218650817871094,
            0.07891654968261719,
            8.578062057495117,
            0.10085105895996094,
            0.014066696166992188,
            0.7250308990478516,
            0.0069141387939453125,
            0.09202957153320312,
            0.0059604644775390625,
            0.9801387786865234,
            0.007867813110351562,
            0.09107589721679688,
            0.0059604644775390625,
            71.07114791870117,
            0.0247955322265625,
            8.871078491210938,
            0.08893013000488281,
            0.010013580322265625,
            0.7381439208984375,
            0.0050067901611328125,
            0.2779960632324219,
            0.0050067901611328125
        ]
    }
}