{
    "(2886734945, 3741648133, 43604, 443, 'tcp', 0)": {
        "ts_list": [
            1645441736.331363,
            1645441736.331547,
            1645441736.331572,
            1645441736.3402,
            1645441736.340225,
            1645441736.340233,
            1645441736.340282,
            1645441736.340286,
            1645441736.340359,
            1645441736.341043,
            1645441736.34117,
            1645441736.341176,
            1645441736.342172,
            1645441736.342178,
            1645441736.34227,
            1645441736.342274,
            1645441736.389145,
            1645441736.671899,
            1645441736.671941,
            1645441736.681091,
            1645441736.681122,
            1645441736.681268,
            1645441736.68128,
            1645441736.682129,
            1645441736.682134,
            1645441736.682222,
            1645441736.682226,
            1645441736.753646,
            1645441736.75368,
            1645441736.763146,
            1645441736.763229,
            1645441736.763239,
            1645441736.764159,
            1645441736.764164,
            1645441736.764171,
            1645441736.764176,
            1645441737.050711,
            1645441737.050752,
            1645441737.061092,
            1645441737.061228,
            1645441737.061241,
            1645441737.062155,
            1645441737.062159,
            1645441737.062162,
            1645441737.062166,
            1645441737.190125,
            1645441737.190154,
            1645441737.199299,
            1645441737.199329,
            1645441737.199339,
            1645441737.200199,
            1645441737.200206,
            1645441737.200216,
            1645441737.20022,
            1645441737.452702,
            1645441737.452751,
            1645441737.462146,
            1645441737.462263,
            1645441737.46228,
            1645441737.46329,
            1645441737.463298,
            1645441737.463302,
            1645441737.463306
        ],
        "ps_list": [
            164,
            184,
            225,
            66,
            121,
            66,
            110,
            66,
            97,
            66,
            101,
            66,
            191,
            66,
            260,
            66,
            66,
            121,
            225,
            66,
            66,
            101,
            66,
            121,
            66,
            255,
            66,
            121,
            225,
            66,
            101,
            66,
            122,
            66,
            252,
            66,
            121,
            225,
            66,
            101,
            66,
            131,
            66,
            256,
            66,
            121,
            225,
            66,
            101,
            66,
            120,
            66,
            297,
            66,
            121,
            225,
            66,
            101,
            66,
            122,
            66,
            272,
            66
        ],
        "direction_list": [
            0,
            0,
            0,
            1,
            1,
            0,
            1,
            0,
            0,
            1,
            1,
            0,
            1,
            0,
            1,
            0,
            1,
            0,
            0,
            1,
            1,
            1,
            0,
            1,
            0,
            1,
            0,
            0,
            0,
            1,
            1,
            0,
            1,
            0,
            1,
            0,
            0,
            0,
            1,
            1,
            0,
            1,
            0,
            1,
            0,
            0,
            0,
            1,
            1,
            0,
            1,
            0,
            1,
            0,
            0,
            0,
            1,
            1,
            0,
            1,
            0,
            1,
            0
        ],
        "piat_list": [
            0.31185150146484375,
            0.18405914306640625,
            0.025033950805664062,
            8.627891540527344,
            0.025033950805664062,
            0.008106231689453125,
            0.04887580871582031,
            0.0040531158447265625,
            0.07295608520507812,
            0.6840229034423828,
            0.1270771026611328,
            0.0059604644775390625,
            0.9958744049072266,
            0.006198883056640625,
            0.09179115295410156,
            0.0040531158447265625,
            46.87094688415527,
            282.75418281555176,
            0.041961669921875,
            9.150028228759766,
            0.030994415283203125,
            0.14591217041015625,
            0.011920928955078125,
            0.8490085601806641,
            0.0050067901611328125,
            0.08797645568847656,
            0.0040531158447265625,
            71.41995429992676,
            0.03409385681152344,
            9.465932846069336,
            0.08296966552734375,
            0.010013580322265625,
            0.9200572967529297,
            0.0050067901611328125,
            0.0069141387939453125,
            0.0050067901611328125,
            286.53502464294434,
            0.04100799560546875,
            10.339975357055664,
            0.1361370086669922,
            0.012874603271484375,
            0.9140968322753906,
            0.0040531158447265625,
            0.00286102294921875,
            0.0040531158447265625,
            127.95901298522949,
            0.029087066650390625,
            9.145021438598633,
            0.029802322387695312,
            0.010013580322265625,
            0.8599758148193359,
            0.007152557373046875,
            0.010013580322265625,
            0.0040531158447265625,
            252.48193740844727,
            0.04887580871582031,
            9.395122528076172,
            0.11706352233886719,
            0.016927719116210938,
            1.0099411010742188,
            0.008106231689453125,
            0.003814697265625,
            0.0040531158447265625
        ]
    }
}