{
    "(2886734945, 3741648133, 43680, 443, 'tcp', 0)": {
        "ts_list": [
            1645441828.992415,
            1645441828.992643,
            1645441828.992669,
            1645441829.001327,
            1645441829.001374,
            1645441829.001393,
            1645441829.001419,
            1645441829.001427,
            1645441829.001505,
            1645441829.001512,
            1645441829.001515,
            1645441829.00152,
            1645441829.001585,
            1645441829.002353,
            1645441829.002374,
            1645441829.00239,
            1645441829.002397,
            1645441829.050377,
            1645441829.377068,
            1645441829.37711,
            1645441829.385442,
            1645441829.38548,
            1645441829.385601,
            1645441829.385622,
            1645441829.38638,
            1645441829.386396,
            1645441829.386409,
            1645441829.386415,
            1645441829.471757,
            1645441829.471788,
            1645441829.480446,
            1645441829.480526,
            1645441829.480538,
            1645441829.481383,
            1645441829.481389,
            1645441829.481397,
            1645441829.4814,
            1645441829.590185,
            1645441829.590224,
            1645441829.599374,
            1645441829.599468,
            1645441829.599482,
            1645441829.600376,
            1645441829.600381,
            1645441829.600382,
            1645441829.600386,
            1645441829.918468,
            1645441829.918508,
            1645441829.927411,
            1645441829.927449,
            1645441829.927464,
            1645441829.928335,
            1645441829.928344,
            1645441829.928349,
            1645441829.928353,
            1645441830.162318,
            1645441830.162363,
            1645441830.171438,
            1645441830.171459,
            1645441830.171467,
            1645441830.172362,
            1645441830.172374,
            1645441830.172456,
            1645441830.172461
        ],
        "ps_list": [
            158,
            184,
            225,
            66,
            121,
            66,
            101,
            66,
            97,
            66,
            101,
            66,
            97,
            191,
            66,
            260,
            66,
            66,
            121,
            225,
            66,
            66,
            101,
            66,
            144,
            66,
            255,
            66,
            121,
            225,
            66,
            101,
            66,
            122,
            66,
            252,
            66,
            121,
            225,
            66,
            101,
            66,
            122,
            66,
            256,
            66,
            121,
            225,
            66,
            101,
            66,
            119,
            66,
            297,
            66,
            121,
            225,
            66,
            101,
            66,
            144,
            66,
            272,
            66
        ],
        "direction_list": [
            0,
            0,
            0,
            1,
            1,
            0,
            1,
            0,
            1,
            0,
            1,
            0,
            0,
            1,
            0,
            1,
            0,
            1,
            0,
            0,
            1,
            1,
            1,
            0,
            1,
            0,
            1,
            0,
            0,
            0,
            1,
            1,
            0,
            1,
            0,
            1,
            0,
            0,
            0,
            1,
            1,
            0,
            1,
            0,
            1,
            0,
            0,
            0,
            1,
            1,
            0,
            1,
            0,
            1,
            0,
            0,
            0,
            1,
            1,
            0,
            1,
            0,
            1,
            0
        ],
        "piat_list": [
            0.3139972686767578,
            0.2281665802001953,
            0.025987625122070312,
            8.65793228149414,
            0.04696846008300781,
            0.019073486328125,
            0.025987625122070312,
            0.007867813110351562,
            0.07796287536621094,
            0.007152557373046875,
            0.00286102294921875,
            0.0050067901611328125,
            0.06508827209472656,
            0.7679462432861328,
            0.0209808349609375,
            0.015974044799804688,
            0.007152557373046875,
            47.97983169555664,
            326.6911506652832,
            0.041961669921875,
            8.332014083862305,
            0.03790855407714844,
            0.12111663818359375,
            0.0209808349609375,
            0.7579326629638672,
            0.015974044799804688,
            0.013113021850585938,
            0.0059604644775390625,
            85.3419303894043,
            0.030994415283203125,
            8.658170700073242,
            0.07987022399902344,
            0.011920928955078125,
            0.8451938629150391,
            0.0059604644775390625,
            0.007867813110351562,
            0.0030994415283203125,
            108.78491401672363,
            0.03910064697265625,
            9.150028228759766,
            0.09393692016601562,
            0.014066696166992188,
            0.8938312530517578,
            0.0050067901611328125,
            0.0011920928955078125,
            0.003814697265625,
            318.0820941925049,
            0.0400543212890625,
            8.903026580810547,
            0.03790855407714844,
            0.015020370483398438,
            0.8709430694580078,
            0.009059906005859375,
            0.0050067901611328125,
            0.0040531158447265625,
            233.9649200439453,
            0.04506111145019531,
            9.074926376342773,
            0.0209808349609375,
            0.008106231689453125,
            0.8950233459472656,
            0.011920928955078125,
            0.0820159912109375,
            0.0050067901611328125
        ]
    }
}