{
    "(2886734945, 3741713926, 34470, 443, 'tcp', 0)": {
        "ts_list": [
            1645418039.152908,
            1645418039.153086,
            1645418039.153109,
            1645418039.179002,
            1645418039.179049,
            1645418039.179072,
            1645418039.179076,
            1645418039.179079,
            1645418039.179087,
            1645418039.17909,
            1645418039.179185,
            1645418039.179188,
            1645418039.179952,
            1645418039.179955,
            1645418039.179957,
            1645418039.179961,
            1645418039.183715,
            1645418039.25001,
            1645418039.422669,
            1645418039.422701,
            1645418039.449007,
            1645418039.449029,
            1645418039.449077,
            1645418039.449091,
            1645418039.450071,
            1645418039.450075,
            1645418039.450169,
            1645418039.450173,
            1645418039.528716,
            1645418039.528742,
            1645418039.555014,
            1645418039.555038,
            1645418039.555051,
            1645418039.55604,
            1645418039.556044,
            1645418039.55614,
            1645418039.556143
        ],
        "ps_list": [
            158,
            184,
            225,
            66,
            121,
            66,
            101,
            66,
            97,
            66,
            101,
            66,
            189,
            66,
            260,
            66,
            97,
            66,
            121,
            225,
            66,
            66,
            101,
            66,
            122,
            66,
            255,
            66,
            121,
            225,
            66,
            101,
            66,
            122,
            66,
            290,
            66
        ],
        "direction_list": [
            0,
            0,
            0,
            1,
            1,
            0,
            1,
            0,
            1,
            0,
            1,
            0,
            1,
            0,
            1,
            0,
            0,
            1,
            0,
            0,
            1,
            1,
            1,
            0,
            1,
            0,
            1,
            0,
            0,
            0,
            1,
            1,
            0,
            1,
            0,
            1,
            0
        ],
        "piat_list": [
            0.26297569274902344,
            0.17786026000976562,
            0.023126602172851562,
            25.892972946166992,
            0.04696846008300781,
            0.02288818359375,
            0.0040531158447265625,
            0.0030994415283203125,
            0.007867813110351562,
            0.0030994415283203125,
            0.09489059448242188,
            0.0030994415283203125,
            0.7638931274414062,
            0.0030994415283203125,
            0.0019073486328125,
            0.0040531158447265625,
            3.754138946533203,
            66.29490852355957,
            172.65892028808594,
            0.031948089599609375,
            26.30615234375,
            0.02193450927734375,
            0.04792213439941406,
            0.014066696166992188,
            0.9801387786865234,
            0.003814697265625,
            0.09417533874511719,
            0.003814697265625,
            78.54318618774414,
            0.025987625122070312,
            26.271820068359375,
            0.024080276489257812,
            0.013113021850585938,
            0.9889602661132812,
            0.0040531158447265625,
            0.09584426879882812,
            0.0030994415283203125
        ]
    }
}