{
    "(2886734945, 3741713926, 34522, 443, 'tcp', 0)": {
        "ts_list": [
            1645418211.574745,
            1645418211.575104,
            1645418211.575133,
            1645418211.604931,
            1645418211.60496,
            1645418211.604965,
            1645418211.604978,
            1645418211.605013,
            1645418211.605018,
            1645418211.60502,
            1645418211.605023,
            1645418211.60513,
            1645418211.605928,
            1645418211.605937,
            1645418211.606025,
            1645418211.60603,
            1645418211.675055,
            1645418211.848057,
            1645418211.848096,
            1645418211.87805,
            1645418211.878075,
            1645418211.878079,
            1645418211.878093,
            1645418211.87897,
            1645418211.87898,
            1645418211.878988,
            1645418211.878992,
            1645418211.9796,
            1645418211.979628,
            1645418212.010021,
            1645418212.010049,
            1645418212.010063,
            1645418212.01107,
            1645418212.011075,
            1645418212.011081,
            1645418212.011085
        ],
        "ps_list": [
            158,
            184,
            225,
            66,
            66,
            121,
            66,
            110,
            66,
            101,
            66,
            97,
            191,
            66,
            260,
            66,
            66,
            121,
            225,
            66,
            66,
            101,
            66,
            121,
            66,
            255,
            66,
            121,
            225,
            66,
            101,
            66,
            121,
            66,
            290,
            66
        ],
        "direction_list": [
            0,
            0,
            0,
            1,
            1,
            1,
            0,
            1,
            0,
            1,
            0,
            0,
            1,
            0,
            1,
            0,
            1,
            0,
            0,
            1,
            1,
            1,
            0,
            1,
            0,
            1,
            0,
            0,
            0,
            1,
            1,
            0,
            1,
            0,
            1,
            0
        ],
        "piat_list": [
            0.29587745666503906,
            0.3590583801269531,
            0.029087066650390625,
            29.798030853271484,
            0.028848648071289062,
            0.0050067901611328125,
            0.013113021850585938,
            0.034809112548828125,
            0.0050067901611328125,
            0.0021457672119140625,
            0.00286102294921875,
            0.10704994201660156,
            0.7979869842529297,
            0.009059906005859375,
            0.08797645568847656,
            0.0050067901611328125,
            69.02503967285156,
            173.0020046234131,
            0.03886222839355469,
            29.954195022583008,
            0.0247955322265625,
            0.0040531158447265625,
            0.014066696166992188,
            0.8769035339355469,
            0.010013580322265625,
            0.008106231689453125,
            0.0040531158447265625,
            100.60787200927734,
            0.028133392333984375,
            30.392885208129883,
            0.028133392333984375,
            0.013828277587890625,
            1.007080078125,
            0.0050067901611328125,
            0.0059604644775390625,
            0.0040531158447265625
        ]
    }
}