{
    "(2886734945, 3741713926, 50064, 443, 'tcp', 0)": {
        "ts_list": [
            1644810388.80322,
            1644810388.803397,
            1644810388.803419,
            1644810388.829035,
            1644810388.829062,
            1644810388.829075,
            1644810388.829089,
            1644810388.829093,
            1644810388.829216,
            1644810388.829219,
            1644810388.829229,
            1644810388.830006,
            1644810388.83001,
            1644810388.830104,
            1644810388.830108,
            1644810388.895125,
            1644810389.041453,
            1644810389.041488,
            1644810389.067073,
            1644810389.067095,
            1644810389.067104,
            1644810389.067116,
            1644810389.068068,
            1644810389.068074,
            1644810389.068081,
            1644810389.068085,
            1644810389.114029,
            1644810389.114059,
            1644810389.140164,
            1644810389.140185,
            1644810389.140195,
            1644810389.141011,
            1644810389.141025,
            1644810389.141126,
            1644810389.141134
        ],
        "ps_list": [
            158,
            184,
            225,
            66,
            121,
            66,
            110,
            66,
            101,
            97,
            66,
            190,
            66,
            260,
            66,
            66,
            121,
            225,
            66,
            66,
            101,
            66,
            145,
            66,
            255,
            66,
            121,
            225,
            66,
            101,
            66,
            121,
            66,
            253,
            66
        ],
        "direction_list": [
            0,
            0,
            0,
            1,
            1,
            0,
            1,
            0,
            1,
            0,
            0,
            1,
            0,
            1,
            0,
            1,
            0,
            0,
            1,
            1,
            1,
            0,
            1,
            0,
            1,
            0,
            0,
            0,
            1,
            1,
            0,
            1,
            0,
            1,
            0
        ],
        "piat_list": [
            0.2560615539550781,
            0.17690658569335938,
            0.022172927856445312,
            25.615930557250977,
            0.026941299438476562,
            0.013113021850585938,
            0.013828277587890625,
            0.0040531158447265625,
            0.12302398681640625,
            0.0030994415283203125,
            0.010013580322265625,
            0.7767677307128906,
            0.0040531158447265625,
            0.09417533874511719,
            0.003814697265625,
            65.0169849395752,
            146.32797241210938,
            0.03504753112792969,
            25.585174560546875,
            0.02193450927734375,
            0.009059906005859375,
            0.011920928955078125,
            0.9520053863525391,
            0.0059604644775390625,
            0.0069141387939453125,
            0.0040531158447265625,
            45.9439754486084,
            0.030040740966796875,
            26.10492706298828,
            0.021219253540039062,
            0.009775161743164062,
            0.8161067962646484,
            0.014066696166992188,
            0.10085105895996094,
            0.008106231689453125
        ]
    }
}