{
    "(2886734945, 3741648133, 35858, 443, 'tcp', 0)": {
        "ts_list": [
            1644810954.398208,
            1644810954.398369,
            1644810954.398391,
            1644810954.406062,
            1644810954.406094,
            1644810954.406218,
            1644810954.406955,
            1644810954.407053,
            1644810954.407058,
            1644810954.407154,
            1644810954.407158,
            1644810954.407256,
            1644810954.40726,
            1644810954.40795,
            1644810954.407954,
            1644810954.408082,
            1644810954.408086,
            1644810954.454039,
            1644810954.698648,
            1644810954.698681,
            1644810954.707014,
            1644810954.707035,
            1644810954.707198,
            1644810954.707211,
            1644810954.708069,
            1644810954.708084,
            1644810954.708102,
            1644810954.708107,
            1644810954.7658,
            1644810954.765829,
            1644810954.774068,
            1644810954.774143
        ],
        "ps_list": [
            158,
            184,
            225,
            121,
            66,
            97,
            66,
            101,
            66,
            97,
            66,
            101,
            66,
            191,
            66,
            260,
            66,
            66,
            121,
            225,
            66,
            66,
            101,
            66,
            121,
            66,
            255,
            66,
            121,
            225,
            66,
            101
        ],
        "direction_list": [
            0,
            0,
            0,
            1,
            0,
            0,
            1,
            1,
            0,
            1,
            0,
            1,
            0,
            1,
            0,
            1,
            0,
            1,
            0,
            0,
            1,
            1,
            1,
            0,
            1,
            0,
            1,
            0,
            0,
            0,
            1,
            1
        ],
        "piat_list": [
            0.2357959747314453,
            0.16117095947265625,
            0.02193450927734375,
            7.670879364013672,
            0.03218650817871094,
            0.1239776611328125,
            0.7369518280029297,
            0.09799003601074219,
            0.0050067901611328125,
            0.09608268737792969,
            0.003814697265625,
            0.09799003601074219,
            0.0040531158447265625,
            0.6899833679199219,
            0.0040531158447265625,
            0.12803077697753906,
            0.0040531158447265625,
            45.95303535461426,
            244.60887908935547,
            0.03314018249511719,
            8.332967758178711,
            0.0209808349609375,
            0.1628398895263672,
            0.013113021850585938,
            0.8580684661865234,
            0.015020370483398438,
            0.017881393432617188,
            0.0050067901611328125,
            57.6930046081543,
            0.029087066650390625,
            8.239030838012695,
            0.07486343383789062
        ]
    }
}