{
    "(2886734945, 3741713926, 44724, 443, 'tcp', 0)": {
        "ts_list": [
            1645137219.56643,
            1645137219.566642,
            1645137219.566663,
            1645137219.591617,
            1645137219.591642,
            1645137219.591665,
            1645137219.591677,
            1645137219.591681,
            1645137219.591794,
            1645137219.591799,
            1645137219.591827,
            1645137219.592688,
            1645137219.592694,
            1645137219.5927,
            1645137219.592704,
            1645137219.656709,
            1645137219.83367,
            1645137219.833709,
            1645137219.858752,
            1645137219.858767,
            1645137219.858771,
            1645137219.858783,
            1645137219.85964,
            1645137219.859651,
            1645137219.85978,
            1645137219.859786,
            1645137219.910111,
            1645137219.910142,
            1645137219.935699,
            1645137219.935808,
            1645137219.935818,
            1645137219.936668,
            1645137219.936679,
            1645137219.93669,
            1645137219.936696,
            1645137219.966708,
            1645137219.966742,
            1645137219.991757,
            1645137219.991788,
            1645137219.992652,
            1645137219.992708,
            1645137219.99275,
            1645137220.034789,
            1645137221.301225,
            1645137221.301261,
            1645137221.301308,
            1645137221.326591,
            1645137221.326613,
            1645137221.326627,
            1645137221.326782,
            1645137221.326788,
            1645137221.327708,
            1645137221.327713,
            1645137221.327715,
            1645137221.327718
        ],
        "ps_list": [
            158,
            184,
            225,
            66,
            121,
            66,
            110,
            66,
            101,
            66,
            97,
            190,
            66,
            260,
            66,
            66,
            121,
            225,
            66,
            66,
            101,
            66,
            122,
            66,
            255,
            66,
            121,
            225,
            66,
            101,
            66,
            122,
            66,
            250,
            66,
            121,
            225,
            66,
            101,
            121,
            66,
            474,
            66,
            121,
            225,
            280,
            66,
            101,
            66,
            101,
            66,
            342,
            66,
            332,
            66
        ],
        "direction_list": [
            0,
            0,
            0,
            1,
            1,
            0,
            1,
            0,
            1,
            0,
            0,
            1,
            0,
            1,
            0,
            1,
            0,
            0,
            1,
            1,
            1,
            0,
            1,
            0,
            1,
            0,
            0,
            0,
            1,
            1,
            0,
            1,
            0,
            1,
            0,
            0,
            0,
            1,
            1,
            1,
            0,
            1,
            0,
            0,
            0,
            0,
            1,
            1,
            0,
            1,
            0,
            1,
            0,
            1,
            0
        ],
        "piat_list": [
            0.34999847412109375,
            0.21195411682128906,
            0.0209808349609375,
            24.95408058166504,
            0.0247955322265625,
            0.023126602172851562,
            0.011920928955078125,
            0.0040531158447265625,
            0.11301040649414062,
            0.0050067901611328125,
            0.027894973754882812,
            0.8611679077148438,
            0.0059604644775390625,
            0.0059604644775390625,
            0.0040531158447265625,
            64.00489807128906,
            176.96094512939453,
            0.03910064697265625,
            25.043010711669922,
            0.015020370483398438,
            0.0040531158447265625,
            0.011920928955078125,
            0.8568763732910156,
            0.011205673217773438,
            0.1289844512939453,
            0.0059604644775390625,
            50.32491683959961,
            0.030994415283203125,
            25.55704116821289,
            0.10895729064941406,
            0.010013580322265625,
            0.8499622344970703,
            0.010967254638671875,
            0.011205673217773438,
            0.0059604644775390625,
            30.011892318725586,
            0.03409385681152344,
            25.014877319335938,
            0.030994415283203125,
            0.8640289306640625,
            0.05602836608886719,
            0.041961669921875,
            42.03915596008301,
            1266.4358615875244,
            0.03600120544433594,
            0.04696846008300781,
            25.283098220825195,
            0.02193450927734375,
            0.014066696166992188,
            0.15497207641601562,
            0.0059604644775390625,
            0.9200572967529297,
            0.0050067901611328125,
            0.0019073486328125,
            0.0030994415283203125
        ]
    }
}