{
    "(2886734945, 3741648133, 53598, 443, 'tcp', 0)": {
        "ts_list": [
            1645687835.188357,
            1645687835.188597,
            1645687835.188633,
            1645687835.19642,
            1645687835.196457,
            1645687835.196477,
            1645687835.196486,
            1645687835.196489,
            1645687835.196493,
            1645687835.196593,
            1645687835.196705,
            1645687835.196804,
            1645687835.196808,
            1645687835.196905,
            1645687835.196911,
            1645687835.196918,
            1645687835.196923,
            1645687835.244022,
            1645687835.588197,
            1645687835.588246,
            1645687835.596273,
            1645687835.59631,
            1645687835.596472,
            1645687835.596486,
            1645687835.596498,
            1645687835.596502,
            1645687835.596507,
            1645687835.596515,
            1645687835.686947,
            1645687835.686977,
            1645687835.694336,
            1645687835.69436,
            1645687835.69503,
            1645687835.695063,
            1645687835.695076,
            1645687835.695093,
            1645687835.695097,
            1645687835.695215,
            1645687835.69522,
            1645687835.702382,
            1645687835.702469,
            1645687835.702481,
            1645687835.702573,
            1645687835.702582,
            1645687835.702594,
            1645687835.702599,
            1645687835.929941,
            1645687835.929972,
            1645687835.937987,
            1645687835.938008,
            1645687835.938017,
            1645687835.938068,
            1645687835.938072,
            1645687835.938075,
            1645687835.938078,
            1645687836.258182,
            1645687836.258221,
            1645687836.26797,
            1645687836.268001,
            1645687836.270217,
            1645687836.270346,
            1645687836.270355,
            1645687836.270458,
            1645687836.270467,
            1645687836.270602,
            1645687836.270607,
            1645687836.275981,
            1645687836.275991,
            1645687836.275997,
            1645687836.276076,
            1645687836.27608,
            1645687836.276082,
            1645687836.276086
        ],
        "ps_list": [
            158,
            184,
            225,
            121,
            66,
            101,
            66,
            97,
            66,
            97,
            66,
            101,
            66,
            191,
            66,
            260,
            66,
            66,
            121,
            225,
            66,
            66,
            101,
            66,
            122,
            66,
            255,
            66,
            121,
            225,
            121,
            225,
            66,
            101,
            66,
            122,
            66,
            251,
            66,
            66,
            101,
            66,
            120,
            66,
            325,
            66,
            121,
            225,
            66,
            101,
            66,
            107,
            66,
            327,
            66,
            121,
            225,
            121,
            225,
            66,
            101,
            66,
            143,
            66,
            297,
            66,
            66,
            101,
            66,
            120,
            66,
            332,
            66
        ],
        "direction_list": [
            0,
            0,
            0,
            1,
            0,
            1,
            0,
            1,
            0,
            0,
            1,
            1,
            0,
            1,
            0,
            1,
            0,
            1,
            0,
            0,
            1,
            1,
            1,
            0,
            1,
            0,
            1,
            0,
            0,
            0,
            0,
            0,
            1,
            1,
            0,
            1,
            0,
            1,
            0,
            1,
            1,
            0,
            1,
            0,
            1,
            0,
            0,
            0,
            1,
            1,
            0,
            1,
            0,
            1,
            0,
            0,
            0,
            0,
            0,
            1,
            1,
            0,
            1,
            0,
            1,
            0,
            1,
            1,
            0,
            1,
            0,
            1,
            0
        ],
        "piat_list": [
            0.30303001403808594,
            0.23984909057617188,
            0.03600120544433594,
            7.786989212036133,
            0.03695487976074219,
            0.02002716064453125,
            0.009059906005859375,
            0.0030994415283203125,
            0.003814697265625,
            0.10013580322265625,
            0.11205673217773438,
            0.09894371032714844,
            0.0040531158447265625,
            0.09679794311523438,
            0.006198883056640625,
            0.0069141387939453125,
            0.0050067901611328125,
            47.09887504577637,
            344.1751003265381,
            0.049114227294921875,
            8.026838302612305,
            0.03695487976074219,
            0.1621246337890625,
            0.014066696166992188,
            0.011920928955078125,
            0.0040531158447265625,
            0.0050067901611328125,
            0.007867813110351562,
            90.43216705322266,
            0.029802322387695312,
            7.359027862548828,
            0.024080276489257812,
            0.6699562072753906,
            0.03314018249511719,
            0.012874603271484375,
            0.016927719116210938,
            0.0040531158447265625,
            0.11801719665527344,
            0.0050067901611328125,
            7.1620941162109375,
            0.08702278137207031,
            0.011920928955078125,
            0.09202957153320312,
            0.008821487426757812,
            0.012159347534179688,
            0.0050067901611328125,
            227.341890335083,
            0.030994415283203125,
            8.015155792236328,
            0.0209808349609375,
            0.008821487426757812,
            0.051021575927734375,
            0.0040531158447265625,
            0.0030994415283203125,
            0.00286102294921875,
            320.10412216186523,
            0.03886222839355469,
            9.749174118041992,
            0.030994415283203125,
            2.215862274169922,
            0.1289844512939453,
            0.009059906005859375,
            0.102996826171875,
            0.009059906005859375,
            0.13494491577148438,
            0.0050067901611328125,
            5.373954772949219,
            0.010013580322265625,
            0.0059604644775390625,
            0.07915496826171875,
            0.003814697265625,
            0.0021457672119140625,
            0.0040531158447265625
        ]
    }
}