{
    "(2886734945, 3741648133, 54034, 443, 'tcp', 0)": {
        "ts_list": [
            1645688404.051123,
            1645688404.051305,
            1645688404.051329,
            1645688404.059971,
            1645688404.060001,
            1645688404.06012,
            1645688404.060125,
            1645688404.060131,
            1645688404.060138,
            1645688404.060142,
            1645688404.060347,
            1645688404.060352,
            1645688404.060356,
            1645688404.060448,
            1645688404.060452,
            1645688404.060456,
            1645688404.060459,
            1645688404.108942,
            1645688404.422319,
            1645688404.422359,
            1645688404.431179,
            1645688404.431202,
            1645688404.431363,
            1645688404.43137,
            1645688404.431376,
            1645688404.43138,
            1645688404.431465,
            1645688404.431471,
            1645688404.543673,
            1645688404.543712,
            1645688404.545278,
            1645688404.545307,
            1645688404.552634,
            1645688404.552704,
            1645688404.552715,
            1645688404.5528,
            1645688404.552805,
            1645688404.552811,
            1645688404.552815,
            1645688404.554212,
            1645688404.554316,
            1645688404.554322,
            1645688404.554329,
            1645688404.554333,
            1645688404.554415,
            1645688404.554419,
            1645688404.775141,
            1645688404.775182,
            1645688404.784104,
            1645688404.784237,
            1645688404.784249,
            1645688404.784255,
            1645688404.784259,
            1645688404.78444,
            1645688404.784446,
            1645688405.053748,
            1645688405.0538,
            1645688405.062786,
            1645688405.062814,
            1645688405.062825,
            1645688405.062835,
            1645688405.062839,
            1645688405.062842,
            1645688405.062847,
            1645688405.141336,
            1645688405.141367,
            1645688405.150279,
            1645688405.150414,
            1645688405.150427,
            1645688405.150435,
            1645688405.150439,
            1645688405.150443,
            1645688405.150446
        ],
        "ps_list": [
            158,
            184,
            225,
            121,
            66,
            101,
            97,
            97,
            66,
            66,
            66,
            101,
            66,
            191,
            66,
            260,
            66,
            66,
            121,
            225,
            66,
            66,
            101,
            66,
            121,
            66,
            255,
            66,
            121,
            225,
            121,
            225,
            66,
            101,
            66,
            120,
            66,
            251,
            66,
            66,
            101,
            66,
            120,
            66,
            325,
            66,
            121,
            225,
            66,
            101,
            66,
            120,
            66,
            327,
            66,
            121,
            225,
            66,
            101,
            66,
            144,
            66,
            297,
            66,
            121,
            225,
            66,
            101,
            66,
            108,
            66,
            332,
            66
        ],
        "direction_list": [
            0,
            0,
            0,
            1,
            0,
            1,
            1,
            0,
            0,
            0,
            1,
            1,
            0,
            1,
            0,
            1,
            0,
            1,
            0,
            0,
            1,
            1,
            1,
            0,
            1,
            0,
            1,
            0,
            0,
            0,
            0,
            0,
            1,
            1,
            0,
            1,
            0,
            1,
            0,
            1,
            1,
            0,
            1,
            0,
            1,
            0,
            0,
            0,
            1,
            1,
            0,
            1,
            0,
            1,
            0,
            0,
            0,
            1,
            1,
            0,
            1,
            0,
            1,
            0,
            0,
            0,
            1,
            1,
            0,
            1,
            0,
            1,
            0
        ],
        "piat_list": [
            0.3027915954589844,
            0.18215179443359375,
            0.02384185791015625,
            8.642196655273438,
            0.029802322387695312,
            0.11920928955078125,
            0.0050067901611328125,
            0.0059604644775390625,
            0.0069141387939453125,
            0.0040531158447265625,
            0.20503997802734375,
            0.0050067901611328125,
            0.003814697265625,
            0.09202957153320312,
            0.0040531158447265625,
            0.0040531158447265625,
            0.00286102294921875,
            48.48313331604004,
            313.37690353393555,
            0.0400543212890625,
            8.820056915283203,
            0.02288818359375,
            0.16117095947265625,
            0.0069141387939453125,
            0.0059604644775390625,
            0.0040531158447265625,
            0.08487701416015625,
            0.006198883056640625,
            112.20192909240723,
            0.03886222839355469,
            1.566171646118164,
            0.028848648071289062,
            7.327079772949219,
            0.07009506225585938,
            0.010967254638671875,
            0.08487701416015625,
            0.0050067901611328125,
            0.0059604644775390625,
            0.0040531158447265625,
            1.3971328735351562,
            0.10395050048828125,
            0.0059604644775390625,
            0.0069141387939453125,
            0.0040531158447265625,
            0.0820159912109375,
            0.0040531158447265625,
            220.72196006774902,
            0.04100799560546875,
            8.922100067138672,
            0.1327991485595703,
            0.012159347534179688,
            0.0059604644775390625,
            0.0040531158447265625,
            0.18095970153808594,
            0.0059604644775390625,
            269.3018913269043,
            0.05221366882324219,
            8.98599624633789,
            0.027894973754882812,
            0.010967254638671875,
            0.010013580322265625,
            0.0040531158447265625,
            0.00286102294921875,
            0.0050067901611328125,
            78.48906517028809,
            0.030994415283203125,
            8.912086486816406,
            0.13494491577148438,
            0.013113021850585938,
            0.007867813110351562,
            0.0040531158447265625,
            0.0040531158447265625,
            0.00286102294921875
        ]
    }
}