{
    "(2886734945, 3741648133, 47028, 443, 'tcp', 0)": {
        "ts_list": [
            1645742677.450689,
            1645742677.450982,
            1645742677.451046,
            1645742677.458822,
            1645742677.458843,
            1645742677.458958,
            1645742677.459457,
            1645742677.459586,
            1645742677.459595,
            1645742677.459691,
            1645742677.459699,
            1645742677.459702,
            1645742677.459709,
            1645742677.459712,
            1645742677.459716,
            1645742677.45972,
            1645742677.459724,
            1645742677.507363,
            1645742677.829258,
            1645742677.829292,
            1645742677.837777,
            1645742677.837797,
            1645742677.83795,
            1645742677.837959,
            1645742677.837972,
            1645742677.837978,
            1645742677.837985,
            1645742677.83799,
            1645742677.939298,
            1645742677.939323,
            1645742677.947659,
            1645742677.947675,
            1645742677.947681,
            1645742677.947753,
            1645742677.94776,
            1645742677.947765,
            1645742677.94777,
            1645742679.575287,
            1645742679.575337,
            1645742679.58409,
            1645742679.584117,
            1645742679.584128,
            1645742679.584266,
            1645742679.58427,
            1645742679.584271,
            1645742679.584277,
            1645742679.769539,
            1645742679.769574,
            1645742679.778066,
            1645742679.778083,
            1645742679.778092,
            1645742679.778104,
            1645742679.778108,
            1645742679.778118,
            1645742679.778121
        ],
        "ps_list": [
            158,
            184,
            225,
            121,
            66,
            97,
            66,
            101,
            66,
            97,
            66,
            101,
            66,
            190,
            66,
            260,
            66,
            66,
            121,
            225,
            66,
            66,
            101,
            66,
            121,
            66,
            255,
            66,
            121,
            225,
            66,
            101,
            66,
            121,
            66,
            250,
            66,
            121,
            225,
            66,
            101,
            66,
            143,
            66,
            297,
            66,
            121,
            225,
            66,
            101,
            66,
            121,
            66,
            272,
            66
        ],
        "direction_list": [
            0,
            0,
            0,
            1,
            0,
            0,
            1,
            1,
            0,
            1,
            0,
            1,
            0,
            1,
            0,
            1,
            0,
            1,
            0,
            0,
            1,
            1,
            1,
            0,
            1,
            0,
            1,
            0,
            0,
            0,
            1,
            1,
            0,
            1,
            0,
            1,
            0,
            0,
            0,
            1,
            1,
            0,
            1,
            0,
            1,
            0,
            0,
            0,
            1,
            1,
            0,
            1,
            0,
            1,
            0
        ],
        "piat_list": [
            0.39505958557128906,
            0.2930164337158203,
            0.06389617919921875,
            7.776021957397461,
            0.0209808349609375,
            0.11491775512695312,
            0.4990100860595703,
            0.1289844512939453,
            0.009059906005859375,
            0.09608268737792969,
            0.007867813110351562,
            0.0030994415283203125,
            0.0069141387939453125,
            0.0030994415283203125,
            0.0040531158447265625,
            0.003814697265625,
            0.0040531158447265625,
            47.63913154602051,
            321.89488410949707,
            0.03409385681152344,
            8.484840393066406,
            0.02002716064453125,
            0.15306472778320312,
            0.009059906005859375,
            0.012874603271484375,
            0.0059604644775390625,
            0.007152557373046875,
            0.0050067901611328125,
            101.30786895751953,
            0.025033950805664062,
            8.336067199707031,
            0.015974044799804688,
            0.0059604644775390625,
            0.07200241088867188,
            0.007152557373046875,
            0.0050067901611328125,
            0.0050067901611328125,
            1627.5169849395752,
            0.04982948303222656,
            8.753061294555664,
            0.026941299438476562,
            0.010967254638671875,
            0.1380443572998047,
            0.0040531158447265625,
            0.00095367431640625,
            0.0059604644775390625,
            185.26220321655273,
            0.034809112548828125,
            8.491992950439453,
            0.0171661376953125,
            0.008821487426757812,
            0.012159347534179688,
            0.003814697265625,
            0.010013580322265625,
            0.0030994415283203125
        ]
    }
}