{
    "(2886734945, 3741648133, 43254, 443, 'tcp', 0)": {
        "ts_list": [
            1645589812.637568,
            1645589812.637822,
            1645589812.637873,
            1645589812.647319,
            1645589812.647348,
            1645589812.647361,
            1645589812.647379,
            1645589812.647383,
            1645589812.64752,
            1645589812.648304,
            1645589812.648316,
            1645589812.648322,
            1645589812.649333,
            1645589812.649343,
            1645589812.649353,
            1645589812.649357,
            1645589812.697307,
            1645589812.992842,
            1645589812.992879,
            1645589813.00317,
            1645589813.003193,
            1645589813.003402,
            1645589813.003413,
            1645589813.00424,
            1645589813.004246,
            1645589813.004365,
            1645589813.004369,
            1645589813.10996,
            1645589813.10999,
            1645589813.111619,
            1645589813.111643,
            1645589813.120273,
            1645589813.120345,
            1645589813.120355,
            1645589813.121305,
            1645589813.121319,
            1645589813.121325,
            1645589813.121329,
            1645589813.121394,
            1645589813.121398,
            1645589813.12229,
            1645589813.122301,
            1645589813.122388,
            1645589813.122392,
            1645589813.643727,
            1645589813.64377,
            1645589813.653421,
            1645589813.653478,
            1645589813.653497,
            1645589813.654301,
            1645589813.654319,
            1645589813.654326,
            1645589813.654332,
            1645589813.882373,
            1645589813.882405,
            1645589813.892324,
            1645589813.892341,
            1645589813.892352,
            1645589813.893294,
            1645589813.893308,
            1645589813.893312,
            1645589813.893318,
            1645589813.90262,
            1645589813.902646,
            1645589813.912292,
            1645589813.912385,
            1645589813.913383,
            1645589813.91339,
            1645589813.913459,
            1645589814.534707,
            1645589814.534743,
            1645589814.544301,
            1645589814.54447,
            1645589814.545315,
            1645589814.545322,
            1645589814.545358
        ],
        "ps_list": [
            158,
            184,
            225,
            66,
            121,
            66,
            110,
            66,
            97,
            66,
            101,
            66,
            190,
            66,
            260,
            66,
            66,
            121,
            225,
            66,
            66,
            101,
            66,
            121,
            66,
            255,
            66,
            121,
            225,
            121,
            225,
            66,
            101,
            66,
            145,
            66,
            252,
            66,
            101,
            66,
            121,
            66,
            1030,
            66,
            121,
            225,
            66,
            101,
            66,
            120,
            66,
            297,
            66,
            121,
            225,
            66,
            101,
            66,
            121,
            66,
            272,
            66,
            121,
            225,
            66,
            101,
            122,
            640,
            66,
            121,
            225,
            66,
            101,
            144,
            569,
            66
        ],
        "direction_list": [
            0,
            0,
            0,
            1,
            1,
            0,
            1,
            0,
            0,
            1,
            1,
            0,
            1,
            0,
            1,
            0,
            1,
            0,
            0,
            1,
            1,
            1,
            0,
            1,
            0,
            1,
            0,
            0,
            0,
            0,
            0,
            1,
            1,
            0,
            1,
            0,
            1,
            0,
            1,
            0,
            1,
            0,
            1,
            0,
            0,
            0,
            1,
            1,
            0,
            1,
            0,
            1,
            0,
            0,
            0,
            1,
            1,
            0,
            1,
            0,
            1,
            0,
            0,
            0,
            1,
            1,
            1,
            1,
            0,
            0,
            0,
            1,
            1,
            1,
            1,
            0
        ],
        "piat_list": [
            0.3330707550048828,
            0.25391578674316406,
            0.051021575927734375,
            9.446144104003906,
            0.028848648071289062,
            0.013113021850585938,
            0.017881393432617188,
            0.0040531158447265625,
            0.13709068298339844,
            0.7839202880859375,
            0.011920928955078125,
            0.006198883056640625,
            1.010894775390625,
            0.010013580322265625,
            0.010013580322265625,
            0.0040531158447265625,
            47.950029373168945,
            295.5348491668701,
            0.03695487976074219,
            10.291099548339844,
            0.02288818359375,
            0.2090930938720703,
            0.010967254638671875,
            0.8270740509033203,
            0.0059604644775390625,
            0.11897087097167969,
            0.0040531158447265625,
            105.5910587310791,
            0.029802322387695312,
            1.6291141510009766,
            0.024080276489257812,
            8.630037307739258,
            0.07200241088867188,
            0.009775161743164062,
            0.9500980377197266,
            0.014066696166992188,
            0.0059604644775390625,
            0.0040531158447265625,
            0.064849853515625,
            0.0040531158447265625,
            0.8919239044189453,
            0.011205673217773438,
            0.08678436279296875,
            0.0040531158447265625,
            521.3351249694824,
            0.04291534423828125,
            9.650945663452148,
            0.05698204040527344,
            0.019073486328125,
            0.8039474487304688,
            0.01811981201171875,
            0.0069141387939453125,
            0.0059604644775390625,
            228.0411720275879,
            0.031948089599609375,
            9.918928146362305,
            0.016927719116210938,
            0.011205673217773438,
            0.9419918060302734,
            0.013828277587890625,
            0.0040531158447265625,
            0.0059604644775390625,
            9.302139282226562,
            0.025987625122070312,
            9.645938873291016,
            0.09298324584960938,
            0.9980201721191406,
            0.0069141387939453125,
            0.06914138793945312,
            621.2480068206787,
            0.03600120544433594,
            9.557962417602539,
            0.1690387725830078,
            0.8449554443359375,
            0.0069141387939453125,
            0.03600120544433594
        ]
    }
}