{
    "(2886734945, 3741713926, 39100, 443, 'tcp', 0)": {
        "ts_list": [
            1644768251.026292,
            1644768251.026459,
            1644768251.026477,
            1644768251.051494,
            1644768251.051519,
            1644768251.051533,
            1644768251.051574,
            1644768251.051579,
            1644768251.05158,
            1644768251.051583,
            1644768251.051676,
            1644768251.052538,
            1644768251.052543,
            1644768251.052548,
            1644768251.052554,
            1644768251.116535,
            1644768251.267037,
            1644768251.267074,
            1644768251.292544,
            1644768251.292555,
            1644768251.292563,
            1644768251.292571,
            1644768251.293484,
            1644768251.293489,
            1644768251.293496,
            1644768251.2935,
            1644768251.333024,
            1644768251.333045,
            1644768251.358542,
            1644768251.358561,
            1644768251.358571,
            1644768251.359541,
            1644768251.359554,
            1644768251.359558,
            1644768251.359561,
            1644768251.861676,
            1644768251.861734,
            1644768251.870788,
            1644768251.870824,
            1644768251.886474,
            1644768251.887243,
            1644768251.887256,
            1644768251.887821,
            1644768251.887832,
            1644768251.887932,
            1644768251.887942,
            1644768251.896517,
            1644768251.896632,
            1644768251.896639,
            1644768251.897201,
            1644768251.89723,
            1644768251.898162,
            1644768251.898168,
            1644768251.898438,
            1644768251.89966,
            1644768251.899679,
            1644768251.922663,
            1644768251.922795,
            1644768251.923602,
            1644768251.923751,
            1644768251.923814,
            1644768251.924625,
            1644768251.924737,
            1644768251.924793,
            1644768251.925612,
            1644768251.92573,
            1644768251.926834,
            1644768251.927695,
            1644768251.927715,
            1644768251.952676,
            1644768251.952808,
            1644768251.953643,
            1644768251.953672,
            1644768251.95381,
            1644768251.994773
        ],
        "ps_list": [
            158,
            184,
            225,
            66,
            121,
            66,
            110,
            66,
            101,
            66,
            97,
            190,
            66,
            260,
            66,
            66,
            121,
            225,
            66,
            66,
            101,
            66,
            121,
            66,
            255,
            66,
            121,
            225,
            66,
            101,
            66,
            121,
            66,
            269,
            66,
            121,
            225,
            121,
            225,
            66,
            101,
            66,
            122,
            66,
            273,
            66,
            66,
            101,
            66,
            121,
            225,
            107,
            257,
            66,
            121,
            225,
            66,
            101,
            120,
            66,
            356,
            66,
            101,
            66,
            122,
            253,
            66,
            121,
            225,
            66,
            101,
            122,
            66,
            272,
            66
        ],
        "direction_list": [
            0,
            0,
            0,
            1,
            1,
            0,
            1,
            0,
            1,
            0,
            0,
            1,
            0,
            1,
            0,
            1,
            0,
            0,
            1,
            1,
            1,
            0,
            1,
            0,
            1,
            0,
            0,
            0,
            1,
            1,
            0,
            1,
            0,
            1,
            0,
            0,
            0,
            0,
            0,
            1,
            1,
            0,
            1,
            0,
            1,
            0,
            1,
            1,
            0,
            0,
            0,
            1,
            1,
            0,
            0,
            0,
            1,
            1,
            1,
            0,
            1,
            1,
            1,
            0,
            1,
            1,
            0,
            0,
            0,
            1,
            1,
            1,
            0,
            1,
            0
        ],
        "piat_list": [
            0.2410411834716797,
            0.16689300537109375,
            0.01811981201171875,
            25.01678466796875,
            0.025033950805664062,
            0.014066696166992188,
            0.04100799560546875,
            0.0050067901611328125,
            0.00095367431640625,
            0.0030994415283203125,
            0.09298324584960938,
            0.8618831634521484,
            0.0050067901611328125,
            0.0050067901611328125,
            0.0059604644775390625,
            63.981056213378906,
            150.50196647644043,
            0.03719329833984375,
            25.46977996826172,
            0.011205673217773438,
            0.007867813110351562,
            0.008106231689453125,
            0.9129047393798828,
            0.0050067901611328125,
            0.0069141387939453125,
            0.0040531158447265625,
            39.524078369140625,
            0.0209808349609375,
            25.496959686279297,
            0.019073486328125,
            0.010013580322265625,
            0.9698867797851562,
            0.013113021850585938,
            0.0040531158447265625,
            0.00286102294921875,
            502.11501121520996,
            0.05793571472167969,
            9.054183959960938,
            0.03600120544433594,
            15.649795532226562,
            0.7691383361816406,
            0.012874603271484375,
            0.5650520324707031,
            0.010967254638671875,
            0.10013580322265625,
            0.010013580322265625,
            8.574962615966797,
            0.11491775512695312,
            0.007152557373046875,
            0.5619525909423828,
            0.028848648071289062,
            0.9319782257080078,
            0.006198883056640625,
            0.26988983154296875,
            1.2221336364746094,
            0.018835067749023438,
            22.984027862548828,
            0.13208389282226562,
            0.8070468902587891,
            0.14901161193847656,
            0.0629425048828125,
            0.8108615875244141,
            0.11205673217773438,
            0.05602836608886719,
            0.8189678192138672,
            0.11801719665527344,
            1.104116439819336,
            0.8609294891357422,
            0.02002716064453125,
            24.960994720458984,
            0.13184547424316406,
            0.8351802825927734,
            0.028848648071289062,
            0.1380443572998047,
            40.962934494018555
        ]
    }
}