{
    "(2886734945, 3741648133, 56518, 443, 'tcp', 0)": {
        "ts_list": [
            1645193992.766544,
            1645193992.766737,
            1645193992.766758,
            1645193992.775013,
            1645193992.775049,
            1645193992.775061,
            1645193992.775065,
            1645193992.775222,
            1645193992.775226,
            1645193992.775322,
            1645193992.775327,
            1645193992.775976,
            1645193992.775981,
            1645193992.776077,
            1645193992.776082,
            1645193992.782003,
            1645193992.830983,
            1645193993.054058,
            1645193993.054092,
            1645193993.062951,
            1645193993.062974,
            1645193993.063116,
            1645193993.063127,
            1645193993.065068,
            1645193993.065083,
            1645193993.065095,
            1645193993.065099,
            1645193993.153595,
            1645193993.153623,
            1645193993.155074,
            1645193993.155097,
            1645193993.162232,
            1645193993.162262,
            1645193993.162274,
            1645193993.162939,
            1645193993.162951,
            1645193993.163072,
            1645193993.16308,
            1645193993.164024,
            1645193993.164156,
            1645193993.164165,
            1645193993.165141,
            1645193993.165154,
            1645193993.165168,
            1645193993.165173,
            1645193993.476206,
            1645193993.476237,
            1645193993.479182,
            1645193993.4792,
            1645193993.485025,
            1645193993.485114,
            1645193993.485124,
            1645193993.486037,
            1645193993.486041,
            1645193993.486046,
            1645193993.486051,
            1645193993.487897,
            1645193993.488009,
            1645193993.488013,
            1645193993.489018,
            1645193993.489022,
            1645193993.489026,
            1645193993.48903
        ],
        "ps_list": [
            158,
            184,
            225,
            121,
            66,
            101,
            66,
            97,
            66,
            101,
            66,
            191,
            66,
            260,
            66,
            97,
            66,
            121,
            225,
            66,
            66,
            101,
            66,
            145,
            66,
            255,
            66,
            121,
            225,
            121,
            225,
            66,
            101,
            66,
            120,
            66,
            317,
            66,
            66,
            101,
            66,
            107,
            66,
            321,
            66,
            121,
            225,
            121,
            225,
            66,
            101,
            66,
            120,
            66,
            329,
            66,
            66,
            101,
            66,
            122,
            66,
            344,
            66
        ],
        "direction_list": [
            0,
            0,
            0,
            1,
            0,
            1,
            0,
            1,
            0,
            1,
            0,
            1,
            0,
            1,
            0,
            0,
            1,
            0,
            0,
            1,
            1,
            1,
            0,
            1,
            0,
            1,
            0,
            0,
            0,
            0,
            0,
            1,
            1,
            0,
            1,
            0,
            1,
            0,
            1,
            1,
            0,
            1,
            0,
            1,
            0,
            0,
            0,
            0,
            0,
            1,
            1,
            0,
            1,
            0,
            1,
            0,
            1,
            1,
            0,
            1,
            0,
            1,
            0
        ],
        "piat_list": [
            0.2541542053222656,
            0.19288063049316406,
            0.0209808349609375,
            8.2550048828125,
            0.03600120544433594,
            0.011920928955078125,
            0.0040531158447265625,
            0.1571178436279297,
            0.0040531158447265625,
            0.09584426879882812,
            0.0050067901611328125,
            0.6489753723144531,
            0.0050067901611328125,
            0.09608268737792969,
            0.0050067901611328125,
            5.920886993408203,
            48.979997634887695,
            223.07515144348145,
            0.033855438232421875,
            8.85915756225586,
            0.02288818359375,
            0.14209747314453125,
            0.010967254638671875,
            1.9409656524658203,
            0.015020370483398438,
            0.011920928955078125,
            0.0040531158447265625,
            88.49596977233887,
            0.028133392333984375,
            1.4507770538330078,
            0.023126602172851562,
            7.134914398193359,
            0.030040740966796875,
            0.011920928955078125,
            0.6651878356933594,
            0.011920928955078125,
            0.12111663818359375,
            0.007867813110351562,
            0.9441375732421875,
            0.13184547424316406,
            0.009059906005859375,
            0.9760856628417969,
            0.012874603271484375,
            0.014066696166992188,
            0.0050067901611328125,
            311.0330104827881,
            0.030994415283203125,
            2.9449462890625,
            0.017881393432617188,
            5.825042724609375,
            0.08916854858398438,
            0.010013580322265625,
            0.9129047393798828,
            0.0040531158447265625,
            0.0050067901611328125,
            0.0050067901611328125,
            1.8458366394042969,
            0.11205673217773438,
            0.0040531158447265625,
            1.004934310913086,
            0.0040531158447265625,
            0.0040531158447265625,
            0.003814697265625
        ]
    }
}