{
    "(2886734945, 3741648133, 56638, 443, 'tcp', 0)": {
        "ts_list": [
            1645194137.482469,
            1645194137.482661,
            1645194137.482684,
            1645194137.495055,
            1645194137.496972,
            1645194137.496995,
            1645194137.497,
            1645194137.497004,
            1645194137.497007,
            1645194137.49701,
            1645194137.498089,
            1645194137.498097,
            1645194137.498188,
            1645194137.498195,
            1645194137.499325,
            1645194137.551025,
            1645194137.786892,
            1645194137.786929,
            1645194137.796194,
            1645194137.796214,
            1645194137.796539,
            1645194137.796554,
            1645194137.797066,
            1645194137.797078,
            1645194137.797092,
            1645194137.797097,
            1645194137.891297,
            1645194137.891323,
            1645194137.892757,
            1645194137.892779,
            1645194137.901046,
            1645194137.901096,
            1645194137.901105,
            1645194137.90205,
            1645194137.90206,
            1645194137.902068,
            1645194137.902245,
            1645194137.902253,
            1645194137.902255,
            1645194137.902258,
            1645194137.903878,
            1645194137.903892,
            1645194137.903902,
            1645194137.903906,
            1645194138.271009,
            1645194138.271039,
            1645194138.280203,
            1645194138.280336,
            1645194138.280351,
            1645194138.281678,
            1645194138.281692,
            1645194138.281773,
            1645194138.281778
        ],
        "ps_list": [
            158,
            184,
            225,
            66,
            121,
            66,
            110,
            66,
            101,
            66,
            191,
            66,
            260,
            66,
            97,
            66,
            121,
            225,
            66,
            66,
            101,
            66,
            121,
            66,
            255,
            66,
            121,
            225,
            121,
            225,
            66,
            101,
            66,
            66,
            121,
            66,
            317,
            66,
            101,
            66,
            107,
            66,
            321,
            66,
            121,
            225,
            66,
            101,
            66,
            143,
            66,
            329,
            66
        ],
        "direction_list": [
            0,
            0,
            0,
            1,
            1,
            0,
            1,
            0,
            1,
            0,
            1,
            0,
            1,
            0,
            0,
            1,
            0,
            0,
            1,
            1,
            1,
            0,
            1,
            0,
            1,
            0,
            0,
            0,
            0,
            0,
            1,
            1,
            0,
            1,
            1,
            0,
            1,
            0,
            1,
            0,
            1,
            0,
            1,
            0,
            0,
            0,
            1,
            1,
            0,
            1,
            0,
            1,
            0
        ],
        "piat_list": [
            0.28204917907714844,
            0.1919269561767578,
            0.02288818359375,
            12.371063232421875,
            1.917123794555664,
            0.02288818359375,
            0.0050067901611328125,
            0.0040531158447265625,
            0.00286102294921875,
            0.0030994415283203125,
            1.0790824890136719,
            0.007867813110351562,
            0.09107589721679688,
            0.0069141387939453125,
            1.1301040649414062,
            51.69987678527832,
            235.86702346801758,
            0.03695487976074219,
            9.26518440246582,
            0.02002716064453125,
            0.3249645233154297,
            0.015020370483398438,
            0.5118846893310547,
            0.011920928955078125,
            0.014066696166992188,
            0.0050067901611328125,
            94.20013427734375,
            0.025987625122070312,
            1.4338493347167969,
            0.022172927856445312,
            8.266925811767578,
            0.050067901611328125,
            0.008821487426757812,
            0.9450912475585938,
            0.010013580322265625,
            0.007867813110351562,
            0.17714500427246094,
            0.007867813110351562,
            0.0021457672119140625,
            0.00286102294921875,
            1.6200542449951172,
            0.014066696166992188,
            0.010013580322265625,
            0.0040531158447265625,
            367.10286140441895,
            0.030040740966796875,
            9.164094924926758,
            0.1327991485595703,
            0.015020370483398438,
            1.3270378112792969,
            0.014066696166992188,
            0.08106231689453125,
            0.0050067901611328125
        ]
    }
}