{
    "(2886734945, 3741648133, 57326, 443, 'tcp', 0)": {
        "ts_list": [
            1645414045.056483,
            1645414045.060741,
            1645414045.06077,
            1645414045.065138,
            1645414045.065162,
            1645414045.065254,
            1645414045.066085,
            1645414045.06609,
            1645414045.06621,
            1645414045.066214,
            1645414045.0701,
            1645414045.070194,
            1645414045.070199,
            1645414045.07033,
            1645414045.070334,
            1645414045.07034,
            1645414045.070343,
            1645414045.11411,
            1645414045.388052,
            1645414045.388083,
            1645414045.397089,
            1645414045.397111,
            1645414045.397267,
            1645414045.397278,
            1645414045.398057,
            1645414045.398061,
            1645414045.398162,
            1645414045.398166,
            1645414045.509428,
            1645414045.509456,
            1645414045.518206,
            1645414045.518285,
            1645414045.518295,
            1645414045.519155,
            1645414045.519159,
            1645414045.519254,
            1645414045.519258,
            1645414045.697135,
            1645414045.69716,
            1645414045.702629,
            1645414045.702652,
            1645414045.706215,
            1645414045.7063,
            1645414045.706309,
            1645414045.707157,
            1645414045.707168,
            1645414045.707182,
            1645414045.707186,
            1645414045.71116,
            1645414045.711256,
            1645414045.711261,
            1645414045.712051,
            1645414045.712075,
            1645414045.71215,
            1645414045.712164
        ],
        "ps_list": [
            158,
            184,
            225,
            121,
            66,
            97,
            101,
            66,
            97,
            66,
            66,
            101,
            66,
            191,
            66,
            260,
            66,
            66,
            121,
            225,
            66,
            66,
            101,
            66,
            121,
            66,
            255,
            66,
            121,
            225,
            66,
            101,
            66,
            121,
            66,
            377,
            66,
            121,
            225,
            121,
            225,
            66,
            101,
            66,
            121,
            66,
            297,
            66,
            66,
            101,
            66,
            121,
            66,
            272,
            66
        ],
        "direction_list": [
            0,
            0,
            0,
            1,
            0,
            0,
            1,
            0,
            1,
            0,
            1,
            1,
            0,
            1,
            0,
            1,
            0,
            1,
            0,
            0,
            1,
            1,
            1,
            0,
            1,
            0,
            1,
            0,
            0,
            0,
            1,
            1,
            0,
            1,
            0,
            1,
            0,
            0,
            0,
            0,
            0,
            1,
            1,
            0,
            1,
            0,
            1,
            0,
            1,
            1,
            0,
            1,
            0,
            1,
            0
        ],
        "piat_list": [
            0.2510547637939453,
            4.257917404174805,
            0.029087066650390625,
            4.368066787719727,
            0.02384185791015625,
            0.09202957153320312,
            0.8311271667480469,
            0.0050067901611328125,
            0.11992454528808594,
            0.0040531158447265625,
            3.885984420776367,
            0.09393692016601562,
            0.0050067901611328125,
            0.1308917999267578,
            0.0040531158447265625,
            0.0059604644775390625,
            0.0030994415283203125,
            43.76697540283203,
            273.9419937133789,
            0.030994415283203125,
            9.006023406982422,
            0.02193450927734375,
            0.15616416931152344,
            0.010967254638671875,
            0.7789134979248047,
            0.0040531158447265625,
            0.10085105895996094,
            0.0040531158447265625,
            111.26208305358887,
            0.027894973754882812,
            8.749961853027344,
            0.07915496826171875,
            0.010013580322265625,
            0.8599758148193359,
            0.0040531158447265625,
            0.09489059448242188,
            0.0040531158447265625,
            177.87694931030273,
            0.025033950805664062,
            5.469083786010742,
            0.02288818359375,
            3.56292724609375,
            0.08511543273925781,
            0.009059906005859375,
            0.8478164672851562,
            0.011205673217773438,
            0.013828277587890625,
            0.0040531158447265625,
            3.9739608764648438,
            0.09608268737792969,
            0.0050067901611328125,
            0.7898807525634766,
            0.024080276489257812,
            0.07510185241699219,
            0.013828277587890625
        ]
    }
}