{
    "(2886734945, 3741713926, 56000, 443, 'tcp', 0)": {
        "ts_list": [
            1644969982.189109,
            1644969982.189283,
            1644969982.189309,
            1644969982.215959,
            1644969982.21599,
            1644969982.216014,
            1644969982.216028,
            1644969982.216032,
            1644969982.216036,
            1644969982.216039,
            1644969982.216145,
            1644969982.216999,
            1644969982.217005,
            1644969982.217098,
            1644969982.217103,
            1644969982.283126,
            1644969982.474403,
            1644969982.474439,
            1644969982.501933,
            1644969982.501958,
            1644969982.502106,
            1644969982.502118,
            1644969982.502953,
            1644969982.502957,
            1644969982.503051,
            1644969982.503055,
            1644969982.581219,
            1644969982.581249,
            1644969982.582772,
            1644969982.582796,
            1644969982.608,
            1644969982.608031,
            1644969982.608045,
            1644969982.608894,
            1644969982.608898,
            1644969982.608991,
            1644969982.608995,
            1644969982.609953,
            1644969982.610051,
            1644969982.610055,
            1644969982.611693,
            1644969982.611699,
            1644969982.611805,
            1644969982.611809,
            1644969983.012606,
            1644969983.012634,
            1644969983.039944,
            1644969983.040029,
            1644969983.040038,
            1644969983.04091,
            1644969983.040916,
            1644969983.041008,
            1644969983.041013,
            1644969983.2338,
            1644969983.233828,
            1644969983.261045,
            1644969983.261077,
            1644969983.261089,
            1644969983.261975,
            1644969983.261987,
            1644969983.262003,
            1644969983.262007,
            1644969983.275191,
            1644969983.275218,
            1644969983.275283,
            1644969983.301988,
            1644969983.302071,
            1644969983.302087,
            1644969983.302149,
            1644969983.30295,
            1644969983.302969,
            1644969983.30298
        ],
        "ps_list": [
            158,
            184,
            225,
            66,
            121,
            66,
            110,
            66,
            101,
            66,
            97,
            191,
            66,
            260,
            66,
            66,
            121,
            225,
            66,
            66,
            101,
            66,
            122,
            66,
            255,
            66,
            121,
            225,
            121,
            225,
            66,
            101,
            66,
            122,
            66,
            251,
            66,
            66,
            101,
            66,
            119,
            66,
            349,
            66,
            121,
            225,
            66,
            101,
            66,
            144,
            66,
            276,
            66,
            121,
            225,
            66,
            101,
            66,
            121,
            66,
            297,
            66,
            121,
            225,
            280,
            66,
            101,
            101,
            66,
            386,
            652,
            66
        ],
        "direction_list": [
            0,
            0,
            0,
            1,
            1,
            0,
            1,
            0,
            1,
            0,
            0,
            1,
            0,
            1,
            0,
            1,
            0,
            0,
            1,
            1,
            1,
            0,
            1,
            0,
            1,
            0,
            0,
            0,
            0,
            0,
            1,
            1,
            0,
            1,
            0,
            1,
            0,
            1,
            1,
            0,
            1,
            0,
            1,
            0,
            0,
            0,
            1,
            1,
            0,
            1,
            0,
            1,
            0,
            0,
            0,
            1,
            1,
            0,
            1,
            0,
            1,
            0,
            0,
            0,
            0,
            1,
            1,
            1,
            0,
            1,
            1,
            0
        ],
        "piat_list": [
            0.2791881561279297,
            0.17380714416503906,
            0.025987625122070312,
            26.650190353393555,
            0.030994415283203125,
            0.02384185791015625,
            0.014066696166992188,
            0.0040531158447265625,
            0.0040531158447265625,
            0.00286102294921875,
            0.10609626770019531,
            0.8540153503417969,
            0.0059604644775390625,
            0.09298324584960938,
            0.0050067901611328125,
            66.02311134338379,
            191.27678871154785,
            0.03600120544433594,
            27.494192123413086,
            0.0247955322265625,
            0.1480579376220703,
            0.012159347534179688,
            0.8349418640136719,
            0.0040531158447265625,
            0.09393692016601562,
            0.0040531158447265625,
            78.16386222839355,
            0.030040740966796875,
            1.5230178833007812,
            0.024080276489257812,
            25.203943252563477,
            0.030994415283203125,
            0.014066696166992188,
            0.8490085601806641,
            0.003814697265625,
            0.09298324584960938,
            0.0040531158447265625,
            0.9579658508300781,
            0.09799003601074219,
            0.0040531158447265625,
            1.6379356384277344,
            0.006198883056640625,
            0.10585784912109375,
            0.0040531158447265625,
            400.79689025878906,
            0.028133392333984375,
            27.309894561767578,
            0.08511543273925781,
            0.009059906005859375,
            0.8718967437744141,
            0.0059604644775390625,
            0.09202957153320312,
            0.0050067901611328125,
            192.78693199157715,
            0.028133392333984375,
            27.21691131591797,
            0.031948089599609375,
            0.012159347534179688,
            0.8859634399414062,
            0.011920928955078125,
            0.015974044799804688,
            0.0040531158447265625,
            13.184070587158203,
            0.026941299438476562,
            0.06508827209472656,
            26.704788208007812,
            0.08320808410644531,
            0.015974044799804688,
            0.06198883056640625,
            0.8008480072021484,
            0.019073486328125,
            0.010967254638671875
        ]
    }
}