{
    "(2886734945, 3741648133, 52572, 443, 'tcp', 0)": {
        "ts_list": [
            1645537419.029752,
            1645537419.029979,
            1645537419.030004,
            1645537419.038172,
            1645537419.038204,
            1645537419.039007,
            1645537419.039043,
            1645537419.039053,
            1645537419.03906,
            1645537419.039254,
            1645537419.039259,
            1645537419.039352,
            1645537419.039356,
            1645537419.040111,
            1645537419.040117,
            1645537419.040122,
            1645537419.040125,
            1645537419.088155,
            1645537419.32847,
            1645537419.328504,
            1645537419.337185,
            1645537419.337204,
            1645537419.337265,
            1645537419.337275,
            1645537419.338126,
            1645537419.33813,
            1645537419.338135,
            1645537419.338139,
            1645537419.43431,
            1645537419.434338,
            1645537419.443203,
            1645537419.443297
        ],
        "ps_list": [
            164,
            184,
            225,
            121,
            66,
            97,
            66,
            101,
            66,
            97,
            66,
            101,
            66,
            191,
            66,
            260,
            66,
            66,
            121,
            225,
            66,
            66,
            101,
            66,
            121,
            66,
            255,
            66,
            121,
            225,
            66,
            101
        ],
        "direction_list": [
            0,
            0,
            0,
            1,
            0,
            0,
            1,
            1,
            0,
            1,
            0,
            1,
            0,
            1,
            0,
            1,
            0,
            1,
            0,
            0,
            1,
            1,
            1,
            0,
            1,
            0,
            1,
            0,
            0,
            0,
            1,
            1
        ],
        "piat_list": [
            0.3631114959716797,
            0.2269744873046875,
            0.025033950805664062,
            8.16798210144043,
            0.031948089599609375,
            0.8029937744140625,
            0.03600120544433594,
            0.010013580322265625,
            0.007152557373046875,
            0.1938343048095703,
            0.0050067901611328125,
            0.09298324584960938,
            0.0040531158447265625,
            0.7550716400146484,
            0.0059604644775390625,
            0.0050067901611328125,
            0.00286102294921875,
            48.03013801574707,
            240.31496047973633,
            0.03409385681152344,
            8.68082046508789,
            0.019073486328125,
            0.06103515625,
            0.010013580322265625,
            0.8509159088134766,
            0.0040531158447265625,
            0.0050067901611328125,
            0.0040531158447265625,
            96.17090225219727,
            0.028133392333984375,
            8.864879608154297,
            0.09393692016601562
        ]
    }
}