{
    "(2886734945, 3741713926, 35494, 443, 'tcp', 0)": {
        "ts_list": [
            1644988494.533189,
            1644988494.533376,
            1644988494.533403,
            1644988494.559554,
            1644988494.559584,
            1644988494.559599,
            1644988494.55961,
            1644988494.559614,
            1644988494.559759,
            1644988494.560508,
            1644988494.56053,
            1644988494.561587,
            1644988494.561594,
            1644988494.561599,
            1644988494.561603,
            1644988494.626615,
            1644988494.775768,
            1644988494.775805,
            1644988494.804423,
            1644988494.804445,
            1644988494.804479,
            1644988494.804491,
            1644988494.805471,
            1644988494.805476,
            1644988494.805481,
            1644988494.805485,
            1644988494.878812,
            1644988494.878847,
            1644988494.881937,
            1644988494.881971,
            1644988494.907445,
            1644988494.907477,
            1644988494.907491,
            1644988494.909372,
            1644988494.909378,
            1644988494.909388,
            1644988494.909392,
            1644988494.909396,
            1644988494.909468,
            1644988494.909472,
            1644988494.912413,
            1644988494.912432,
            1644988494.912442,
            1644988494.912446,
            1644988495.365564,
            1644988495.365597,
            1644988495.365894,
            1644988495.365915,
            1644988495.36593,
            1644988495.366016,
            1644988495.392515,
            1644988495.392533,
            1644988495.392544,
            1644988495.392603,
            1644988495.392607,
            1644988495.392609,
            1644988495.392612,
            1644988495.393612,
            1644988495.393622,
            1644988495.393628,
            1644988495.393632,
            1644988495.396699,
            1644988495.39673,
            1644988495.423473,
            1644988495.42356,
            1644988495.424465,
            1644988495.424559,
            1644988495.424775,
            1644988495.448192,
            1644988495.448228,
            1644988495.474591,
            1644988495.474666,
            1644988495.475543,
            1644988495.475552,
            1644988495.476665
        ],
        "ps_list": [
            158,
            184,
            225,
            66,
            121,
            66,
            110,
            66,
            97,
            101,
            66,
            191,
            66,
            260,
            66,
            66,
            121,
            225,
            66,
            66,
            101,
            66,
            121,
            66,
            255,
            66,
            121,
            225,
            121,
            225,
            66,
            101,
            66,
            121,
            66,
            66,
            247,
            66,
            101,
            66,
            122,
            66,
            251,
            66,
            121,
            225,
            121,
            121,
            225,
            225,
            66,
            101,
            66,
            101,
            66,
            101,
            66,
            657,
            66,
            328,
            66,
            121,
            225,
            66,
            101,
            121,
            257,
            66,
            121,
            225,
            66,
            101,
            121,
            297,
            66
        ],
        "direction_list": [
            0,
            0,
            0,
            1,
            1,
            0,
            1,
            0,
            0,
            1,
            0,
            1,
            0,
            1,
            0,
            1,
            0,
            0,
            1,
            1,
            1,
            0,
            1,
            0,
            1,
            0,
            0,
            0,
            0,
            0,
            1,
            1,
            0,
            1,
            0,
            1,
            1,
            0,
            1,
            0,
            1,
            0,
            1,
            0,
            0,
            0,
            0,
            0,
            0,
            0,
            1,
            1,
            0,
            1,
            0,
            1,
            0,
            1,
            0,
            1,
            0,
            0,
            0,
            1,
            1,
            1,
            1,
            0,
            0,
            0,
            1,
            1,
            1,
            1,
            0
        ],
        "piat_list": [
            0.2651214599609375,
            0.186920166015625,
            0.026941299438476562,
            26.151180267333984,
            0.029802322387695312,
            0.015020370483398438,
            0.010967254638671875,
            0.0040531158447265625,
            0.14495849609375,
            0.7491111755371094,
            0.02193450927734375,
            1.0571479797363281,
            0.0069141387939453125,
            0.0050067901611328125,
            0.0040531158447265625,
            65.01197814941406,
            149.1529941558838,
            0.03695487976074219,
            28.61809730529785,
            0.02193450927734375,
            0.033855438232421875,
            0.012159347534179688,
            0.9799003601074219,
            0.0050067901611328125,
            0.0050067901611328125,
            0.0040531158447265625,
            73.32706451416016,
            0.034809112548828125,
            3.0901432037353516,
            0.033855438232421875,
            25.474071502685547,
            0.031948089599609375,
            0.014066696166992188,
            1.8811225891113281,
            0.0059604644775390625,
            0.010013580322265625,
            0.0040531158447265625,
            0.003814697265625,
            0.07200241088867188,
            0.0040531158447265625,
            2.9408931732177734,
            0.019073486328125,
            0.010013580322265625,
            0.0040531158447265625,
            453.11808586120605,
            0.032901763916015625,
            0.2970695495605469,
            0.0209808349609375,
            0.015020370483398438,
            0.0858306884765625,
            26.499032974243164,
            0.01811981201171875,
            0.010967254638671875,
            0.05888938903808594,
            0.0040531158447265625,
            0.0019073486328125,
            0.0030994415283203125,
            0.9999275207519531,
            0.010013580322265625,
            0.0059604644775390625,
            0.0040531158447265625,
            3.0670166015625,
            0.030994415283203125,
            26.742935180664062,
            0.08702278137207031,
            0.9050369262695312,
            0.09417533874511719,
            0.21576881408691406,
            23.416996002197266,
            0.03600120544433594,
            26.363134384155273,
            0.07510185241699219,
            0.8769035339355469,
            0.009059906005859375,
            1.1129379272460938
        ]
    }
}