{
    "(2886734945, 3741713926, 35588, 443, 'tcp', 0)": {
        "ts_list": [
            1644988606.788092,
            1644988606.788262,
            1644988606.788289,
            1644988606.814819,
            1644988606.814849,
            1644988606.814862,
            1644988606.814874,
            1644988606.814878,
            1644988606.814882,
            1644988606.814885,
            1644988606.814995,
            1644988606.815012,
            1644988606.815022,
            1644988606.815725,
            1644988606.815735,
            1644988606.815745,
            1644988606.815749,
            1644988606.881799,
            1644988607.010473,
            1644988607.01052,
            1644988607.036743,
            1644988607.036766,
            1644988607.036918,
            1644988607.036929,
            1644988607.037716,
            1644988607.037722,
            1644988607.037745,
            1644988607.131226,
            1644988607.131264,
            1644988607.13609,
            1644988607.136129,
            1644988607.157813,
            1644988607.157845,
            1644988607.158775,
            1644988607.15878,
            1644988607.1589,
            1644988607.162774,
            1644988607.162793,
            1644988607.162833,
            1644988607.163764,
            1644988607.163771,
            1644988607.163798,
            1644988607.588949,
            1644988607.588989,
            1644988607.589027,
            1644988607.58905,
            1644988607.615808,
            1644988607.615836,
            1644988607.615881,
            1644988607.615895,
            1644988607.615904,
            1644988607.615908,
            1644988607.616786,
            1644988607.616798,
            1644988607.616805,
            1644988607.616808,
            1644988607.630455,
            1644988607.630488,
            1644988607.64491,
            1644988607.644939,
            1644988607.656877,
            1644988607.656908,
            1644988607.657781,
            1644988607.657786,
            1644988607.657826,
            1644988607.671784,
            1644988607.671805,
            1644988607.672798,
            1644988607.672801,
            1644988607.673044
        ],
        "ps_list": [
            158,
            184,
            225,
            66,
            121,
            66,
            101,
            66,
            97,
            66,
            101,
            97,
            66,
            191,
            66,
            260,
            66,
            66,
            121,
            225,
            66,
            66,
            101,
            66,
            144,
            255,
            66,
            121,
            225,
            121,
            225,
            66,
            101,
            121,
            247,
            66,
            66,
            101,
            66,
            108,
            251,
            66,
            121,
            121,
            280,
            384,
            66,
            66,
            101,
            66,
            114,
            66,
            649,
            66,
            328,
            66,
            121,
            225,
            121,
            225,
            66,
            101,
            121,
            257,
            66,
            66,
            101,
            121,
            297,
            66
        ],
        "direction_list": [
            0,
            0,
            0,
            1,
            1,
            0,
            1,
            0,
            1,
            0,
            1,
            0,
            0,
            1,
            0,
            1,
            0,
            1,
            0,
            0,
            1,
            1,
            1,
            0,
            1,
            1,
            0,
            0,
            0,
            0,
            0,
            1,
            1,
            1,
            1,
            0,
            1,
            1,
            0,
            1,
            1,
            0,
            0,
            0,
            0,
            0,
            1,
            1,
            1,
            0,
            1,
            0,
            1,
            0,
            1,
            0,
            0,
            0,
            0,
            0,
            1,
            1,
            1,
            1,
            0,
            1,
            1,
            1,
            1,
            0
        ],
        "piat_list": [
            0.2739429473876953,
            0.16999244689941406,
            0.027179718017578125,
            26.530027389526367,
            0.029802322387695312,
            0.013113021850585938,
            0.011920928955078125,
            0.0040531158447265625,
            0.0040531158447265625,
            0.00286102294921875,
            0.11014938354492188,
            0.016927719116210938,
            0.010013580322265625,
            0.7030963897705078,
            0.010013580322265625,
            0.010013580322265625,
            0.003814697265625,
            66.05005264282227,
            128.67403030395508,
            0.04696846008300781,
            26.222944259643555,
            0.023126602172851562,
            0.1518726348876953,
            0.010967254638671875,
            0.7870197296142578,
            0.006198883056640625,
            0.02288818359375,
            93.48106384277344,
            0.03790855407714844,
            4.826068878173828,
            0.03886222839355469,
            21.68416976928711,
            0.031948089599609375,
            0.9300708770751953,
            0.0050067901611328125,
            0.11992454528808594,
            3.874063491821289,
            0.018835067749023438,
            0.0400543212890625,
            0.9310245513916016,
            0.0069141387939453125,
            0.027179718017578125,
            425.15087127685547,
            0.0400543212890625,
            0.03790855407714844,
            0.023126602172851562,
            26.75795555114746,
            0.027894973754882812,
            0.04506111145019531,
            0.014066696166992188,
            0.009059906005859375,
            0.003814697265625,
            0.8780956268310547,
            0.011920928955078125,
            0.007152557373046875,
            0.00286102294921875,
            13.647079467773438,
            0.032901763916015625,
            14.422178268432617,
            0.028848648071289062,
            11.938095092773438,
            0.030994415283203125,
            0.8728504180908203,
            0.0050067901611328125,
            0.0400543212890625,
            13.957977294921875,
            0.0209808349609375,
            0.9930133819580078,
            0.0030994415283203125,
            0.2429485321044922
        ]
    }
}