{
    "(2886734945, 3741648133, 57608, 443, 'tcp', 0)": {
        "ts_list": [
            1645353816.588915,
            1645353816.589094,
            1645353816.589129,
            1645353816.598515,
            1645353816.598534,
            1645353816.598537,
            1645353816.598541,
            1645353816.598544,
            1645353816.598546,
            1645353816.598702,
            1645353816.598705,
            1645353816.598996,
            1645353816.599507,
            1645353816.599512,
            1645353816.599519,
            1645353816.599522,
            1645353816.648431,
            1645353816.917535,
            1645353816.917568,
            1645353816.927393,
            1645353816.927417,
            1645353816.927586,
            1645353816.927599,
            1645353816.928476,
            1645353816.92848,
            1645353816.928485,
            1645353816.928489,
            1645353816.98712,
            1645353816.987149,
            1645353816.996539,
            1645353816.996623
        ],
        "ps_list": [
            158,
            184,
            225,
            121,
            66,
            101,
            66,
            97,
            66,
            101,
            66,
            97,
            190,
            66,
            260,
            66,
            66,
            121,
            225,
            66,
            66,
            101,
            66,
            120,
            66,
            255,
            66,
            121,
            225,
            66,
            101
        ],
        "direction_list": [
            0,
            0,
            0,
            1,
            0,
            1,
            0,
            1,
            0,
            1,
            0,
            0,
            1,
            0,
            1,
            0,
            1,
            0,
            0,
            1,
            1,
            1,
            0,
            1,
            0,
            1,
            0,
            0,
            0,
            1,
            1
        ],
        "piat_list": [
            0.22220611572265625,
            0.17881393432617188,
            0.03504753112792969,
            9.386062622070312,
            0.019073486328125,
            0.00286102294921875,
            0.0040531158447265625,
            0.00286102294921875,
            0.0021457672119140625,
            0.15592575073242188,
            0.0030994415283203125,
            0.29087066650390625,
            0.51116943359375,
            0.0050067901611328125,
            0.0069141387939453125,
            0.0030994415283203125,
            48.90894889831543,
            269.10400390625,
            0.032901763916015625,
            9.824991226196289,
            0.024080276489257812,
            0.1690387725830078,
            0.012874603271484375,
            0.8771419525146484,
            0.003814697265625,
            0.0050067901611328125,
            0.0040531158447265625,
            58.630943298339844,
            0.029087066650390625,
            9.390115737915039,
            0.08392333984375
        ]
    }
}