{
    "(2886734945, 3741648133, 49664, 443, 'tcp', 0)": {
        "ts_list": [
            1645746332.035842,
            1645746332.035998,
            1645746332.036039,
            1645746332.043939,
            1645746332.043966,
            1645746332.043983,
            1645746332.04399,
            1645746332.043997,
            1645746332.044004,
            1645746332.044008,
            1645746332.044075,
            1645746332.044122,
            1645746332.044127,
            1645746332.044134,
            1645746332.044138,
            1645746332.044258,
            1645746332.044264,
            1645746332.091547,
            1645746332.378732,
            1645746332.378784,
            1645746332.386635,
            1645746332.386709,
            1645746332.386716,
            1645746332.386728,
            1645746332.386749,
            1645746332.386755,
            1645746332.386758,
            1645746332.386762,
            1645746332.49894,
            1645746332.498966,
            1645746332.500417,
            1645746332.500438,
            1645746332.506836,
            1645746332.506958,
            1645746332.506964,
            1645746332.50697,
            1645746332.506973,
            1645746332.506977,
            1645746332.50698,
            1645746332.508449,
            1645746332.508579,
            1645746332.508584,
            1645746332.508589,
            1645746332.508592,
            1645746332.508595,
            1645746332.508598,
            1645746332.868123,
            1645746332.868155,
            1645746332.876203,
            1645746332.876223,
            1645746332.876232,
            1645746332.876242,
            1645746332.876246,
            1645746332.87625,
            1645746332.876253
        ],
        "ps_list": [
            158,
            184,
            225,
            121,
            66,
            66,
            101,
            66,
            97,
            66,
            97,
            101,
            66,
            191,
            66,
            260,
            66,
            66,
            121,
            225,
            66,
            66,
            101,
            66,
            122,
            66,
            255,
            66,
            121,
            225,
            121,
            225,
            66,
            101,
            66,
            121,
            66,
            400,
            66,
            66,
            101,
            66,
            108,
            66,
            548,
            66,
            121,
            225,
            66,
            101,
            66,
            104,
            66,
            548,
            66
        ],
        "direction_list": [
            0,
            0,
            0,
            1,
            0,
            1,
            1,
            0,
            1,
            0,
            0,
            1,
            0,
            1,
            0,
            1,
            0,
            1,
            0,
            0,
            1,
            1,
            1,
            0,
            1,
            0,
            1,
            0,
            0,
            0,
            0,
            0,
            1,
            1,
            0,
            1,
            0,
            1,
            0,
            1,
            1,
            0,
            1,
            0,
            1,
            0,
            0,
            0,
            1,
            1,
            0,
            1,
            0,
            1,
            0
        ],
        "piat_list": [
            0.2779960632324219,
            0.15616416931152344,
            0.04100799560546875,
            7.899999618530273,
            0.026941299438476562,
            0.016927719116210938,
            0.0069141387939453125,
            0.007152557373046875,
            0.0069141387939453125,
            0.0040531158447265625,
            0.06699562072753906,
            0.04696846008300781,
            0.0050067901611328125,
            0.0069141387939453125,
            0.0040531158447265625,
            0.1201629638671875,
            0.0059604644775390625,
            47.28293418884277,
            287.1849536895752,
            0.051975250244140625,
            7.851123809814453,
            0.07390975952148438,
            0.0069141387939453125,
            0.012159347534179688,
            0.0209808349609375,
            0.0059604644775390625,
            0.0030994415283203125,
            0.003814697265625,
            112.17808723449707,
            0.025987625122070312,
            1.4510154724121094,
            0.0209808349609375,
            6.39796257019043,
            0.1220703125,
            0.0059604644775390625,
            0.0059604644775390625,
            0.0030994415283203125,
            0.0040531158447265625,
            0.00286102294921875,
            1.4691352844238281,
            0.12993812561035156,
            0.0050067901611328125,
            0.0050067901611328125,
            0.00286102294921875,
            0.0030994415283203125,
            0.0030994415283203125,
            359.5249652862549,
            0.031948089599609375,
            8.048057556152344,
            0.02002716064453125,
            0.008821487426757812,
            0.010013580322265625,
            0.0040531158447265625,
            0.0040531158447265625,
            0.00286102294921875
        ]
    }
}