{
    "(2886734945, 3741648133, 50046, 443, 'tcp', 0)": {
        "ts_list": [
            1645746792.655895,
            1645746792.65608,
            1645746792.656109,
            1645746792.66364,
            1645746792.663659,
            1645746792.663746,
            1645746792.663868,
            1645746792.663875,
            1645746792.663879,
            1645746792.663884,
            1645746792.664065,
            1645746792.664168,
            1645746792.664173,
            1645746792.664178,
            1645746792.664181,
            1645746792.664265,
            1645746792.664272,
            1645746792.710853,
            1645746793.069151,
            1645746793.069188,
            1645746793.077051,
            1645746793.077067,
            1645746793.077396,
            1645746793.077402,
            1645746793.077408,
            1645746793.077411,
            1645746793.077414,
            1645746793.077418,
            1645746793.164668,
            1645746793.164694,
            1645746793.167142,
            1645746793.167167,
            1645746793.172633,
            1645746793.172649,
            1645746793.172654,
            1645746793.172823,
            1645746793.172829,
            1645746793.172916,
            1645746793.172921,
            1645746793.17512,
            1645746793.175284,
            1645746793.175289,
            1645746793.175293,
            1645746793.175296,
            1645746793.175354,
            1645746793.175358,
            1645746793.521084,
            1645746793.521119,
            1645746793.529037,
            1645746793.529121,
            1645746793.52913,
            1645746793.529139,
            1645746793.529142,
            1645746793.529146,
            1645746793.529149
        ],
        "ps_list": [
            158,
            184,
            225,
            121,
            66,
            97,
            101,
            66,
            97,
            66,
            66,
            101,
            66,
            191,
            66,
            260,
            66,
            66,
            121,
            225,
            66,
            66,
            101,
            66,
            144,
            66,
            255,
            66,
            121,
            225,
            121,
            225,
            66,
            101,
            66,
            120,
            66,
            400,
            66,
            66,
            101,
            66,
            108,
            66,
            548,
            66,
            121,
            225,
            66,
            101,
            66,
            104,
            66,
            548,
            66
        ],
        "direction_list": [
            0,
            0,
            0,
            1,
            0,
            0,
            1,
            0,
            1,
            0,
            1,
            1,
            0,
            1,
            0,
            1,
            0,
            1,
            0,
            0,
            1,
            1,
            1,
            0,
            1,
            0,
            1,
            0,
            0,
            0,
            0,
            0,
            1,
            1,
            0,
            1,
            0,
            1,
            0,
            1,
            1,
            0,
            1,
            0,
            1,
            0,
            0,
            0,
            1,
            1,
            0,
            1,
            0,
            1,
            0
        ],
        "piat_list": [
            0.45299530029296875,
            0.1850128173828125,
            0.029087066650390625,
            7.530927658081055,
            0.019073486328125,
            0.08702278137207031,
            0.12183189392089844,
            0.007152557373046875,
            0.003814697265625,
            0.0050067901611328125,
            0.18095970153808594,
            0.102996826171875,
            0.0050067901611328125,
            0.0050067901611328125,
            0.0030994415283203125,
            0.08392333984375,
            0.007152557373046875,
            46.58102989196777,
            358.29782485961914,
            0.03719329833984375,
            7.86280632019043,
            0.015974044799804688,
            0.32901763916015625,
            0.006198883056640625,
            0.0059604644775390625,
            0.00286102294921875,
            0.0030994415283203125,
            0.0040531158447265625,
            87.2499942779541,
            0.025987625122070312,
            2.447843551635742,
            0.025033950805664062,
            5.465984344482422,
            0.015974044799804688,
            0.0050067901611328125,
            0.1690387725830078,
            0.0059604644775390625,
            0.08702278137207031,
            0.0050067901611328125,
            2.1991729736328125,
            0.16379356384277344,
            0.0050067901611328125,
            0.0040531158447265625,
            0.0030994415283203125,
            0.05793571472167969,
            0.0040531158447265625,
            345.72601318359375,
            0.03504753112792969,
            7.917881011962891,
            0.08392333984375,
            0.009059906005859375,
            0.009059906005859375,
            0.00286102294921875,
            0.0040531158447265625,
            0.0030994415283203125
        ]
    }
}