{
    "(2886734945, 3741713926, 60988, 443, 'tcp', 0)": {
        "ts_list": [
            1645411082.132782,
            1645411082.132956,
            1645411082.13298,
            1645411082.163665,
            1645411082.163699,
            1645411082.163724,
            1645411082.163733,
            1645411082.163738,
            1645411082.163839,
            1645411082.16384,
            1645411082.16385,
            1645411082.164612,
            1645411082.164617,
            1645411082.164713,
            1645411082.164717,
            1645411082.235641,
            1645411082.390799,
            1645411082.390837,
            1645411082.421576,
            1645411082.421602,
            1645411082.42175,
            1645411082.421763,
            1645411082.422587,
            1645411082.422593,
            1645411082.422686,
            1645411082.422691,
            1645411082.503434,
            1645411082.503463,
            1645411082.513908,
            1645411082.51394,
            1645411082.534612,
            1645411082.534649,
            1645411082.534663,
            1645411082.535517,
            1645411082.535523,
            1645411082.535616,
            1645411082.53562,
            1645411082.544542,
            1645411082.544579,
            1645411082.544588,
            1645411082.545635,
            1645411082.54564,
            1645411082.545733,
            1645411082.545738,
            1645411082.822355,
            1645411082.822389,
            1645411082.867619,
            1645411082.867653,
            1645411082.867667,
            1645411082.868874,
            1645411082.868879,
            1645411082.868972,
            1645411082.868976,
            1645411083.308532,
            1645411083.308566,
            1645411083.341593,
            1645411083.34161,
            1645411083.34162,
            1645411083.343457,
            1645411083.343468,
            1645411083.343554,
            1645411083.343558
        ],
        "ps_list": [
            158,
            184,
            225,
            66,
            121,
            66,
            110,
            66,
            101,
            97,
            66,
            190,
            66,
            260,
            66,
            66,
            121,
            225,
            66,
            66,
            101,
            66,
            122,
            66,
            255,
            66,
            121,
            225,
            121,
            225,
            66,
            101,
            66,
            122,
            66,
            251,
            66,
            66,
            101,
            66,
            120,
            66,
            419,
            66,
            121,
            225,
            66,
            101,
            66,
            120,
            66,
            297,
            66,
            121,
            225,
            66,
            101,
            66,
            145,
            66,
            272,
            66
        ],
        "direction_list": [
            0,
            0,
            0,
            1,
            1,
            0,
            1,
            0,
            1,
            0,
            0,
            1,
            0,
            1,
            0,
            1,
            0,
            0,
            1,
            1,
            1,
            0,
            1,
            0,
            1,
            0,
            0,
            0,
            0,
            0,
            1,
            1,
            0,
            1,
            0,
            1,
            0,
            1,
            1,
            0,
            1,
            0,
            1,
            0,
            0,
            0,
            1,
            1,
            0,
            1,
            0,
            1,
            0,
            0,
            0,
            1,
            1,
            0,
            1,
            0,
            1,
            0
        ],
        "piat_list": [
            0.2720355987548828,
            0.17404556274414062,
            0.024080276489257812,
            30.684947967529297,
            0.033855438232421875,
            0.025033950805664062,
            0.009059906005859375,
            0.0050067901611328125,
            0.1010894775390625,
            0.00095367431640625,
            0.010013580322265625,
            0.7619857788085938,
            0.0050067901611328125,
            0.09584426879882812,
            0.0040531158447265625,
            70.92404365539551,
            155.15804290771484,
            0.03790855407714844,
            30.73906898498535,
            0.025987625122070312,
            0.1480579376220703,
            0.012874603271484375,
            0.823974609375,
            0.006198883056640625,
            0.09298324584960938,
            0.0050067901611328125,
            80.74283599853516,
            0.029087066650390625,
            10.444879531860352,
            0.03218650817871094,
            20.671844482421875,
            0.03695487976074219,
            0.014066696166992188,
            0.8540153503417969,
            0.0059604644775390625,
            0.09298324584960938,
            0.0040531158447265625,
            8.922100067138672,
            0.03695487976074219,
            0.009059906005859375,
            1.046895980834961,
            0.0050067901611328125,
            0.09298324584960938,
            0.0050067901611328125,
            276.61705017089844,
            0.033855438232421875,
            45.23015022277832,
            0.033855438232421875,
            0.014066696166992188,
            1.207113265991211,
            0.0050067901611328125,
            0.09298324584960938,
            0.0040531158447265625,
            439.5558834075928,
            0.03409385681152344,
            33.026933670043945,
            0.016927719116210938,
            0.010013580322265625,
            1.837015151977539,
            0.010967254638671875,
            0.08606910705566406,
            0.0040531158447265625
        ]
    }
}