{
    "(2886734945, 3741648133, 56304, 443, 'tcp', 0)": {
        "ts_list": [
            1645411784.723357,
            1645411784.723578,
            1645411784.723615,
            1645411784.731634,
            1645411784.731673,
            1645411784.731789,
            1645411784.732463,
            1645411784.732558,
            1645411784.732569,
            1645411784.732579,
            1645411784.732585,
            1645411784.732676,
            1645411784.732684,
            1645411784.733539,
            1645411784.733555,
            1645411784.733568,
            1645411784.733574,
            1645411784.780475,
            1645411785.058791,
            1645411785.058829,
            1645411785.067509,
            1645411785.067534,
            1645411785.067588,
            1645411785.067599,
            1645411785.068545,
            1645411785.068551,
            1645411785.068644,
            1645411785.068649,
            1645411785.199106,
            1645411785.199134,
            1645411785.200534,
            1645411785.200556,
            1645411785.207604,
            1645411785.207691,
            1645411785.207701,
            1645411785.208487,
            1645411785.208501,
            1645411785.208586,
            1645411785.208594,
            1645411785.20952,
            1645411785.209619,
            1645411785.209627,
            1645411785.210542,
            1645411785.210556,
            1645411785.210564,
            1645411785.210569,
            1645411785.446337,
            1645411785.446372,
            1645411785.454543,
            1645411785.454658,
            1645411785.45467,
            1645411785.455466,
            1645411785.455473,
            1645411785.455565,
            1645411785.455572,
            1645411785.944975,
            1645411785.945015,
            1645411785.953531,
            1645411785.95355,
            1645411785.953562,
            1645411785.954501,
            1645411785.954513,
            1645411785.954519,
            1645411785.954524
        ],
        "ps_list": [
            158,
            184,
            225,
            121,
            66,
            97,
            66,
            101,
            66,
            97,
            66,
            101,
            66,
            190,
            66,
            260,
            66,
            66,
            121,
            225,
            66,
            66,
            101,
            66,
            144,
            66,
            255,
            66,
            121,
            225,
            121,
            225,
            66,
            101,
            66,
            122,
            66,
            251,
            66,
            66,
            101,
            66,
            121,
            66,
            381,
            66,
            121,
            225,
            66,
            101,
            66,
            120,
            66,
            297,
            66,
            121,
            225,
            66,
            101,
            66,
            122,
            66,
            272,
            66
        ],
        "direction_list": [
            0,
            0,
            0,
            1,
            0,
            0,
            1,
            1,
            0,
            1,
            0,
            1,
            0,
            1,
            0,
            1,
            0,
            1,
            0,
            0,
            1,
            1,
            1,
            0,
            1,
            0,
            1,
            0,
            0,
            0,
            0,
            0,
            1,
            1,
            0,
            1,
            0,
            1,
            0,
            1,
            1,
            0,
            1,
            0,
            1,
            0,
            0,
            0,
            1,
            1,
            0,
            1,
            0,
            1,
            0,
            0,
            0,
            1,
            1,
            0,
            1,
            0,
            1,
            0
        ],
        "piat_list": [
            0.28204917907714844,
            0.22101402282714844,
            0.03695487976074219,
            8.018970489501953,
            0.03910064697265625,
            0.11610984802246094,
            0.6737709045410156,
            0.09512901306152344,
            0.010967254638671875,
            0.010013580322265625,
            0.0059604644775390625,
            0.09107589721679688,
            0.007867813110351562,
            0.8552074432373047,
            0.015974044799804688,
            0.012874603271484375,
            0.0059604644775390625,
            46.90098762512207,
            278.3160209655762,
            0.03814697265625,
            8.679866790771484,
            0.025033950805664062,
            0.05412101745605469,
            0.010967254638671875,
            0.946044921875,
            0.0059604644775390625,
            0.09298324584960938,
            0.0050067901611328125,
            130.45692443847656,
            0.028133392333984375,
            1.399993896484375,
            0.02193450927734375,
            7.047891616821289,
            0.08702278137207031,
            0.010013580322265625,
            0.7860660552978516,
            0.014066696166992188,
            0.08487701416015625,
            0.008106231689453125,
            0.9260177612304688,
            0.09894371032714844,
            0.007867813110351562,
            0.9150505065917969,
            0.014066696166992188,
            0.007867813110351562,
            0.0050067901611328125,
            235.76807975769043,
            0.03504753112792969,
            8.17108154296875,
            0.11491775512695312,
            0.011920928955078125,
            0.7960796356201172,
            0.0069141387939453125,
            0.09202957153320312,
            0.0069141387939453125,
            489.40300941467285,
            0.0400543212890625,
            8.516073226928711,
            0.019073486328125,
            0.011920928955078125,
            0.9388923645019531,
            0.012159347534179688,
            0.0059604644775390625,
            0.0050067901611328125
        ]
    }
}