{
    "(2886734945, 3741648133, 36544, 443, 'tcp', 0)": {
        "ts_list": [
            1645499987.045731,
            1645499987.045923,
            1645499987.045943,
            1645499987.055787,
            1645499987.055895,
            1645499987.05591,
            1645499987.05592,
            1645499987.055925,
            1645499987.055927,
            1645499987.05593,
            1645499987.055977,
            1645499987.055981,
            1645499987.056065,
            1645499987.056296,
            1645499987.056302,
            1645499987.056307,
            1645499987.056311,
            1645499987.10528,
            1645499987.355815,
            1645499987.355848,
            1645499987.365207,
            1645499987.365236,
            1645499987.365383,
            1645499987.365399,
            1645499987.366178,
            1645499987.366185,
            1645499987.366278,
            1645499987.366285,
            1645499987.470382,
            1645499987.470411,
            1645499987.479287,
            1645499987.479373,
            1645499987.479386,
            1645499987.48037,
            1645499987.480384,
            1645499987.480392,
            1645499987.480396,
            1645499987.738424,
            1645499987.738456,
            1645499987.747417,
            1645499987.747497,
            1645499987.747511,
            1645499987.748239,
            1645499987.748244,
            1645499987.748249,
            1645499987.748261
        ],
        "ps_list": [
            158,
            184,
            225,
            66,
            121,
            66,
            101,
            66,
            97,
            66,
            101,
            66,
            97,
            191,
            66,
            260,
            66,
            66,
            121,
            225,
            66,
            66,
            101,
            66,
            122,
            66,
            255,
            66,
            121,
            225,
            66,
            101,
            66,
            119,
            66,
            257,
            66,
            121,
            225,
            66,
            101,
            66,
            104,
            66,
            257,
            66
        ],
        "direction_list": [
            0,
            0,
            0,
            1,
            1,
            0,
            1,
            0,
            1,
            0,
            1,
            0,
            0,
            1,
            0,
            1,
            0,
            1,
            0,
            0,
            1,
            1,
            1,
            0,
            1,
            0,
            1,
            0,
            0,
            0,
            1,
            1,
            0,
            1,
            0,
            1,
            0,
            0,
            0,
            1,
            1,
            0,
            1,
            0,
            1,
            0
        ],
        "piat_list": [
            0.27108192443847656,
            0.1919269561767578,
            0.02002716064453125,
            9.844064712524414,
            0.10800361633300781,
            0.015020370483398438,
            0.009775161743164062,
            0.0050067901611328125,
            0.0021457672119140625,
            0.00286102294921875,
            0.047206878662109375,
            0.003814697265625,
            0.08416175842285156,
            0.23102760314941406,
            0.0059604644775390625,
            0.0050067901611328125,
            0.003814697265625,
            48.96903038024902,
            250.5350112915039,
            0.03314018249511719,
            9.358882904052734,
            0.029087066650390625,
            0.1468658447265625,
            0.015974044799804688,
            0.7791519165039062,
            0.0069141387939453125,
            0.09298324584960938,
            0.007152557373046875,
            104.09688949584961,
            0.029087066650390625,
            8.875846862792969,
            0.08606910705566406,
            0.013113021850585938,
            0.9839534759521484,
            0.014066696166992188,
            0.007867813110351562,
            0.0040531158447265625,
            258.0280303955078,
            0.031948089599609375,
            8.960962295532227,
            0.080108642578125,
            0.013828277587890625,
            0.7281303405761719,
            0.0050067901611328125,
            0.0050067901611328125,
            0.011920928955078125
        ]
    }
}