{
    "(2886734945, 3741648133, 54958, 443, 'tcp', 0)": {
        "ts_list": [
            1645031186.816614,
            1645031186.816784,
            1645031186.816804,
            1645031186.825263,
            1645031186.825283,
            1645031186.825291,
            1645031186.8253,
            1645031186.825306,
            1645031186.825308,
            1645031186.825311,
            1645031186.825379,
            1645031186.825837,
            1645031186.825842,
            1645031186.825938,
            1645031186.825942,
            1645031186.872904,
            1645031187.102811,
            1645031187.102853,
            1645031187.110863,
            1645031187.110883,
            1645031187.110949,
            1645031187.110959,
            1645031187.111897,
            1645031187.111901,
            1645031187.111996,
            1645031187.112,
            1645031187.200455,
            1645031187.200482,
            1645031187.207917,
            1645031187.208033,
            1645031187.208041,
            1645031187.208929,
            1645031187.208934,
            1645031187.209051,
            1645031187.209056,
            1645031187.670699,
            1645031187.670746,
            1645031187.678805,
            1645031187.678894,
            1645031187.678904,
            1645031187.67984,
            1645031187.679844,
            1645031187.679937,
            1645031187.679941,
            1645031187.850937,
            1645031187.85097,
            1645031187.858881,
            1645031187.858962,
            1645031187.858971,
            1645031187.859913,
            1645031187.859916,
            1645031187.860013,
            1645031187.860017,
            1645031188.022808,
            1645031188.022837,
            1645031188.030822,
            1645031188.030909,
            1645031188.030919,
            1645031188.031848,
            1645031188.031852,
            1645031188.031949,
            1645031188.031952
        ],
        "ps_list": [
            158,
            184,
            225,
            66,
            121,
            66,
            110,
            66,
            101,
            66,
            97,
            190,
            66,
            260,
            66,
            66,
            121,
            225,
            66,
            66,
            101,
            66,
            144,
            66,
            255,
            66,
            121,
            225,
            66,
            101,
            66,
            121,
            66,
            329,
            66,
            121,
            225,
            66,
            101,
            66,
            122,
            66,
            272,
            66,
            121,
            225,
            66,
            101,
            66,
            121,
            66,
            297,
            66,
            121,
            225,
            66,
            101,
            66,
            144,
            66,
            316,
            66
        ],
        "direction_list": [
            0,
            0,
            0,
            1,
            1,
            0,
            1,
            0,
            1,
            0,
            0,
            1,
            0,
            1,
            0,
            1,
            0,
            0,
            1,
            1,
            1,
            0,
            1,
            0,
            1,
            0,
            0,
            0,
            1,
            1,
            0,
            1,
            0,
            1,
            0,
            0,
            0,
            1,
            1,
            0,
            1,
            0,
            1,
            0,
            0,
            0,
            1,
            1,
            0,
            1,
            0,
            1,
            0,
            0,
            0,
            1,
            1,
            0,
            1,
            0,
            1,
            0
        ],
        "piat_list": [
            0.2429485321044922,
            0.16999244689941406,
            0.02002716064453125,
            8.459091186523438,
            0.02002716064453125,
            0.007867813110351562,
            0.009059906005859375,
            0.0059604644775390625,
            0.0021457672119140625,
            0.00286102294921875,
            0.06794929504394531,
            0.45800209045410156,
            0.0050067901611328125,
            0.09608268737792969,
            0.0040531158447265625,
            46.96202278137207,
            229.90703582763672,
            0.041961669921875,
            8.009910583496094,
            0.02002716064453125,
            0.06604194641113281,
            0.010013580322265625,
            0.9379386901855469,
            0.0040531158447265625,
            0.09489059448242188,
            0.0040531158447265625,
            88.4549617767334,
            0.026941299438476562,
            7.435083389282227,
            0.11610984802246094,
            0.007867813110351562,
            0.8881092071533203,
            0.0050067901611328125,
            0.11682510375976562,
            0.0050067901611328125,
            461.6429805755615,
            0.047206878662109375,
            8.059024810791016,
            0.08893013000488281,
            0.010013580322265625,
            0.9360313415527344,
            0.003814697265625,
            0.09298324584960938,
            0.0040531158447265625,
            170.99595069885254,
            0.03314018249511719,
            7.910966873168945,
            0.08106231689453125,
            0.009059906005859375,
            0.9419918060302734,
            0.00286102294921875,
            0.09703636169433594,
            0.0040531158447265625,
            162.79101371765137,
            0.028848648071289062,
            7.985115051269531,
            0.08702278137207031,
            0.010013580322265625,
            0.9288787841796875,
            0.0040531158447265625,
            0.09703636169433594,
            0.00286102294921875
        ]
    }
}