{
    "(2886734945, 3741713926, 60366, 443, 'tcp', 0)": {
        "ts_list": [
            1645668935.039763,
            1645668935.039938,
            1645668935.039964,
            1645668935.072168,
            1645668935.072207,
            1645668935.072219,
            1645668935.072226,
            1645668935.072238,
            1645668935.072243,
            1645668935.072339,
            1645668935.072418,
            1645668935.072515,
            1645668935.07252,
            1645668935.072619,
            1645668935.072624,
            1645668935.072629,
            1645668935.072634,
            1645668935.144769,
            1645668935.386698,
            1645668935.386737,
            1645668935.419084,
            1645668935.419105,
            1645668935.419259,
            1645668935.419271,
            1645668935.419282,
            1645668935.419286,
            1645668935.419293,
            1645668935.419297,
            1645668935.477894,
            1645668935.477925,
            1645668935.5103,
            1645668935.510332,
            1645668935.510346,
            1645668935.510476,
            1645668935.510481,
            1645668935.510486,
            1645668935.51049,
            1645668935.669229,
            1645668935.669258,
            1645668935.677151,
            1645668935.677182,
            1645668935.701615,
            1645668935.701694,
            1645668935.701707,
            1645668935.701797,
            1645668935.701802,
            1645668935.701805,
            1645668935.701809,
            1645668935.70954,
            1645668935.709631,
            1645668935.709639,
            1645668935.709642,
            1645668935.709732,
            1645668935.710085,
            1645668935.943841,
            1645668935.943876,
            1645668935.967516,
            1645668935.967546,
            1645668935.976648,
            1645668935.976751,
            1645668935.976759,
            1645668935.976771,
            1645668935.976776,
            1645668935.976834,
            1645668935.976838,
            1645668935.999564,
            1645668935.999591,
            1645668936.000049,
            1645668936.000073,
            1645668936.000134,
            1645668936.000151,
            1645668936.000234,
            1645668936.031968
        ],
        "ps_list": [
            158,
            184,
            225,
            121,
            66,
            101,
            66,
            97,
            66,
            97,
            66,
            101,
            66,
            191,
            66,
            260,
            66,
            66,
            121,
            225,
            66,
            66,
            101,
            66,
            121,
            66,
            255,
            66,
            121,
            225,
            66,
            101,
            66,
            120,
            66,
            251,
            66,
            121,
            225,
            121,
            225,
            66,
            101,
            66,
            121,
            66,
            258,
            66,
            66,
            101,
            66,
            104,
            255,
            66,
            121,
            225,
            121,
            225,
            66,
            101,
            66,
            108,
            66,
            438,
            66,
            121,
            225,
            66,
            101,
            116,
            66,
            438,
            66
        ],
        "direction_list": [
            0,
            0,
            0,
            1,
            0,
            1,
            0,
            1,
            0,
            0,
            1,
            1,
            0,
            1,
            0,
            1,
            0,
            1,
            0,
            0,
            1,
            1,
            1,
            0,
            1,
            0,
            1,
            0,
            0,
            0,
            1,
            1,
            0,
            1,
            0,
            1,
            0,
            0,
            0,
            0,
            0,
            1,
            1,
            0,
            1,
            0,
            1,
            0,
            1,
            1,
            0,
            1,
            1,
            0,
            0,
            0,
            0,
            0,
            1,
            1,
            0,
            1,
            0,
            1,
            0,
            0,
            0,
            1,
            1,
            1,
            0,
            1,
            1
        ],
        "piat_list": [
            0.2598762512207031,
            0.17499923706054688,
            0.025987625122070312,
            32.20415115356445,
            0.03886222839355469,
            0.011920928955078125,
            0.007152557373046875,
            0.011920928955078125,
            0.0050067901611328125,
            0.09608268737792969,
            0.07891654968261719,
            0.09703636169433594,
            0.0050067901611328125,
            0.09894371032714844,
            0.0050067901611328125,
            0.0050067901611328125,
            0.0050067901611328125,
            72.13497161865234,
            241.9290542602539,
            0.03910064697265625,
            32.34696388244629,
            0.0209808349609375,
            0.15401840209960938,
            0.011920928955078125,
            0.010967254638671875,
            0.0040531158447265625,
            0.0069141387939453125,
            0.0040531158447265625,
            58.59708786010742,
            0.030994415283203125,
            32.37485885620117,
            0.03218650817871094,
            0.013828277587890625,
            0.13017654418945312,
            0.0050067901611328125,
            0.00476837158203125,
            0.0040531158447265625,
            158.7390899658203,
            0.029087066650390625,
            7.892847061157227,
            0.030994415283203125,
            24.433135986328125,
            0.07891654968261719,
            0.012874603271484375,
            0.09012222290039062,
            0.0050067901611328125,
            0.0030994415283203125,
            0.003814697265625,
            7.730960845947266,
            0.09107589721679688,
            0.008106231689453125,
            0.00286102294921875,
            0.09012222290039062,
            0.3528594970703125,
            233.75606536865234,
            0.03504753112792969,
            23.639917373657227,
            0.030040740966796875,
            9.102106094360352,
            0.102996826171875,
            0.007867813110351562,
            0.012159347534179688,
            0.00476837158203125,
            0.05817413330078125,
            0.0040531158447265625,
            22.725820541381836,
            0.027179718017578125,
            0.45800209045410156,
            0.02384185791015625,
            0.06103515625,
            0.016927719116210938,
            0.08296966552734375,
            31.734228134155273
        ]
    }
}