{
    "(2886734945, 3741713926, 60618, 443, 'tcp', 0)": {
        "ts_list": [
            1645669256.128624,
            1645669256.128845,
            1645669256.128875,
            1645669256.157111,
            1645669256.157142,
            1645669256.157198,
            1645669256.157206,
            1645669256.157207,
            1645669256.15721,
            1645669256.157294,
            1645669256.157395,
            1645669256.1574,
            1645669256.157468,
            1645669256.157495,
            1645669256.157499,
            1645669256.157507,
            1645669256.157511,
            1645669256.224918,
            1645669256.45569,
            1645669256.455732,
            1645669256.484131,
            1645669256.48415,
            1645669256.484999,
            1645669256.485015,
            1645669256.485375,
            1645669256.485385,
            1645669256.485397,
            1645669256.485401,
            1645669256.559874,
            1645669256.55992,
            1645669256.588357,
            1645669256.58844,
            1645669256.588455,
            1645669256.588597,
            1645669256.588601,
            1645669256.588697,
            1645669256.588701,
            1645669256.731791,
            1645669256.731817,
            1645669256.739611,
            1645669256.739632,
            1645669256.76022,
            1645669256.760336,
            1645669256.760344,
            1645669256.760349,
            1645669256.760355,
            1645669256.760362,
            1645669256.760364,
            1645669256.768356,
            1645669256.768457,
            1645669256.768462,
            1645669256.768465,
            1645669256.768577,
            1645669256.768935,
            1645669257.030266,
            1645669257.030298,
            1645669257.062686,
            1645669257.062787,
            1645669257.062795,
            1645669257.062886,
            1645669257.06289,
            1645669257.062988,
            1645669257.062991
        ],
        "ps_list": [
            158,
            184,
            225,
            121,
            66,
            101,
            66,
            97,
            66,
            66,
            101,
            66,
            97,
            191,
            66,
            260,
            66,
            66,
            121,
            225,
            66,
            66,
            101,
            66,
            122,
            66,
            255,
            66,
            121,
            225,
            66,
            101,
            66,
            121,
            66,
            251,
            66,
            121,
            225,
            121,
            225,
            66,
            101,
            66,
            121,
            66,
            258,
            66,
            66,
            101,
            66,
            104,
            255,
            66,
            121,
            225,
            66,
            101,
            66,
            144,
            66,
            297,
            66
        ],
        "direction_list": [
            0,
            0,
            0,
            1,
            0,
            1,
            0,
            1,
            0,
            1,
            1,
            0,
            0,
            1,
            0,
            1,
            0,
            1,
            0,
            0,
            1,
            1,
            1,
            0,
            1,
            0,
            1,
            0,
            0,
            0,
            1,
            1,
            0,
            1,
            0,
            1,
            0,
            0,
            0,
            0,
            0,
            1,
            1,
            0,
            1,
            0,
            1,
            0,
            1,
            1,
            0,
            1,
            1,
            0,
            0,
            0,
            1,
            1,
            0,
            1,
            0,
            1,
            0
        ],
        "piat_list": [
            0.3349781036376953,
            0.22101402282714844,
            0.030040740966796875,
            28.235912322998047,
            0.030994415283203125,
            0.05602836608886719,
            0.008106231689453125,
            0.00095367431640625,
            0.0030994415283203125,
            0.08392333984375,
            0.10085105895996094,
            0.0050067901611328125,
            0.06818771362304688,
            0.026941299438476562,
            0.0040531158447265625,
            0.007867813110351562,
            0.0040531158447265625,
            67.40689277648926,
            230.7720184326172,
            0.04220008850097656,
            28.398990631103516,
            0.018835067749023438,
            0.8490085601806641,
            0.015974044799804688,
            0.3600120544433594,
            0.010013580322265625,
            0.012159347534179688,
            0.003814697265625,
            74.47314262390137,
            0.04601478576660156,
            28.436899185180664,
            0.08296966552734375,
            0.015020370483398438,
            0.14209747314453125,
            0.0040531158447265625,
            0.09584426879882812,
            0.0040531158447265625,
            143.09000968933105,
            0.025987625122070312,
            7.793903350830078,
            0.0209808349609375,
            20.588159561157227,
            0.11587142944335938,
            0.008106231689453125,
            0.0050067901611328125,
            0.0059604644775390625,
            0.0069141387939453125,
            0.0021457672119140625,
            7.992029190063477,
            0.10085105895996094,
            0.0050067901611328125,
            0.0030994415283203125,
            0.11205673217773438,
            0.3578662872314453,
            261.33108139038086,
            0.031948089599609375,
            32.38797187805176,
            0.1010894775390625,
            0.007867813110351562,
            0.09107589721679688,
            0.0040531158447265625,
            0.09799003601074219,
            0.00286102294921875
        ]
    }
}