{
    "(2886734945, 3741648133, 59976, 443, 'tcp', 0)": {
        "ts_list": [
            1645420637.639457,
            1645420637.639644,
            1645420637.639668,
            1645420637.649199,
            1645420637.649282,
            1645420637.649299,
            1645420637.649306,
            1645420637.64931,
            1645420637.649382,
            1645420637.649386,
            1645420637.649724,
            1645420637.650242,
            1645420637.650247,
            1645420637.650341,
            1645420637.650345,
            1645420637.699324,
            1645420637.941643,
            1645420637.941675,
            1645420637.951203,
            1645420637.951222,
            1645420637.951391,
            1645420637.951401,
            1645420637.952213,
            1645420637.952217,
            1645420637.952313,
            1645420637.952317,
            1645420638.053329,
            1645420638.053354,
            1645420638.054892,
            1645420638.054917,
            1645420638.06328,
            1645420638.06336,
            1645420638.063369,
            1645420638.064262,
            1645420638.06427,
            1645420638.064368,
            1645420638.064372,
            1645420638.064468,
            1645420638.064472,
            1645420638.065245,
            1645420638.065253,
            1645420638.065341,
            1645420638.065347,
            1645420639.691512,
            1645420639.691543,
            1645420639.701272,
            1645420639.70135,
            1645420639.701362,
            1645420639.70218,
            1645420639.702186,
            1645420639.702279,
            1645420639.702282
        ],
        "ps_list": [
            158,
            184,
            225,
            66,
            121,
            66,
            110,
            66,
            101,
            66,
            97,
            190,
            66,
            260,
            66,
            66,
            121,
            225,
            66,
            66,
            101,
            66,
            121,
            66,
            255,
            66,
            121,
            225,
            121,
            225,
            66,
            101,
            66,
            144,
            66,
            691,
            66,
            101,
            66,
            121,
            66,
            703,
            66,
            121,
            225,
            66,
            101,
            66,
            145,
            66,
            272,
            66
        ],
        "direction_list": [
            0,
            0,
            0,
            1,
            1,
            0,
            1,
            0,
            1,
            0,
            0,
            1,
            0,
            1,
            0,
            1,
            0,
            0,
            1,
            1,
            1,
            0,
            1,
            0,
            1,
            0,
            0,
            0,
            0,
            0,
            1,
            1,
            0,
            1,
            0,
            1,
            0,
            1,
            0,
            1,
            0,
            1,
            0,
            0,
            0,
            1,
            1,
            0,
            1,
            0,
            1,
            0
        ],
        "piat_list": [
            0.2589225769042969,
            0.186920166015625,
            0.024080276489257812,
            9.531021118164062,
            0.08296966552734375,
            0.016927719116210938,
            0.007152557373046875,
            0.0040531158447265625,
            0.07200241088867188,
            0.003814697265625,
            0.3380775451660156,
            0.5180835723876953,
            0.0050067901611328125,
            0.09393692016601562,
            0.0040531158447265625,
            48.97880554199219,
            242.31910705566406,
            0.031948089599609375,
            9.528160095214844,
            0.018835067749023438,
            0.1690387725830078,
            0.010013580322265625,
            0.8120536804199219,
            0.0040531158447265625,
            0.09584426879882812,
            0.0040531158447265625,
            101.01199150085449,
            0.025033950805664062,
            1.5380382537841797,
            0.025033950805664062,
            8.363008499145508,
            0.07987022399902344,
            0.009059906005859375,
            0.8928775787353516,
            0.008106231689453125,
            0.09799003601074219,
            0.0040531158447265625,
            0.09584426879882812,
            0.0040531158447265625,
            0.7729530334472656,
            0.008106231689453125,
            0.08797645568847656,
            0.0059604644775390625,
            1626.1651515960693,
            0.030994415283203125,
            9.72890853881836,
            0.07796287536621094,
            0.011920928955078125,
            0.8180141448974609,
            0.006198883056640625,
            0.09298324584960938,
            0.00286102294921875
        ]
    }
}