{
    "(2886734945, 3741648133, 60092, 443, 'tcp', 0)": {
        "ts_list": [
            1645765494.095663,
            1645765494.095847,
            1645765494.095873,
            1645765494.103793,
            1645765494.103817,
            1645765494.103926,
            1645765494.104078,
            1645765494.104085,
            1645765494.104182,
            1645765494.104187,
            1645765494.104192,
            1645765494.10429,
            1645765494.104295,
            1645765494.1043,
            1645765494.104304,
            1645765494.104389,
            1645765494.104393,
            1645765494.151325,
            1645765494.50365,
            1645765494.503688,
            1645765494.511917,
            1645765494.511998,
            1645765494.51297,
            1645765494.512987,
            1645765494.513337,
            1645765494.513348,
            1645765494.513363,
            1645765494.513368,
            1645765494.615423,
            1645765494.615458,
            1645765494.623672,
            1645765494.623844,
            1645765494.623855,
            1645765494.624009,
            1645765494.624016,
            1645765494.62411,
            1645765494.624116,
            1645765494.746835,
            1645765494.746876,
            1645765494.75516,
            1645765494.755265,
            1645765494.755279,
            1645765494.755367,
            1645765494.755372,
            1645765494.755374,
            1645765494.755378,
            1645765494.770855,
            1645765494.770884,
            1645765494.779117,
            1645765494.779204,
            1645765494.779308,
            1645765494.779311,
            1645765494.780698,
            1645765495.049697,
            1645765495.049741,
            1645765495.057977,
            1645765495.05807,
            1645765495.058171,
            1645765495.058174,
            1645765495.064521
        ],
        "ps_list": [
            158,
            184,
            225,
            121,
            66,
            97,
            101,
            66,
            97,
            66,
            66,
            101,
            66,
            191,
            66,
            260,
            66,
            66,
            121,
            225,
            66,
            66,
            101,
            66,
            121,
            66,
            255,
            66,
            121,
            225,
            66,
            101,
            66,
            120,
            66,
            372,
            66,
            121,
            225,
            66,
            101,
            66,
            120,
            66,
            375,
            66,
            121,
            225,
            66,
            101,
            107,
            919,
            66,
            121,
            225,
            66,
            101,
            144,
            272,
            66
        ],
        "direction_list": [
            0,
            0,
            0,
            1,
            0,
            0,
            1,
            0,
            1,
            0,
            1,
            1,
            0,
            1,
            0,
            1,
            0,
            1,
            0,
            0,
            1,
            1,
            1,
            0,
            1,
            0,
            1,
            0,
            0,
            0,
            1,
            1,
            0,
            1,
            0,
            1,
            0,
            0,
            0,
            1,
            1,
            0,
            1,
            0,
            1,
            0,
            0,
            0,
            1,
            1,
            1,
            1,
            0,
            0,
            0,
            1,
            1,
            1,
            1,
            0
        ],
        "piat_list": [
            0.3731250762939453,
            0.1838207244873047,
            0.026226043701171875,
            7.919788360595703,
            0.024080276489257812,
            0.10895729064941406,
            0.15211105346679688,
            0.0069141387939453125,
            0.09703636169433594,
            0.0050067901611328125,
            0.0050067901611328125,
            0.09799003601074219,
            0.0050067901611328125,
            0.0050067901611328125,
            0.0040531158447265625,
            0.08487701416015625,
            0.0040531158447265625,
            46.93198204040527,
            352.3249626159668,
            0.03814697265625,
            8.22901725769043,
            0.08082389831542969,
            0.9720325469970703,
            0.016927719116210938,
            0.34999847412109375,
            0.011205673217773438,
            0.014781951904296875,
            0.0050067901611328125,
            102.05507278442383,
            0.03504753112792969,
            8.213996887207031,
            0.17189979553222656,
            0.011205673217773438,
            0.1537799835205078,
            0.007152557373046875,
            0.09393692016601562,
            0.0059604644775390625,
            122.71904945373535,
            0.04100799560546875,
            8.28409194946289,
            0.1049041748046875,
            0.014066696166992188,
            0.08797645568847656,
            0.0050067901611328125,
            0.0019073486328125,
            0.0040531158447265625,
            15.47694206237793,
            0.029087066650390625,
            8.233070373535156,
            0.08678436279296875,
            0.10418891906738281,
            0.00286102294921875,
            1.3871192932128906,
            268.9988613128662,
            0.04410743713378906,
            8.235931396484375,
            0.09298324584960938,
            0.1010894775390625,
            0.00286102294921875,
            6.347179412841797
        ]
    }
}