{
    "(2886734945, 3741648133, 47852, 443, 'tcp', 0)": {
        "ts_list": [
            1645463628.038169,
            1645463628.038373,
            1645463628.038395,
            1645463628.046843,
            1645463628.046873,
            1645463628.046972,
            1645463628.047775,
            1645463628.047874,
            1645463628.047892,
            1645463628.047895,
            1645463628.047899,
            1645463628.047902,
            1645463628.047905,
            1645463628.048813,
            1645463628.04882,
            1645463628.04891,
            1645463628.048915,
            1645463628.095862,
            1645463628.325526,
            1645463628.325565,
            1645463628.334783,
            1645463628.334806,
            1645463628.334969,
            1645463628.33498,
            1645463628.33584,
            1645463628.335845,
            1645463628.335853,
            1645463628.335857,
            1645463628.412022,
            1645463628.41205,
            1645463628.420829,
            1645463628.420903,
            1645463628.420912,
            1645463628.421925,
            1645463628.421938,
            1645463628.421946,
            1645463628.42195,
            1645463628.43471,
            1645463628.43474,
            1645463628.443855,
            1645463628.443894,
            1645463628.444823,
            1645463628.44483,
            1645463628.444861,
            1645463628.655496,
            1645463628.655539,
            1645463628.664856,
            1645463628.664924,
            1645463628.665866,
            1645463628.665882,
            1645463628.665915,
            1645463628.799454,
            1645463628.799486,
            1645463628.808832,
            1645463628.808869,
            1645463628.809905,
            1645463628.809912,
            1645463628.809939,
            1645463628.814316,
            1645463628.814338,
            1645463628.823809,
            1645463628.823912,
            1645463628.824882,
            1645463628.824885,
            1645463628.824945
        ],
        "ps_list": [
            158,
            184,
            225,
            121,
            66,
            97,
            66,
            101,
            66,
            97,
            66,
            101,
            66,
            191,
            66,
            260,
            66,
            66,
            121,
            225,
            66,
            66,
            101,
            66,
            121,
            66,
            255,
            66,
            121,
            225,
            66,
            101,
            66,
            120,
            66,
            496,
            66,
            121,
            225,
            66,
            101,
            120,
            302,
            66,
            121,
            225,
            66,
            101,
            119,
            297,
            66,
            121,
            225,
            66,
            101,
            122,
            272,
            66,
            121,
            225,
            66,
            101,
            122,
            332,
            66
        ],
        "direction_list": [
            0,
            0,
            0,
            1,
            0,
            0,
            1,
            1,
            0,
            1,
            0,
            1,
            0,
            1,
            0,
            1,
            0,
            1,
            0,
            0,
            1,
            1,
            1,
            0,
            1,
            0,
            1,
            0,
            0,
            0,
            1,
            1,
            0,
            1,
            0,
            1,
            0,
            0,
            0,
            1,
            1,
            1,
            1,
            0,
            0,
            0,
            1,
            1,
            1,
            1,
            0,
            0,
            0,
            1,
            1,
            1,
            1,
            0,
            0,
            0,
            1,
            1,
            1,
            1,
            0
        ],
        "piat_list": [
            0.3039836883544922,
            0.2040863037109375,
            0.02193450927734375,
            8.448123931884766,
            0.030040740966796875,
            0.09894371032714844,
            0.8029937744140625,
            0.09894371032714844,
            0.01811981201171875,
            0.00286102294921875,
            0.0040531158447265625,
            0.0030994415283203125,
            0.00286102294921875,
            0.9081363677978516,
            0.0069141387939453125,
            0.08988380432128906,
            0.0050067901611328125,
            46.94700241088867,
            229.66408729553223,
            0.03910064697265625,
            9.217977523803711,
            0.02288818359375,
            0.16307830810546875,
            0.010967254638671875,
            0.8599758148193359,
            0.0050067901611328125,
            0.008106231689453125,
            0.003814697265625,
            76.16519927978516,
            0.027894973754882812,
            8.779048919677734,
            0.07390975952148438,
            0.009059906005859375,
            1.013040542602539,
            0.012874603271484375,
            0.008106231689453125,
            0.0040531158447265625,
            12.759923934936523,
            0.030040740966796875,
            9.114980697631836,
            0.03886222839355469,
            0.9291172027587891,
            0.0069141387939453125,
            0.030994415283203125,
            210.63494682312012,
            0.04315376281738281,
            9.31692123413086,
            0.06794929504394531,
            0.9419918060302734,
            0.01621246337890625,
            0.032901763916015625,
            133.53896141052246,
            0.031948089599609375,
            9.34600830078125,
            0.03695487976074219,
            1.0361671447753906,
            0.0069141387939453125,
            0.026941299438476562,
            4.377126693725586,
            0.02193450927734375,
            9.470939636230469,
            0.102996826171875,
            0.9701251983642578,
            0.00286102294921875,
            0.06008148193359375
        ]
    }
}