{
    "(2886734945, 3741648133, 41558, 443, 'tcp', 0)": {
        "ts_list": [
            1644999547.022684,
            1644999547.022898,
            1644999547.022925,
            1644999547.024784,
            1644999547.024805,
            1644999547.024899,
            1644999547.030769,
            1644999547.030791,
            1644999547.030859,
            1644999547.030865,
            1644999547.031702,
            1644999547.031849,
            1644999547.031853,
            1644999547.032805,
            1644999547.03281,
            1644999547.032811,
            1644999547.032816,
            1644999547.073746,
            1644999547.318243,
            1644999547.318286,
            1644999547.32672,
            1644999547.326747,
            1644999547.326895,
            1644999547.326904,
            1644999547.327832,
            1644999547.327838,
            1644999547.327843,
            1644999547.327848,
            1644999547.416163,
            1644999547.416197,
            1644999547.424799,
            1644999547.424877,
            1644999547.424887,
            1644999547.425758,
            1644999547.425764,
            1644999547.425767,
            1644999547.425772,
            1644999547.673827,
            1644999547.673873,
            1644999547.682763,
            1644999547.682797,
            1644999547.682809,
            1644999547.683773,
            1644999547.68378,
            1644999547.683788,
            1644999547.683792,
            1644999547.725402,
            1644999547.725433,
            1644999547.732099,
            1644999547.732129,
            1644999547.733818,
            1644999547.733903,
            1644999547.733913,
            1644999547.734871,
            1644999547.734883,
            1644999547.734893,
            1644999547.734897,
            1644999547.74073,
            1644999547.740819,
            1644999547.740827,
            1644999547.741736,
            1644999547.741741,
            1644999547.741835,
            1644999547.741839,
            1644999548.507692,
            1644999548.507746,
            1644999548.515769,
            1644999548.515841,
            1644999548.515853,
            1644999548.516758,
            1644999548.516771,
            1644999548.516778,
            1644999548.516782
        ],
        "ps_list": [
            158,
            184,
            225,
            121,
            66,
            97,
            101,
            66,
            97,
            66,
            66,
            101,
            66,
            190,
            66,
            260,
            66,
            66,
            121,
            225,
            66,
            66,
            101,
            66,
            121,
            66,
            255,
            66,
            121,
            225,
            66,
            101,
            66,
            122,
            66,
            252,
            66,
            121,
            225,
            66,
            101,
            66,
            121,
            66,
            272,
            66,
            121,
            225,
            121,
            225,
            66,
            101,
            66,
            108,
            66,
            256,
            66,
            66,
            101,
            66,
            119,
            66,
            339,
            66,
            121,
            225,
            66,
            101,
            66,
            145,
            66,
            253,
            66
        ],
        "direction_list": [
            0,
            0,
            0,
            1,
            0,
            0,
            1,
            0,
            1,
            0,
            1,
            1,
            0,
            1,
            0,
            1,
            0,
            1,
            0,
            0,
            1,
            1,
            1,
            0,
            1,
            0,
            1,
            0,
            0,
            0,
            1,
            1,
            0,
            1,
            0,
            1,
            0,
            0,
            0,
            1,
            1,
            0,
            1,
            0,
            1,
            0,
            0,
            0,
            0,
            0,
            1,
            1,
            0,
            1,
            0,
            1,
            0,
            1,
            1,
            0,
            1,
            0,
            1,
            0,
            0,
            0,
            1,
            1,
            0,
            1,
            0,
            1,
            0
        ],
        "piat_list": [
            6.247043609619141,
            0.21386146545410156,
            0.026941299438476562,
            1.8591880798339844,
            0.0209808349609375,
            0.09393692016601562,
            5.87010383605957,
            0.02193450927734375,
            0.06794929504394531,
            0.0059604644775390625,
            0.8370876312255859,
            0.1468658447265625,
            0.0040531158447265625,
            0.9520053863525391,
            0.0050067901611328125,
            0.00095367431640625,
            0.0050067901611328125,
            40.93003273010254,
            244.49706077575684,
            0.04291534423828125,
            8.434057235717773,
            0.026941299438476562,
            0.1480579376220703,
            0.009059906005859375,
            0.9279251098632812,
            0.0059604644775390625,
            0.0050067901611328125,
            0.0050067901611328125,
            88.31501007080078,
            0.03409385681152344,
            8.601903915405273,
            0.07796287536621094,
            0.010013580322265625,
            0.8709430694580078,
            0.006198883056640625,
            0.00286102294921875,
            0.0050067901611328125,
            248.05498123168945,
            0.04601478576660156,
            8.890151977539062,
            0.033855438232421875,
            0.012159347534179688,
            0.9639263153076172,
            0.0069141387939453125,
            0.008106231689453125,
            0.0040531158447265625,
            41.610002517700195,
            0.030994415283203125,
            6.665945053100586,
            0.030040740966796875,
            1.6889572143554688,
            0.08487701416015625,
            0.010013580322265625,
            0.9579658508300781,
            0.012159347534179688,
            0.010013580322265625,
            0.003814697265625,
            5.833148956298828,
            0.08893013000488281,
            0.008106231689453125,
            0.9088516235351562,
            0.0050067901611328125,
            0.09417533874511719,
            0.003814697265625,
            765.8531665802002,
            0.053882598876953125,
            8.02302360534668,
            0.07200241088867188,
            0.011920928955078125,
            0.9050369262695312,
            0.013113021850585938,
            0.0069141387939453125,
            0.0040531158447265625
        ]
    }
}