{
    "(2886734945, 3741713926, 41892, 443, 'tcp', 0)": {
        "ts_list": [
            1645214498.656657,
            1645214498.656829,
            1645214498.656851,
            1645214498.684569,
            1645214498.684605,
            1645214498.684628,
            1645214498.684749,
            1645214498.684755,
            1645214498.684757,
            1645214498.68476,
            1645214498.685184,
            1645214498.685562,
            1645214498.685571,
            1645214498.685653,
            1645214498.68566,
            1645214498.752621,
            1645214498.919828,
            1645214498.91986,
            1645214498.947628,
            1645214498.947649,
            1645214498.947801,
            1645214498.947813,
            1645214498.948594,
            1645214498.948601,
            1645214498.948711,
            1645214498.948716,
            1645214499.02168,
            1645214499.021708,
            1645214499.049605,
            1645214499.049629,
            1645214499.049643,
            1645214499.050561,
            1645214499.050569,
            1645214499.050659,
            1645214499.050665,
            1645214499.334219,
            1645214499.334242,
            1645214499.361585,
            1645214499.361604,
            1645214499.361613,
            1645214499.362608,
            1645214499.362613,
            1645214499.362702,
            1645214499.362707,
            1645214499.436801,
            1645214499.436825,
            1645214499.464689,
            1645214499.464707,
            1645214499.464714,
            1645214499.465659,
            1645214499.465667,
            1645214499.465753,
            1645214499.465757,
            1645214499.476857,
            1645214499.476879,
            1645214499.504571,
            1645214499.504651,
            1645214499.505591,
            1645214499.505611,
            1645214499.505685,
            1645214499.546776
        ],
        "ps_list": [
            158,
            184,
            225,
            66,
            121,
            66,
            110,
            66,
            101,
            66,
            97,
            191,
            66,
            260,
            66,
            66,
            121,
            225,
            66,
            66,
            101,
            66,
            121,
            66,
            255,
            66,
            121,
            225,
            66,
            101,
            66,
            145,
            66,
            284,
            66,
            121,
            225,
            66,
            101,
            66,
            122,
            66,
            290,
            66,
            121,
            225,
            66,
            101,
            66,
            121,
            66,
            272,
            66,
            121,
            225,
            66,
            101,
            122,
            66,
            294,
            66
        ],
        "direction_list": [
            0,
            0,
            0,
            1,
            1,
            0,
            1,
            0,
            1,
            0,
            0,
            1,
            0,
            1,
            0,
            1,
            0,
            0,
            1,
            1,
            1,
            0,
            1,
            0,
            1,
            0,
            0,
            0,
            1,
            1,
            0,
            1,
            0,
            1,
            0,
            0,
            0,
            1,
            1,
            0,
            1,
            0,
            1,
            0,
            0,
            0,
            1,
            1,
            0,
            1,
            0,
            1,
            0,
            0,
            0,
            1,
            1,
            1,
            0,
            1,
            0
        ],
        "piat_list": [
            0.2510547637939453,
            0.17213821411132812,
            0.02193450927734375,
            27.71782875061035,
            0.03600120544433594,
            0.023126602172851562,
            0.12087821960449219,
            0.006198883056640625,
            0.0019073486328125,
            0.0030994415283203125,
            0.4239082336425781,
            0.37789344787597656,
            0.009059906005859375,
            0.0820159912109375,
            0.0069141387939453125,
            66.96105003356934,
            167.2070026397705,
            0.031948089599609375,
            27.76813507080078,
            0.0209808349609375,
            0.15211105346679688,
            0.011920928955078125,
            0.7810592651367188,
            0.0069141387939453125,
            0.10991096496582031,
            0.0050067901611328125,
            72.96419143676758,
            0.027894973754882812,
            27.896881103515625,
            0.024080276489257812,
            0.014066696166992188,
            0.9179115295410156,
            0.008106231689453125,
            0.08988380432128906,
            0.0059604644775390625,
            283.5540771484375,
            0.023126602172851562,
            27.342796325683594,
            0.019073486328125,
            0.009059906005859375,
            0.9949207305908203,
            0.0050067901611328125,
            0.08893013000488281,
            0.0050067901611328125,
            74.09405708312988,
            0.024080276489257812,
            27.86397933959961,
            0.017881393432617188,
            0.007152557373046875,
            0.9448528289794922,
            0.008106231689453125,
            0.08606910705566406,
            0.003814697265625,
            11.100053787231445,
            0.02193450927734375,
            27.692079544067383,
            0.080108642578125,
            0.9398460388183594,
            0.02002716064453125,
            0.07414817810058594,
            41.090965270996094
        ]
    }
}