{
    "(2886734945, 3741648133, 37504, 443, 'tcp', 0)": {
        "ts_list": [
            1645214754.181824,
            1645214754.182025,
            1645214754.182059,
            1645214754.191741,
            1645214754.191772,
            1645214754.191785,
            1645214754.19193,
            1645214754.191937,
            1645214754.191939,
            1645214754.191946,
            1645214754.192759,
            1645214754.192771,
            1645214754.19285,
            1645214754.192855,
            1645214754.193909,
            1645214754.243702,
            1645214754.471264,
            1645214754.471308,
            1645214754.480812,
            1645214754.480833,
            1645214754.480993,
            1645214754.481004,
            1645214754.481835,
            1645214754.48184,
            1645214754.481935,
            1645214754.481939,
            1645214754.573851,
            1645214754.57389,
            1645214754.583859,
            1645214754.58394,
            1645214754.583951,
            1645214754.58481,
            1645214754.584814,
            1645214754.584907,
            1645214754.584911,
            1645214754.857412,
            1645214754.85744,
            1645214754.867779,
            1645214754.867987,
            1645214754.867996,
            1645214754.869079,
            1645214754.869085,
            1645214754.86909,
            1645214754.869093,
            1645214754.962357,
            1645214754.96238,
            1645214754.972833,
            1645214754.973354,
            1645214754.973363,
            1645214754.975545,
            1645214754.975552,
            1645214754.975558,
            1645214754.975563,
            1645214754.991727,
            1645214754.991747,
            1645214755.001759,
            1645214755.001923,
            1645214755.003816,
            1645214755.003824,
            1645214755.003845
        ],
        "ps_list": [
            158,
            184,
            225,
            66,
            121,
            66,
            110,
            66,
            101,
            66,
            191,
            66,
            260,
            66,
            97,
            66,
            121,
            225,
            66,
            66,
            101,
            66,
            121,
            66,
            255,
            66,
            121,
            225,
            66,
            101,
            66,
            122,
            66,
            284,
            66,
            121,
            225,
            66,
            101,
            66,
            121,
            66,
            290,
            66,
            121,
            225,
            66,
            101,
            66,
            122,
            66,
            272,
            66,
            121,
            225,
            66,
            101,
            122,
            294,
            66
        ],
        "direction_list": [
            0,
            0,
            0,
            1,
            1,
            0,
            1,
            0,
            1,
            0,
            1,
            0,
            1,
            0,
            0,
            1,
            0,
            0,
            1,
            1,
            1,
            0,
            1,
            0,
            1,
            0,
            0,
            0,
            1,
            1,
            0,
            1,
            0,
            1,
            0,
            0,
            0,
            1,
            1,
            0,
            1,
            0,
            1,
            0,
            0,
            0,
            1,
            1,
            0,
            1,
            0,
            1,
            0,
            0,
            0,
            1,
            1,
            1,
            1,
            0
        ],
        "piat_list": [
            0.30493736267089844,
            0.2009868621826172,
            0.03409385681152344,
            9.681940078735352,
            0.030994415283203125,
            0.013113021850585938,
            0.14495849609375,
            0.0069141387939453125,
            0.0021457672119140625,
            0.0069141387939453125,
            0.8130073547363281,
            0.011920928955078125,
            0.07915496826171875,
            0.00476837158203125,
            1.0540485382080078,
            49.79300498962402,
            227.56195068359375,
            0.04410743713378906,
            9.504079818725586,
            0.0209808349609375,
            0.15997886657714844,
            0.010967254638671875,
            0.8308887481689453,
            0.0050067901611328125,
            0.09512901306152344,
            0.0040531158447265625,
            91.91203117370605,
            0.03886222839355469,
            9.968996047973633,
            0.08106231689453125,
            0.010967254638671875,
            0.8590221405029297,
            0.0040531158447265625,
            0.09298324584960938,
            0.0040531158447265625,
            272.50099182128906,
            0.027894973754882812,
            10.339021682739258,
            0.2079010009765625,
            0.009059906005859375,
            1.0831356048583984,
            0.0059604644775390625,
            0.0050067901611328125,
            0.00286102294921875,
            93.26410293579102,
            0.02288818359375,
            10.452985763549805,
            0.5211830139160156,
            0.008821487426757812,
            2.1820068359375,
            0.007152557373046875,
            0.0059604644775390625,
            0.0050067901611328125,
            16.164064407348633,
            0.019788742065429688,
            10.012149810791016,
            0.164031982421875,
            1.8928050994873047,
            0.008106231689453125,
            0.0209808349609375
        ]
    }
}