{
    "(2886734945, 3741648133, 59730, 443, 'tcp', 0)": {
        "ts_list": [
            1645116726.54878,
            1645116726.548966,
            1645116726.54899,
            1645116726.558164,
            1645116726.558195,
            1645116726.558207,
            1645116726.558226,
            1645116726.558233,
            1645116726.55833,
            1645116726.558355,
            1645116726.558365,
            1645116726.559185,
            1645116726.559199,
            1645116726.559207,
            1645116726.559213,
            1645116726.607155,
            1645116726.86247,
            1645116726.86251,
            1645116726.871229,
            1645116726.871255,
            1645116726.871308,
            1645116726.87132,
            1645116726.872169,
            1645116726.872174,
            1645116726.872179,
            1645116726.872183,
            1645116726.9574,
            1645116726.957425,
            1645116726.966157,
            1645116726.966383,
            1645116726.966395,
            1645116726.967204,
            1645116726.967213,
            1645116726.967301,
            1645116726.967306,
            1645116727.394801,
            1645116727.394843,
            1645116727.40419,
            1645116727.40429,
            1645116727.404305,
            1645116727.405185,
            1645116727.405202,
            1645116727.405212,
            1645116727.405216,
            1645116727.525273,
            1645116727.525301,
            1645116727.534213,
            1645116727.534293,
            1645116727.534306,
            1645116727.535209,
            1645116727.535218,
            1645116727.535308,
            1645116727.535313
        ],
        "ps_list": [
            158,
            184,
            225,
            66,
            121,
            66,
            110,
            66,
            97,
            101,
            66,
            190,
            66,
            260,
            66,
            66,
            121,
            225,
            66,
            66,
            101,
            66,
            122,
            66,
            255,
            66,
            121,
            225,
            66,
            101,
            66,
            121,
            66,
            249,
            66,
            121,
            225,
            66,
            101,
            66,
            144,
            66,
            297,
            66,
            121,
            225,
            66,
            101,
            66,
            120,
            66,
            332,
            66
        ],
        "direction_list": [
            0,
            0,
            0,
            1,
            1,
            0,
            1,
            0,
            0,
            1,
            0,
            1,
            0,
            1,
            0,
            1,
            0,
            0,
            1,
            1,
            1,
            0,
            1,
            0,
            1,
            0,
            0,
            0,
            1,
            1,
            0,
            1,
            0,
            1,
            0,
            0,
            0,
            1,
            1,
            0,
            1,
            0,
            1,
            0,
            0,
            0,
            1,
            1,
            0,
            1,
            0,
            1,
            0
        ],
        "piat_list": [
            0.22792816162109375,
            0.18596649169921875,
            0.024080276489257812,
            9.173870086669922,
            0.031232833862304688,
            0.011920928955078125,
            0.019073486328125,
            0.0069141387939453125,
            0.09703636169433594,
            0.025033950805664062,
            0.010013580322265625,
            0.8199214935302734,
            0.014066696166992188,
            0.007867813110351562,
            0.0059604644775390625,
            47.942161560058594,
            255.31482696533203,
            0.0400543212890625,
            8.71896743774414,
            0.025987625122070312,
            0.05316734313964844,
            0.011920928955078125,
            0.8490085601806641,
            0.0050067901611328125,
            0.0050067901611328125,
            0.0040531158447265625,
            85.21699905395508,
            0.025033950805664062,
            8.731842041015625,
            0.22602081298828125,
            0.011920928955078125,
            0.8091926574707031,
            0.008821487426757812,
            0.08797645568847656,
            0.0050067901611328125,
            427.49500274658203,
            0.04220008850097656,
            9.346961975097656,
            0.09989738464355469,
            0.015020370483398438,
            0.8800029754638672,
            0.016927719116210938,
            0.010013580322265625,
            0.0040531158447265625,
            120.0571060180664,
            0.027894973754882812,
            8.912086486816406,
            0.07987022399902344,
            0.013113021850585938,
            0.9028911590576172,
            0.009059906005859375,
            0.08988380432128906,
            0.0050067901611328125
        ]
    }
}