{
    "(2886734945, 3741648133, 36306, 443, 'tcp', 0)": {
        "ts_list": [
            1645209637.154432,
            1645209637.154595,
            1645209637.154623,
            1645209637.163442,
            1645209637.163553,
            1645209637.163562,
            1645209637.163655,
            1645209637.16366,
            1645209637.163663,
            1645209637.163679,
            1645209637.163688,
            1645209637.164513,
            1645209637.164519,
            1645209637.164527,
            1645209637.164532,
            1645209637.21248,
            1645209637.486339,
            1645209637.486376,
            1645209637.495383,
            1645209637.495415,
            1645209637.495596,
            1645209637.495609,
            1645209637.496458,
            1645209637.496463,
            1645209637.49647,
            1645209637.496474,
            1645209637.567899,
            1645209637.567925,
            1645209637.576557,
            1645209637.576637,
            1645209637.576651,
            1645209637.57747,
            1645209637.577487,
            1645209637.577502,
            1645209637.577509,
            1645209637.611508,
            1645209637.611539,
            1645209637.620513,
            1645209637.620647,
            1645209637.621466,
            1645209637.621473,
            1645209637.621608,
            1645209637.802794,
            1645209637.802835,
            1645209637.81156,
            1645209637.81164,
            1645209637.812454,
            1645209637.812459,
            1645209637.812586,
            1645209637.951828,
            1645209637.951859,
            1645209637.96049,
            1645209637.960572,
            1645209637.961423,
            1645209637.961456,
            1645209637.961537,
            1645209638.002797,
            1645209638.427311,
            1645209638.427335,
            1645209638.436473,
            1645209638.43663,
            1645209638.436639,
            1645209638.437517,
            1645209638.437522,
            1645209638.437617,
            1645209638.437622
        ],
        "ps_list": [
            158,
            184,
            225,
            66,
            121,
            66,
            110,
            66,
            101,
            97,
            66,
            191,
            66,
            260,
            66,
            66,
            121,
            225,
            66,
            66,
            101,
            66,
            121,
            66,
            255,
            66,
            121,
            225,
            66,
            101,
            66,
            122,
            66,
            254,
            66,
            121,
            225,
            66,
            101,
            119,
            338,
            66,
            121,
            225,
            66,
            101,
            107,
            259,
            66,
            121,
            225,
            66,
            101,
            120,
            66,
            297,
            66,
            121,
            225,
            66,
            101,
            66,
            144,
            66,
            272,
            66
        ],
        "direction_list": [
            0,
            0,
            0,
            1,
            1,
            0,
            1,
            0,
            1,
            0,
            0,
            1,
            0,
            1,
            0,
            1,
            0,
            0,
            1,
            1,
            1,
            0,
            1,
            0,
            1,
            0,
            0,
            0,
            1,
            1,
            0,
            1,
            0,
            1,
            0,
            0,
            0,
            1,
            1,
            1,
            1,
            0,
            0,
            0,
            1,
            1,
            1,
            1,
            0,
            0,
            0,
            1,
            1,
            1,
            0,
            1,
            0,
            0,
            0,
            1,
            1,
            0,
            1,
            0,
            1,
            0
        ],
        "piat_list": [
            0.23412704467773438,
            0.1628398895263672,
            0.028133392333984375,
            8.818864822387695,
            0.11110305786132812,
            0.009059906005859375,
            0.09298324584960938,
            0.0050067901611328125,
            0.00286102294921875,
            0.015974044799804688,
            0.009059906005859375,
            0.8251667022705078,
            0.0059604644775390625,
            0.007867813110351562,
            0.0050067901611328125,
            47.94812202453613,
            273.85902404785156,
            0.03695487976074219,
            9.006977081298828,
            0.031948089599609375,
            0.18095970153808594,
            0.013113021850585938,
            0.8490085601806641,
            0.0050067901611328125,
            0.0069141387939453125,
            0.0040531158447265625,
            71.42496109008789,
            0.025987625122070312,
            8.63194465637207,
            0.080108642578125,
            0.014066696166992188,
            0.8189678192138672,
            0.016927719116210938,
            0.015020370483398438,
            0.0069141387939453125,
            33.998966217041016,
            0.030994415283203125,
            8.974075317382812,
            0.13399124145507812,
            0.8189678192138672,
            0.007152557373046875,
            0.13494491577148438,
            181.18596076965332,
            0.04100799560546875,
            8.72492790222168,
            0.080108642578125,
            0.8139610290527344,
            0.0050067901611328125,
            0.1270771026611328,
            139.24193382263184,
            0.030994415283203125,
            8.630990982055664,
            0.0820159912109375,
            0.8509159088134766,
            0.03314018249511719,
            0.08082389831542969,
            41.2600040435791,
            424.5140552520752,
            0.024080276489257812,
            9.137868881225586,
            0.1571178436279297,
            0.009059906005859375,
            0.8778572082519531,
            0.0050067901611328125,
            0.09512901306152344,
            0.0050067901611328125
        ]
    }
}