{
    "(2886734945, 3741648133, 36876, 443, 'tcp', 0)": {
        "ts_list": [
            1645427800.819586,
            1645427800.819884,
            1645427800.819911,
            1645427800.828458,
            1645427800.828482,
            1645427800.828579,
            1645427800.829311,
            1645427800.829318,
            1645427800.82933,
            1645427800.829407,
            1645427800.829411,
            1645427800.829509,
            1645427800.829512,
            1645427800.831393,
            1645427800.831401,
            1645427800.831408,
            1645427800.831412,
            1645427800.877414,
            1645427801.1571,
            1645427801.157134,
            1645427801.166386,
            1645427801.166405,
            1645427801.166567,
            1645427801.166577,
            1645427801.167447,
            1645427801.167452,
            1645427801.167545,
            1645427801.167549,
            1645427801.262911,
            1645427801.262943,
            1645427801.272395,
            1645427801.272415,
            1645427801.272424,
            1645427801.273381,
            1645427801.273386,
            1645427801.273517,
            1645427801.273521,
            1645427801.34339,
            1645427801.343415,
            1645427801.352475,
            1645427801.352573,
            1645427801.352582,
            1645427801.353428,
            1645427801.353434,
            1645427801.353446,
            1645427801.35345
        ],
        "ps_list": [
            158,
            184,
            225,
            121,
            66,
            97,
            66,
            101,
            66,
            97,
            66,
            101,
            66,
            189,
            66,
            260,
            66,
            66,
            121,
            225,
            66,
            66,
            101,
            66,
            145,
            66,
            255,
            66,
            121,
            225,
            66,
            101,
            66,
            120,
            66,
            316,
            66,
            121,
            225,
            66,
            101,
            66,
            120,
            66,
            302,
            66
        ],
        "direction_list": [
            0,
            0,
            0,
            1,
            0,
            0,
            1,
            1,
            0,
            1,
            0,
            1,
            0,
            1,
            0,
            1,
            0,
            1,
            0,
            0,
            1,
            1,
            1,
            0,
            1,
            0,
            1,
            0,
            0,
            0,
            1,
            1,
            0,
            1,
            0,
            1,
            0,
            0,
            0,
            1,
            1,
            0,
            1,
            0,
            1,
            0
        ],
        "piat_list": [
            0.2570152282714844,
            0.2980232238769531,
            0.026941299438476562,
            8.547067642211914,
            0.02384185791015625,
            0.09703636169433594,
            0.7319450378417969,
            0.007152557373046875,
            0.011920928955078125,
            0.07700920104980469,
            0.0040531158447265625,
            0.09799003601074219,
            0.00286102294921875,
            1.8811225891113281,
            0.008106231689453125,
            0.0069141387939453125,
            0.0040531158447265625,
            46.00191116333008,
            279.68597412109375,
            0.03409385681152344,
            9.251832962036133,
            0.019073486328125,
            0.1621246337890625,
            0.010013580322265625,
            0.8699893951416016,
            0.0050067901611328125,
            0.09298324584960938,
            0.003814697265625,
            95.36218643188477,
            0.031948089599609375,
            9.451866149902344,
            0.02002716064453125,
            0.009059906005859375,
            0.9570121765136719,
            0.0050067901611328125,
            0.1308917999267578,
            0.0040531158447265625,
            69.8690414428711,
            0.025033950805664062,
            9.059906005859375,
            0.09799003601074219,
            0.009059906005859375,
            0.8459091186523438,
            0.006198883056640625,
            0.011920928955078125,
            0.0040531158447265625
        ]
    }
}