{
    "(2886734945, 3741648133, 33474, 443, 'tcp', 0)": {
        "ts_list": [
            1645721479.219084,
            1645721479.219261,
            1645721479.219448,
            1645721479.227115,
            1645721479.22714,
            1645721479.227538,
            1645721479.227638,
            1645721479.227642,
            1645721479.227644,
            1645721479.22765,
            1645721479.227654,
            1645721479.227657,
            1645721479.227738,
            1645721479.227741,
            1645721479.227861,
            1645721479.227865,
            1645721479.233334,
            1645721479.280404,
            1645721479.602558,
            1645721479.602591,
            1645721479.610558,
            1645721479.610638,
            1645721479.610742,
            1645721479.610751,
            1645721479.610761,
            1645721479.610765,
            1645721479.610769,
            1645721479.610772,
            1645721479.714477,
            1645721479.714505,
            1645721479.72251,
            1645721479.722598,
            1645721479.722607,
            1645721479.722697,
            1645721479.722701,
            1645721479.72271,
            1645721479.722713,
            1645721480.029216,
            1645721480.029254,
            1645721480.029708,
            1645721480.029729,
            1645721480.037333,
            1645721480.03735,
            1645721480.037356,
            1645721480.037411,
            1645721480.037417,
            1645721480.037513,
            1645721480.037518,
            1645721480.037613,
            1645721480.03774,
            1645721480.037744,
            1645721480.037849,
            1645721480.037853,
            1645721480.037858,
            1645721480.037861,
            1645721480.06368,
            1645721480.063703,
            1645721480.071685,
            1645721480.071779,
            1645721480.071784,
            1645721480.071805,
            1645721480.071874,
            1645721480.114772
        ],
        "ps_list": [
            158,
            184,
            225,
            121,
            66,
            66,
            101,
            66,
            97,
            66,
            101,
            66,
            190,
            66,
            260,
            66,
            97,
            66,
            121,
            225,
            66,
            66,
            101,
            66,
            121,
            66,
            255,
            66,
            121,
            225,
            66,
            101,
            66,
            121,
            66,
            570,
            66,
            121,
            225,
            121,
            225,
            66,
            101,
            66,
            145,
            66,
            345,
            66,
            66,
            101,
            66,
            119,
            66,
            297,
            66,
            121,
            225,
            66,
            101,
            121,
            66,
            272,
            66
        ],
        "direction_list": [
            0,
            0,
            0,
            1,
            0,
            1,
            1,
            0,
            1,
            0,
            1,
            0,
            1,
            0,
            1,
            0,
            0,
            1,
            0,
            0,
            1,
            1,
            1,
            0,
            1,
            0,
            1,
            0,
            0,
            0,
            1,
            1,
            0,
            1,
            0,
            1,
            0,
            0,
            0,
            0,
            0,
            1,
            1,
            0,
            1,
            0,
            1,
            0,
            1,
            1,
            0,
            1,
            0,
            1,
            0,
            0,
            0,
            1,
            1,
            1,
            0,
            1,
            0
        ],
        "piat_list": [
            0.2589225769042969,
            0.17690658569335938,
            0.18715858459472656,
            7.666826248168945,
            0.025033950805664062,
            0.3981590270996094,
            0.09989738464355469,
            0.0040531158447265625,
            0.0019073486328125,
            0.0059604644775390625,
            0.0040531158447265625,
            0.0030994415283203125,
            0.08082389831542969,
            0.0030994415283203125,
            0.11992454528808594,
            0.0040531158447265625,
            5.469083786010742,
            47.07002639770508,
            322.15380668640137,
            0.03314018249511719,
            7.9669952392578125,
            0.07987022399902344,
            0.10418891906738281,
            0.008821487426757812,
            0.010013580322265625,
            0.0040531158447265625,
            0.0040531158447265625,
            0.00286102294921875,
            103.70516777038574,
            0.027894973754882812,
            8.005142211914062,
            0.08797645568847656,
            0.008821487426757812,
            0.09012222290039062,
            0.0040531158447265625,
            0.008821487426757812,
            0.0030994415283203125,
            306.5030574798584,
            0.03790855407714844,
            0.453948974609375,
            0.0209808349609375,
            7.604122161865234,
            0.016927719116210938,
            0.0059604644775390625,
            0.05507469177246094,
            0.0059604644775390625,
            0.09608268737792969,
            0.0050067901611328125,
            0.09489059448242188,
            0.1270771026611328,
            0.0040531158447265625,
            0.1049041748046875,
            0.0040531158447265625,
            0.0050067901611328125,
            0.0030994415283203125,
            25.818824768066406,
            0.023126602172851562,
            7.982015609741211,
            0.09393692016601562,
            0.0050067901611328125,
            0.0209808349609375,
            0.06890296936035156,
            42.89817810058594
        ]
    }
}