{
    "(2886734945, 3741713926, 36604, 443, 'tcp', 0)": {
        "ts_list": [
            1645432291.751064,
            1645432291.751236,
            1645432291.751258,
            1645432291.776919,
            1645432291.776944,
            1645432291.776957,
            1645432291.776965,
            1645432291.776969,
            1645432291.777083,
            1645432291.777805,
            1645432291.777908,
            1645432291.777913,
            1645432291.778822,
            1645432291.778828,
            1645432291.778834,
            1645432291.778838,
            1645432291.842903,
            1645432292.01621,
            1645432292.016244,
            1645432292.042187,
            1645432292.04221,
            1645432292.042214,
            1645432292.042226,
            1645432292.042855,
            1645432292.042865,
            1645432292.042876,
            1645432292.042882,
            1645432292.101374,
            1645432292.101399,
            1645432292.127924,
            1645432292.12794,
            1645432292.127949,
            1645432292.128838,
            1645432292.128852,
            1645432292.128869,
            1645432292.128875,
            1645432292.211518,
            1645432292.211547,
            1645432292.213098,
            1645432292.213122,
            1645432292.23791,
            1645432292.237939,
            1645432292.237954,
            1645432292.238865,
            1645432292.238871,
            1645432292.238875,
            1645432292.238885,
            1645432292.238888,
            1645432292.238892,
            1645432292.238895,
            1645432292.239818,
            1645432292.239847,
            1645432292.239917,
            1645432292.239941,
            1645432292.447005,
            1645432292.447034,
            1645432292.447046,
            1645432292.447129,
            1645432292.472818,
            1645432292.47299,
            1645432292.472999,
            1645432292.473051,
            1645432292.473899,
            1645432292.473904,
            1645432292.473906,
            1645432292.473995,
            1645432292.47422
        ],
        "ps_list": [
            164,
            184,
            225,
            66,
            121,
            66,
            110,
            66,
            97,
            66,
            101,
            66,
            190,
            66,
            260,
            66,
            66,
            121,
            225,
            66,
            66,
            101,
            66,
            145,
            66,
            255,
            66,
            121,
            225,
            66,
            101,
            66,
            121,
            66,
            536,
            66,
            121,
            225,
            121,
            225,
            66,
            101,
            66,
            66,
            121,
            66,
            298,
            66,
            101,
            66,
            121,
            66,
            309,
            66,
            121,
            121,
            225,
            225,
            66,
            101,
            101,
            66,
            120,
            403,
            121,
            344,
            66
        ],
        "direction_list": [
            0,
            0,
            0,
            1,
            1,
            0,
            1,
            0,
            0,
            1,
            1,
            0,
            1,
            0,
            1,
            0,
            1,
            0,
            0,
            1,
            1,
            1,
            0,
            1,
            0,
            1,
            0,
            0,
            0,
            1,
            1,
            0,
            1,
            0,
            1,
            0,
            0,
            0,
            0,
            0,
            1,
            1,
            0,
            1,
            1,
            0,
            1,
            0,
            1,
            0,
            1,
            0,
            1,
            0,
            0,
            0,
            0,
            0,
            1,
            1,
            1,
            0,
            1,
            1,
            1,
            1,
            0
        ],
        "piat_list": [
            0.2770423889160156,
            0.17189979553222656,
            0.02193450927734375,
            25.660991668701172,
            0.025033950805664062,
            0.013113021850585938,
            0.007867813110351562,
            0.0040531158447265625,
            0.11396408081054688,
            0.7221698760986328,
            0.102996826171875,
            0.0050067901611328125,
            0.9088516235351562,
            0.0059604644775390625,
            0.006198883056640625,
            0.003814697265625,
            64.06497955322266,
            173.3071804046631,
            0.033855438232421875,
            25.94304084777832,
            0.023126602172851562,
            0.003814697265625,
            0.012159347534179688,
            0.6289482116699219,
            0.010013580322265625,
            0.010967254638671875,
            0.0059604644775390625,
            58.49194526672363,
            0.025033950805664062,
            26.525020599365234,
            0.015974044799804688,
            0.009059906005859375,
            0.8890628814697266,
            0.013828277587890625,
            0.0171661376953125,
            0.0059604644775390625,
            82.64303207397461,
            0.028848648071289062,
            1.5511512756347656,
            0.02384185791015625,
            24.78814125061035,
            0.028848648071289062,
            0.015020370483398438,
            0.9109973907470703,
            0.006198883056640625,
            0.003814697265625,
            0.010013580322265625,
            0.0030994415283203125,
            0.0040531158447265625,
            0.00286102294921875,
            0.92315673828125,
            0.028848648071289062,
            0.07009506225585938,
            0.02384185791015625,
            207.06415176391602,
            0.028848648071289062,
            0.012159347534179688,
            0.08296966552734375,
            25.688886642456055,
            0.17213821411132812,
            0.009059906005859375,
            0.051975250244140625,
            0.8478164672851562,
            0.0050067901611328125,
            0.0021457672119140625,
            0.08893013000488281,
            0.225067138671875
        ]
    }
}