{
    "(2886734945, 3741713926, 36892, 443, 'tcp', 0)": {
        "ts_list": [
            1645432662.14477,
            1645432662.144972,
            1645432662.144998,
            1645432662.170386,
            1645432662.170413,
            1645432662.170435,
            1645432662.17044,
            1645432662.170444,
            1645432662.170448,
            1645432662.170453,
            1645432662.170575,
            1645432662.171167,
            1645432662.171172,
            1645432662.171264,
            1645432662.171269,
            1645432662.236242,
            1645432662.411829,
            1645432662.411865,
            1645432662.4372,
            1645432662.43722,
            1645432662.437223,
            1645432662.437233,
            1645432662.438115,
            1645432662.43812,
            1645432662.438215,
            1645432662.438219,
            1645432662.556917,
            1645432662.556947,
            1645432662.582237,
            1645432662.582263,
            1645432662.582276,
            1645432662.583182,
            1645432662.583195,
            1645432662.583273,
            1645432662.583278,
            1645432662.691907,
            1645432662.691946,
            1645432662.693835,
            1645432662.69386,
            1645432662.717244,
            1645432662.717276,
            1645432662.717291,
            1645432662.719318,
            1645432662.719326,
            1645432662.719412,
            1645432662.719416,
            1645432662.720404,
            1645432662.720504,
            1645432662.720507,
            1645432662.721176,
            1645432662.721261,
            1645432662.721969
        ],
        "ps_list": [
            158,
            184,
            225,
            66,
            121,
            66,
            110,
            66,
            101,
            66,
            97,
            190,
            66,
            260,
            66,
            66,
            121,
            225,
            66,
            66,
            101,
            66,
            121,
            66,
            255,
            66,
            121,
            225,
            66,
            101,
            66,
            121,
            66,
            536,
            66,
            121,
            225,
            121,
            225,
            66,
            101,
            66,
            120,
            66,
            298,
            66,
            66,
            101,
            66,
            121,
            309,
            66
        ],
        "direction_list": [
            0,
            0,
            0,
            1,
            1,
            0,
            1,
            0,
            1,
            0,
            0,
            1,
            0,
            1,
            0,
            1,
            0,
            0,
            1,
            1,
            1,
            0,
            1,
            0,
            1,
            0,
            0,
            0,
            1,
            1,
            0,
            1,
            0,
            1,
            0,
            0,
            0,
            0,
            0,
            1,
            1,
            0,
            1,
            0,
            1,
            0,
            1,
            1,
            0,
            1,
            1,
            0
        ],
        "piat_list": [
            0.2779960632324219,
            0.202178955078125,
            0.025987625122070312,
            25.388002395629883,
            0.026941299438476562,
            0.02193450927734375,
            0.0050067901611328125,
            0.0040531158447265625,
            0.0040531158447265625,
            0.0050067901611328125,
            0.12183189392089844,
            0.5919933319091797,
            0.0050067901611328125,
            0.09202957153320312,
            0.0050067901611328125,
            64.97311592102051,
            175.58693885803223,
            0.03600120544433594,
            25.335073471069336,
            0.02002716064453125,
            0.00286102294921875,
            0.010013580322265625,
            0.8819103240966797,
            0.0050067901611328125,
            0.09512901306152344,
            0.0040531158447265625,
            118.6978816986084,
            0.030040740966796875,
            25.29001235961914,
            0.025987625122070312,
            0.013113021850585938,
            0.9059906005859375,
            0.012874603271484375,
            0.07796287536621094,
            0.0050067901611328125,
            108.62898826599121,
            0.03910064697265625,
            1.8889904022216797,
            0.025033950805664062,
            23.38385581970215,
            0.03218650817871094,
            0.015020370483398438,
            2.026796340942383,
            0.008106231689453125,
            0.08606910705566406,
            0.003814697265625,
            0.988006591796875,
            0.10013580322265625,
            0.00286102294921875,
            0.6690025329589844,
            0.08511543273925781,
            0.7078647613525391
        ]
    }
}