{
    "(2886734945, 3741713926, 54732, 443, 'tcp', 0)": {
        "ts_list": [
            1645371095.813781,
            1645371095.813992,
            1645371095.814016,
            1645371095.839964,
            1645371095.839995,
            1645371095.84001,
            1645371095.840029,
            1645371095.840035,
            1645371095.840109,
            1645371095.84098,
            1645371095.84099,
            1645371095.840994,
            1645371095.841978,
            1645371095.841987,
            1645371095.841997,
            1645371095.842002,
            1645371095.907042,
            1645371096.091273,
            1645371096.091318,
            1645371096.117958,
            1645371096.117982,
            1645371096.118003,
            1645371096.118015,
            1645371096.118912,
            1645371096.118917,
            1645371096.119011,
            1645371096.119016,
            1645371096.233362,
            1645371096.233392,
            1645371096.260002,
            1645371096.260082,
            1645371096.260098,
            1645371096.260895,
            1645371096.2609,
            1645371096.260993,
            1645371096.260998
        ],
        "ps_list": [
            164,
            184,
            225,
            66,
            121,
            66,
            110,
            66,
            97,
            66,
            101,
            66,
            191,
            66,
            260,
            66,
            66,
            121,
            225,
            66,
            66,
            101,
            66,
            145,
            66,
            255,
            66,
            121,
            225,
            66,
            101,
            66,
            121,
            66,
            251,
            66
        ],
        "direction_list": [
            0,
            0,
            0,
            1,
            1,
            0,
            1,
            0,
            0,
            1,
            1,
            0,
            1,
            0,
            1,
            0,
            1,
            0,
            0,
            1,
            1,
            1,
            0,
            1,
            0,
            1,
            0,
            0,
            0,
            1,
            1,
            0,
            1,
            0,
            1,
            0
        ],
        "piat_list": [
            0.3039836883544922,
            0.2110004425048828,
            0.024080276489257812,
            25.94780921936035,
            0.030994415283203125,
            0.015020370483398438,
            0.019073486328125,
            0.0059604644775390625,
            0.07414817810058594,
            0.8709430694580078,
            0.010013580322265625,
            0.003814697265625,
            0.98419189453125,
            0.008821487426757812,
            0.010013580322265625,
            0.0050067901611328125,
            65.04011154174805,
            184.23104286193848,
            0.04482269287109375,
            26.64017677307129,
            0.02384185791015625,
            0.0209808349609375,
            0.012159347534179688,
            0.8969306945800781,
            0.0050067901611328125,
            0.09393692016601562,
            0.0050067901611328125,
            114.34602737426758,
            0.030040740966796875,
            26.60989761352539,
            0.080108642578125,
            0.015974044799804688,
            0.7970333099365234,
            0.0050067901611328125,
            0.09298324584960938,
            0.0050067901611328125
        ]
    }
}