{
    "(2886734945, 3741713926, 54796, 443, 'tcp', 0)": {
        "ts_list": [
            1645371272.311741,
            1645371272.311936,
            1645371272.311956,
            1645371272.338823,
            1645371272.338864,
            1645371272.339025,
            1645371272.33965,
            1645371272.339657,
            1645371272.339661,
            1645371272.339748,
            1645371272.339752,
            1645371272.339849,
            1645371272.339853,
            1645371272.340734,
            1645371272.340739,
            1645371272.340745,
            1645371272.340749,
            1645371272.406695,
            1645371272.60954,
            1645371272.609575,
            1645371272.636707,
            1645371272.636732,
            1645371272.636735,
            1645371272.636747,
            1645371272.637683,
            1645371272.637699,
            1645371272.637712,
            1645371272.637717,
            1645371272.717888,
            1645371272.717921,
            1645371272.745667,
            1645371272.745695,
            1645371272.745708,
            1645371272.746671,
            1645371272.746686,
            1645371272.746702,
            1645371272.746706
        ],
        "ps_list": [
            158,
            184,
            225,
            121,
            66,
            97,
            66,
            101,
            66,
            97,
            66,
            101,
            66,
            190,
            66,
            260,
            66,
            66,
            121,
            225,
            66,
            66,
            101,
            66,
            121,
            66,
            255,
            66,
            121,
            225,
            66,
            101,
            66,
            122,
            66,
            251,
            66
        ],
        "direction_list": [
            0,
            0,
            0,
            1,
            0,
            0,
            1,
            1,
            0,
            1,
            0,
            1,
            0,
            1,
            0,
            1,
            0,
            1,
            0,
            0,
            1,
            1,
            1,
            0,
            1,
            0,
            1,
            0,
            0,
            0,
            1,
            1,
            0,
            1,
            0,
            1,
            0
        ],
        "piat_list": [
            0.2810955047607422,
            0.19478797912597656,
            0.02002716064453125,
            26.867151260375977,
            0.04100799560546875,
            0.1609325408935547,
            0.6248950958251953,
            0.007152557373046875,
            0.003814697265625,
            0.08702278137207031,
            0.0040531158447265625,
            0.09703636169433594,
            0.0040531158447265625,
            0.8809566497802734,
            0.0050067901611328125,
            0.0059604644775390625,
            0.0040531158447265625,
            65.94586372375488,
            202.84509658813477,
            0.03504753112792969,
            27.132034301757812,
            0.025033950805664062,
            0.00286102294921875,
            0.011920928955078125,
            0.9360313415527344,
            0.015974044799804688,
            0.013113021850585938,
            0.0050067901611328125,
            80.17110824584961,
            0.032901763916015625,
            27.745962142944336,
            0.028133392333984375,
            0.012874603271484375,
            0.9629726409912109,
            0.015020370483398438,
            0.015974044799804688,
            0.0040531158447265625
        ]
    }
}