{
    "(2886734945, 3741648133, 55894, 443, 'tcp', 0)": {
        "ts_list": [
            1645477786.082672,
            1645477786.082859,
            1645477786.082886,
            1645477786.091288,
            1645477786.091505,
            1645477786.091524,
            1645477786.091528,
            1645477786.091532,
            1645477786.091535,
            1645477786.091539,
            1645477786.092025,
            1645477786.092391,
            1645477786.092401,
            1645477786.092407,
            1645477786.092411,
            1645477786.140249,
            1645477786.443789,
            1645477786.443822,
            1645477786.452307,
            1645477786.45233,
            1645477786.452338,
            1645477786.452348,
            1645477786.453188,
            1645477786.453192,
            1645477786.453198,
            1645477786.453201,
            1645477786.576305,
            1645477786.576334,
            1645477786.585207,
            1645477786.585222,
            1645477786.58523,
            1645477786.586179,
            1645477786.58619,
            1645477786.586275,
            1645477786.586279,
            1645477786.781888,
            1645477786.781915,
            1645477786.79025,
            1645477786.790334,
            1645477786.790342,
            1645477786.791207,
            1645477786.791212,
            1645477786.791306,
            1645477786.79131
        ],
        "ps_list": [
            158,
            184,
            225,
            66,
            121,
            66,
            110,
            66,
            101,
            66,
            97,
            190,
            66,
            260,
            66,
            66,
            121,
            225,
            66,
            66,
            101,
            66,
            121,
            66,
            255,
            66,
            121,
            225,
            66,
            101,
            66,
            120,
            66,
            336,
            66,
            121,
            225,
            66,
            101,
            66,
            120,
            66,
            388,
            66
        ],
        "direction_list": [
            0,
            0,
            0,
            1,
            1,
            0,
            1,
            0,
            1,
            0,
            0,
            1,
            0,
            1,
            0,
            1,
            0,
            0,
            1,
            1,
            1,
            0,
            1,
            0,
            1,
            0,
            0,
            0,
            1,
            1,
            0,
            1,
            0,
            1,
            0,
            0,
            0,
            1,
            1,
            0,
            1,
            0,
            1,
            0
        ],
        "piat_list": [
            0.2720355987548828,
            0.186920166015625,
            0.026941299438476562,
            8.402109146118164,
            0.21696090698242188,
            0.018835067749023438,
            0.0040531158447265625,
            0.0040531158447265625,
            0.0030994415283203125,
            0.003814697265625,
            0.48613548278808594,
            0.36597251892089844,
            0.010013580322265625,
            0.0059604644775390625,
            0.0040531158447265625,
            47.83797264099121,
            303.5399913787842,
            0.032901763916015625,
            8.485078811645508,
            0.023126602172851562,
            0.007867813110351562,
            0.010013580322265625,
            0.8399486541748047,
            0.0040531158447265625,
            0.0059604644775390625,
            0.0030994415283203125,
            123.10385704040527,
            0.029087066650390625,
            8.87298583984375,
            0.015020370483398438,
            0.008106231689453125,
            0.9489059448242188,
            0.010967254638671875,
            0.08511543273925781,
            0.003814697265625,
            195.60909271240234,
            0.026941299438476562,
            8.335113525390625,
            0.08392333984375,
            0.008106231689453125,
            0.8649826049804688,
            0.0050067901611328125,
            0.09393692016601562,
            0.0040531158447265625
        ]
    }
}