{
    "(2886734945, 3741648133, 50296, 443, 'tcp', 0)": {
        "ts_list": [
            1645683538.545816,
            1645683538.546102,
            1645683538.546138,
            1645683538.553595,
            1645683538.553616,
            1645683538.553721,
            1645683538.553727,
            1645683538.553743,
            1645683538.553843,
            1645683538.55385,
            1645683538.554075,
            1645683538.554226,
            1645683538.554231,
            1645683538.554354,
            1645683538.554358,
            1645683538.554453,
            1645683538.554457,
            1645683538.600884,
            1645683538.932091,
            1645683538.932129,
            1645683538.939926,
            1645683538.939951,
            1645683538.940133,
            1645683538.940143,
            1645683538.940233,
            1645683538.940237,
            1645683538.940242,
            1645683538.940246,
            1645683539.037012,
            1645683539.037038,
            1645683539.044871,
            1645683539.044986,
            1645683539.044998,
            1645683539.045085,
            1645683539.045091,
            1645683539.045099,
            1645683539.045103,
            1645683539.193097,
            1645683539.193123,
            1645683539.200999,
            1645683539.201014,
            1645683539.201022,
            1645683539.201082,
            1645683539.201086,
            1645683539.201087,
            1645683539.20109,
            1645683539.376941,
            1645683539.376972,
            1645683539.384833,
            1645683539.384917,
            1645683539.384926,
            1645683539.385017,
            1645683539.385022,
            1645683539.38507,
            1645683539.396025,
            1645683539.396054,
            1645683539.403893,
            1645683539.40401,
            1645683539.404084,
            1645683539.404087,
            1645683539.404101
        ],
        "ps_list": [
            158,
            184,
            225,
            121,
            66,
            101,
            66,
            97,
            97,
            66,
            66,
            101,
            66,
            191,
            66,
            260,
            66,
            66,
            121,
            225,
            66,
            66,
            101,
            66,
            122,
            66,
            255,
            66,
            121,
            225,
            66,
            101,
            66,
            143,
            66,
            384,
            66,
            121,
            225,
            66,
            101,
            66,
            108,
            66,
            376,
            66,
            121,
            225,
            66,
            101,
            66,
            122,
            272,
            66,
            121,
            225,
            66,
            101,
            121,
            297,
            66
        ],
        "direction_list": [
            0,
            0,
            0,
            1,
            0,
            1,
            0,
            0,
            1,
            0,
            1,
            1,
            0,
            1,
            0,
            1,
            0,
            1,
            0,
            0,
            1,
            1,
            1,
            0,
            1,
            0,
            1,
            0,
            0,
            0,
            1,
            1,
            0,
            1,
            0,
            1,
            0,
            0,
            0,
            1,
            1,
            0,
            1,
            0,
            1,
            0,
            0,
            0,
            1,
            1,
            0,
            1,
            1,
            0,
            0,
            0,
            1,
            1,
            1,
            1,
            0
        ],
        "piat_list": [
            0.32591819763183594,
            0.286102294921875,
            0.03600120544433594,
            7.45701789855957,
            0.0209808349609375,
            0.1049041748046875,
            0.0059604644775390625,
            0.015974044799804688,
            0.10013580322265625,
            0.0069141387939453125,
            0.225067138671875,
            0.15091896057128906,
            0.0050067901611328125,
            0.12302398681640625,
            0.0040531158447265625,
            0.09489059448242188,
            0.0040531158447265625,
            46.427011489868164,
            331.2070369720459,
            0.03790855407714844,
            7.797002792358398,
            0.025033950805664062,
            0.18215179443359375,
            0.010013580322265625,
            0.08988380432128906,
            0.0040531158447265625,
            0.0050067901611328125,
            0.0040531158447265625,
            96.76599502563477,
            0.025987625122070312,
            7.833003997802734,
            0.11491775512695312,
            0.011920928955078125,
            0.08702278137207031,
            0.0059604644775390625,
            0.008106231689453125,
            0.0040531158447265625,
            147.9940414428711,
            0.025987625122070312,
            7.875919342041016,
            0.015020370483398438,
            0.007867813110351562,
            0.06008148193359375,
            0.0040531158447265625,
            0.00095367431640625,
            0.0030994415283203125,
            175.85086822509766,
            0.030994415283203125,
            7.861137390136719,
            0.08392333984375,
            0.009059906005859375,
            0.09083747863769531,
            0.0050067901611328125,
            0.048160552978515625,
            10.954856872558594,
            0.029087066650390625,
            7.838964462280273,
            0.11706352233886719,
            0.07390975952148438,
            0.0030994415283203125,
            0.013828277587890625
        ]
    }
}