{
    "(2886734945, 3741648133, 50600, 443, 'tcp', 0)": {
        "ts_list": [
            1645683859.894746,
            1645683859.89493,
            1645683859.894953,
            1645683859.902627,
            1645683859.902658,
            1645683859.902717,
            1645683859.902723,
            1645683859.902725,
            1645683859.902729,
            1645683859.902757,
            1645683859.902894,
            1645683859.902996,
            1645683859.903,
            1645683859.903006,
            1645683859.90301,
            1645683859.903013,
            1645683859.903016,
            1645683859.95064,
            1645683860.23272,
            1645683860.232759,
            1645683860.240587,
            1645683860.240607,
            1645683860.240779,
            1645683860.24079,
            1645683860.240878,
            1645683860.240884,
            1645683860.240886,
            1645683860.240889,
            1645683860.332297,
            1645683860.332327,
            1645683860.340407,
            1645683860.340426,
            1645683860.340435,
            1645683860.340445,
            1645683860.340451,
            1645683860.340454,
            1645683860.340457,
            1645683860.532959,
            1645683860.532985,
            1645683860.54094,
            1645683860.540959,
            1645683860.540967,
            1645683860.540972,
            1645683860.540975,
            1645683860.541125,
            1645683860.541128,
            1645683860.717604,
            1645683860.717642,
            1645683860.7259,
            1645683860.72598,
            1645683860.725989,
            1645683860.726004,
            1645683860.726008,
            1645683860.726835,
            1645683860.733334,
            1645683860.733363,
            1645683860.741337,
            1645683860.741356,
            1645683860.741364,
            1645683860.741366,
            1645683860.74142
        ],
        "ps_list": [
            164,
            184,
            225,
            121,
            66,
            101,
            66,
            97,
            66,
            97,
            66,
            101,
            66,
            191,
            66,
            260,
            66,
            66,
            121,
            225,
            66,
            66,
            101,
            66,
            144,
            66,
            255,
            66,
            121,
            225,
            66,
            101,
            66,
            121,
            66,
            384,
            66,
            121,
            225,
            66,
            101,
            66,
            108,
            66,
            376,
            66,
            121,
            225,
            66,
            101,
            66,
            122,
            272,
            66,
            121,
            225,
            66,
            101,
            121,
            297,
            66
        ],
        "direction_list": [
            0,
            0,
            0,
            1,
            0,
            1,
            0,
            1,
            0,
            0,
            1,
            1,
            0,
            1,
            0,
            1,
            0,
            1,
            0,
            0,
            1,
            1,
            1,
            0,
            1,
            0,
            1,
            0,
            0,
            0,
            1,
            1,
            0,
            1,
            0,
            1,
            0,
            0,
            0,
            1,
            1,
            0,
            1,
            0,
            1,
            0,
            0,
            0,
            1,
            1,
            0,
            1,
            1,
            0,
            0,
            0,
            1,
            1,
            1,
            1,
            0
        ],
        "piat_list": [
            0.2579689025878906,
            0.1838207244873047,
            0.023126602172851562,
            7.673978805541992,
            0.030994415283203125,
            0.0591278076171875,
            0.0059604644775390625,
            0.0019073486328125,
            0.0040531158447265625,
            0.027894973754882812,
            0.13709068298339844,
            0.10204315185546875,
            0.0040531158447265625,
            0.0059604644775390625,
            0.003814697265625,
            0.0030994415283203125,
            0.0030994415283203125,
            47.62387275695801,
            282.07993507385254,
            0.03910064697265625,
            7.827997207641602,
            0.02002716064453125,
            0.17189979553222656,
            0.010967254638671875,
            0.08821487426757812,
            0.0059604644775390625,
            0.0019073486328125,
            0.0030994415283203125,
            91.40801429748535,
            0.029802322387695312,
            8.080005645751953,
            0.019073486328125,
            0.009059906005859375,
            0.010013580322265625,
            0.0059604644775390625,
            0.0030994415283203125,
            0.00286102294921875,
            192.50202178955078,
            0.025987625122070312,
            7.955074310302734,
            0.018835067749023438,
            0.008106231689453125,
            0.0050067901611328125,
            0.0030994415283203125,
            0.1499652862548828,
            0.00286102294921875,
            176.47600173950195,
            0.03814697265625,
            8.257865905761719,
            0.080108642578125,
            0.009059906005859375,
            0.014781951904296875,
            0.0040531158447265625,
            0.8270740509033203,
            6.499052047729492,
            0.028848648071289062,
            7.974147796630859,
            0.018835067749023438,
            0.008106231689453125,
            0.0019073486328125,
            0.05412101745605469
        ]
    }
}