{
    "(2886734945, 3741648133, 38174, 443, 'tcp', 0)": {
        "ts_list": [
            1645640984.244549,
            1645640984.244732,
            1645640984.244772,
            1645640984.251947,
            1645640984.251991,
            1645640984.252116,
            1645640984.252135,
            1645640984.252234,
            1645640984.252241,
            1645640984.252248,
            1645640984.252258,
            1645640984.252328,
            1645640984.252334,
            1645640984.25243,
            1645640984.252435,
            1645640984.252442,
            1645640984.252447,
            1645640984.299489,
            1645640984.586609,
            1645640984.586646,
            1645640984.593993,
            1645640984.594023,
            1645640984.594169,
            1645640984.594181,
            1645640984.594195,
            1645640984.5942,
            1645640984.594204,
            1645640984.594208,
            1645640984.697797,
            1645640984.697839,
            1645640984.705228,
            1645640984.705318,
            1645640984.705333,
            1645640984.705431,
            1645640984.705454,
            1645640984.705531,
            1645640984.705537,
            1645640984.964055,
            1645640984.964099,
            1645640984.964142,
            1645640984.964166,
            1645640984.971533,
            1645640984.971642,
            1645640984.971668,
            1645640984.971676,
            1645640984.971682,
            1645640984.971843,
            1645640984.971852,
            1645640984.971855,
            1645640984.971862,
            1645640984.977932,
            1645640984.977976,
            1645640984.978073,
            1645640984.985373,
            1645640984.985451,
            1645640984.985559,
            1645640984.985561,
            1645640984.985563,
            1645640984.985653,
            1645640984.985753,
            1645640984.990383
        ],
        "ps_list": [
            158,
            184,
            225,
            121,
            66,
            97,
            66,
            101,
            66,
            97,
            66,
            101,
            66,
            190,
            66,
            260,
            66,
            66,
            121,
            225,
            66,
            66,
            101,
            66,
            121,
            66,
            255,
            66,
            121,
            225,
            66,
            101,
            66,
            122,
            66,
            261,
            66,
            121,
            121,
            280,
            384,
            66,
            101,
            66,
            101,
            66,
            628,
            66,
            262,
            66,
            121,
            280,
            225,
            66,
            101,
            101,
            121,
            298,
            121,
            547,
            66
        ],
        "direction_list": [
            0,
            0,
            0,
            1,
            0,
            0,
            1,
            1,
            0,
            1,
            0,
            1,
            0,
            1,
            0,
            1,
            0,
            1,
            0,
            0,
            1,
            1,
            1,
            0,
            1,
            0,
            1,
            0,
            0,
            0,
            1,
            1,
            0,
            1,
            0,
            1,
            0,
            0,
            0,
            0,
            0,
            1,
            1,
            0,
            1,
            0,
            1,
            0,
            1,
            0,
            0,
            0,
            0,
            1,
            1,
            1,
            1,
            1,
            1,
            1,
            0
        ],
        "piat_list": [
            0.28395652770996094,
            0.18286705017089844,
            0.0400543212890625,
            7.174968719482422,
            0.04410743713378906,
            0.12493133544921875,
            0.019073486328125,
            0.09894371032714844,
            0.0069141387939453125,
            0.007152557373046875,
            0.010013580322265625,
            0.06985664367675781,
            0.006198883056640625,
            0.09584426879882812,
            0.0050067901611328125,
            0.0069141387939453125,
            0.0050067901611328125,
            47.042131423950195,
            287.11986541748047,
            0.03719329833984375,
            7.346868515014648,
            0.030040740966796875,
            0.14591217041015625,
            0.012159347534179688,
            0.013828277587890625,
            0.0050067901611328125,
            0.0040531158447265625,
            0.0040531158447265625,
            103.58905792236328,
            0.041961669921875,
            7.389068603515625,
            0.08988380432128906,
            0.015020370483398438,
            0.09799003601074219,
            0.023126602172851562,
            0.07677078247070312,
            0.006198883056640625,
            258.5179805755615,
            0.0438690185546875,
            0.04315376281738281,
            0.02384185791015625,
            7.367134094238281,
            0.10895729064941406,
            0.025987625122070312,
            0.008106231689453125,
            0.0059604644775390625,
            0.1609325408935547,
            0.009059906005859375,
            0.00286102294921875,
            0.007152557373046875,
            6.06989860534668,
            0.04410743713378906,
            0.09679794311523438,
            7.300138473510742,
            0.07796287536621094,
            0.10800361633300781,
            0.0019073486328125,
            0.0021457672119140625,
            0.08988380432128906,
            0.10013580322265625,
            4.629850387573242
        ]
    }
}