{
    "(2886734945, 3741648133, 49374, 443, 'tcp', 0)": {
        "ts_list": [
            1645605228.675798,
            1645605228.676025,
            1645605228.676055,
            1645605228.685097,
            1645605228.685137,
            1645605228.68531,
            1645605228.685318,
            1645605228.685327,
            1645605228.685333,
            1645605228.685338,
            1645605228.685484,
            1645605228.685597,
            1645605228.685602,
            1645605228.68561,
            1645605228.685615,
            1645605228.685617,
            1645605228.685623,
            1645605228.734255,
            1645605229.08523,
            1645605229.085292,
            1645605229.094614,
            1645605229.094637,
            1645605229.094689,
            1645605229.094702,
            1645605229.094711,
            1645605229.094715,
            1645605229.094789,
            1645605229.094794,
            1645605229.19502,
            1645605229.19506,
            1645605229.204383,
            1645605229.204468
        ],
        "ps_list": [
            158,
            184,
            225,
            121,
            66,
            97,
            101,
            66,
            97,
            66,
            66,
            101,
            66,
            191,
            66,
            260,
            66,
            66,
            121,
            225,
            66,
            66,
            101,
            66,
            144,
            66,
            255,
            66,
            121,
            225,
            66,
            101
        ],
        "direction_list": [
            0,
            0,
            0,
            1,
            0,
            0,
            1,
            0,
            1,
            0,
            1,
            1,
            0,
            1,
            0,
            1,
            0,
            1,
            0,
            0,
            1,
            1,
            1,
            0,
            1,
            0,
            1,
            0,
            0,
            0,
            1,
            1
        ],
        "piat_list": [
            0.3459453582763672,
            0.2269744873046875,
            0.030040740966796875,
            9.042024612426758,
            0.0400543212890625,
            0.1728534698486328,
            0.008106231689453125,
            0.009059906005859375,
            0.0059604644775390625,
            0.0050067901611328125,
            0.14591217041015625,
            0.11301040649414062,
            0.0050067901611328125,
            0.008106231689453125,
            0.0050067901611328125,
            0.0019073486328125,
            0.0059604644775390625,
            48.632144927978516,
            350.97503662109375,
            0.06198883056640625,
            9.321928024291992,
            0.02288818359375,
            0.051975250244140625,
            0.013113021850585938,
            0.009059906005859375,
            0.0040531158447265625,
            0.07390975952148438,
            0.0050067901611328125,
            100.22592544555664,
            0.0400543212890625,
            9.322881698608398,
            0.08511543273925781
        ]
    }
}