{
    "(2886734945, 3741713926, 50510, 443, 'tcp', 0)": {
        "ts_list": [
            1644919541.08579,
            1644919541.114628,
            1644919541.11466,
            1644919541.11468,
            1644919541.114805,
            1644919541.114808,
            1644919541.11481,
            1644919541.114812,
            1644919541.114817,
            1644919541.114824,
            1644919541.114828,
            1644919541.115662,
            1644919541.115668,
            1644919541.115675,
            1644919541.115678,
            1644919541.18566,
            1644919541.347223,
            1644919541.347257,
            1644919541.376679,
            1644919541.376701,
            1644919541.376704,
            1644919541.376715,
            1644919541.377665,
            1644919541.377669,
            1644919541.377673,
            1644919541.377676,
            1644919541.463466,
            1644919541.463496,
            1644919541.492713,
            1644919541.493739,
            1644919541.493753,
            1644919541.494967,
            1644919541.494971,
            1644919541.495066,
            1644919541.495069,
            1644919541.777821,
            1644919541.777855,
            1644919541.806822,
            1644919541.806845,
            1644919541.806856,
            1644919541.807653,
            1644919541.80766,
            1644919541.807665,
            1644919541.807669,
            1644919541.905783,
            1644919541.905807,
            1644919541.934728,
            1644919541.934742,
            1644919541.934749,
            1644919541.935737,
            1644919541.935754,
            1644919541.935766,
            1644919541.935774,
            1644919542.023219,
            1644919542.023244,
            1644919542.052715,
            1644919542.05273,
            1644919542.052739,
            1644919542.053755,
            1644919542.053759,
            1644919542.053853,
            1644919542.053857,
            1644919542.080974,
            1644919542.080995,
            1644919542.111512,
            1644919542.111527,
            1644919542.112635,
            1644919542.112656,
            1644919542.112733,
            1644919542.15114,
            1644919542.151162,
            1644919542.182534,
            1644919542.18255,
            1644919542.185517,
            1644919542.185531,
            1644919542.185556
        ],
        "ps_list": [
            225,
            66,
            121,
            66,
            97,
            101,
            97,
            101,
            66,
            66,
            66,
            190,
            66,
            260,
            66,
            66,
            121,
            225,
            66,
            66,
            101,
            66,
            120,
            66,
            255,
            66,
            121,
            225,
            66,
            101,
            66,
            121,
            66,
            287,
            66,
            121,
            225,
            66,
            101,
            66,
            122,
            66,
            253,
            66,
            121,
            225,
            66,
            101,
            66,
            120,
            66,
            298,
            66,
            121,
            225,
            66,
            101,
            66,
            144,
            66,
            297,
            66,
            121,
            225,
            66,
            101,
            122,
            66,
            272,
            121,
            225,
            66,
            101,
            120,
            309,
            66
        ],
        "direction_list": [
            0,
            1,
            1,
            0,
            0,
            1,
            1,
            1,
            0,
            0,
            0,
            1,
            0,
            1,
            0,
            1,
            0,
            0,
            1,
            1,
            1,
            0,
            1,
            0,
            1,
            0,
            0,
            0,
            1,
            1,
            0,
            1,
            0,
            1,
            0,
            0,
            0,
            1,
            1,
            0,
            1,
            0,
            1,
            0,
            0,
            0,
            1,
            1,
            0,
            1,
            0,
            1,
            0,
            0,
            0,
            1,
            1,
            0,
            1,
            0,
            1,
            0,
            0,
            0,
            1,
            1,
            1,
            0,
            1,
            0,
            0,
            1,
            1,
            1,
            1,
            0
        ],
        "piat_list": [
            0.02288818359375,
            28.838157653808594,
            0.031948089599609375,
            0.02002716064453125,
            0.12493133544921875,
            0.0030994415283203125,
            0.0019073486328125,
            0.0019073486328125,
            0.0050067901611328125,
            0.007152557373046875,
            0.0040531158447265625,
            0.8339881896972656,
            0.0059604644775390625,
            0.0069141387939453125,
            0.0030994415283203125,
            69.98181343078613,
            161.56315803527832,
            0.033855438232421875,
            29.42204475402832,
            0.022172927856445312,
            0.00286102294921875,
            0.010967254638671875,
            0.9500980377197266,
            0.0040531158447265625,
            0.003814697265625,
            0.0030994415283203125,
            85.78991889953613,
            0.030040740966796875,
            29.217004776000977,
            1.0259151458740234,
            0.014066696166992188,
            1.2140274047851562,
            0.0040531158447265625,
            0.09489059448242188,
            0.0030994415283203125,
            282.75203704833984,
            0.033855438232421875,
            28.96714210510254,
            0.02288818359375,
            0.010967254638671875,
            0.7970333099365234,
            0.007152557373046875,
            0.0050067901611328125,
            0.003814697265625,
            98.114013671875,
            0.024080276489257812,
            28.920888900756836,
            0.014066696166992188,
            0.0069141387939453125,
            0.988006591796875,
            0.0171661376953125,
            0.011920928955078125,
            0.008106231689453125,
            87.44502067565918,
            0.0247955322265625,
            29.471158981323242,
            0.015020370483398438,
            0.008821487426757812,
            1.0161399841308594,
            0.0040531158447265625,
            0.09393692016601562,
            0.0040531158447265625,
            27.117013931274414,
            0.0209808349609375,
            30.516862869262695,
            0.015020370483398438,
            1.107931137084961,
            0.021219253540039062,
            0.07677078247070312,
            38.407087326049805,
            0.02193450927734375,
            31.3720703125,
            0.015974044799804688,
            2.9671192169189453,
            0.013828277587890625,
            0.025033950805664062
        ]
    }
}