{
    "(2886734945, 3741648133, 50546, 443, 'tcp', 0)": {
        "ts_list": [
            1644929704.662562,
            1644929704.662737,
            1644929704.662757,
            1644929704.674401,
            1644929704.674435,
            1644929704.674451,
            1644929704.67448,
            1644929704.674487,
            1644929704.674596,
            1644929704.675338,
            1644929704.67552,
            1644929704.675527,
            1644929704.676397,
            1644929704.67641,
            1644929704.676418,
            1644929704.676423,
            1644929704.726435,
            1644929704.926937,
            1644929704.926989,
            1644929704.939412,
            1644929704.939439,
            1644929704.939484,
            1644929704.939496,
            1644929704.940392,
            1644929704.9404,
            1644929704.940489,
            1644929704.940495,
            1644929705.044279,
            1644929705.044322,
            1644929705.056432,
            1644929705.056512,
            1644929705.056523,
            1644929705.057429,
            1644929705.057441,
            1644929705.057454,
            1644929705.057458,
            1644929705.291091,
            1644929705.291117,
            1644929705.303468,
            1644929705.303482,
            1644929705.303491,
            1644929705.304372,
            1644929705.304378,
            1644929705.304384,
            1644929705.304387,
            1644929705.353017,
            1644929705.353039,
            1644929705.365352,
            1644929705.365458,
            1644929705.365467,
            1644929705.3664,
            1644929705.366405,
            1644929705.36641,
            1644929705.366413
        ],
        "ps_list": [
            158,
            184,
            225,
            66,
            121,
            66,
            110,
            66,
            97,
            66,
            101,
            66,
            191,
            66,
            260,
            66,
            66,
            121,
            225,
            66,
            66,
            101,
            66,
            122,
            66,
            255,
            66,
            121,
            225,
            66,
            101,
            66,
            143,
            66,
            253,
            66,
            121,
            225,
            66,
            101,
            66,
            108,
            66,
            427,
            66,
            121,
            225,
            66,
            101,
            66,
            121,
            66,
            272,
            66
        ],
        "direction_list": [
            0,
            0,
            0,
            1,
            1,
            0,
            1,
            0,
            0,
            1,
            1,
            0,
            1,
            0,
            1,
            0,
            1,
            0,
            0,
            1,
            1,
            1,
            0,
            1,
            0,
            1,
            0,
            0,
            0,
            1,
            1,
            0,
            1,
            0,
            1,
            0,
            0,
            0,
            1,
            1,
            0,
            1,
            0,
            1,
            0,
            0,
            0,
            1,
            1,
            0,
            1,
            0,
            1,
            0
        ],
        "piat_list": [
            0.26679039001464844,
            0.17499923706054688,
            0.02002716064453125,
            11.644124984741211,
            0.033855438232421875,
            0.01621246337890625,
            0.028848648071289062,
            0.007152557373046875,
            0.10895729064941406,
            0.7419586181640625,
            0.1819133758544922,
            0.007152557373046875,
            0.8699893951416016,
            0.012874603271484375,
            0.008106231689453125,
            0.0050067901611328125,
            50.01187324523926,
            200.5021572113037,
            0.051975250244140625,
            12.423038482666016,
            0.026941299438476562,
            0.04482269287109375,
            0.012159347534179688,
            0.8959770202636719,
            0.007867813110351562,
            0.08916854858398438,
            0.0059604644775390625,
            103.78408432006836,
            0.04291534423828125,
            12.109994888305664,
            0.080108642578125,
            0.010967254638671875,
            0.9059906005859375,
            0.011920928955078125,
            0.013113021850585938,
            0.003814697265625,
            233.63304138183594,
            0.025987625122070312,
            12.351036071777344,
            0.014066696166992188,
            0.009059906005859375,
            0.8809566497802734,
            0.0059604644775390625,
            0.0059604644775390625,
            0.0030994415283203125,
            48.6299991607666,
            0.02193450927734375,
            12.312889099121094,
            0.10609626770019531,
            0.009059906005859375,
            0.9329319000244141,
            0.0050067901611328125,
            0.0050067901611328125,
            0.0030994415283203125
        ]
    }
}