{
    "(2886734945, 3741713926, 58294, 443, 'tcp', 0)": {
        "ts_list": [
            1644975195.596629,
            1644975195.596822,
            1644975195.59684,
            1644975195.627664,
            1644975195.627693,
            1644975195.627698,
            1644975195.627713,
            1644975195.627734,
            1644975195.627739,
            1644975195.627741,
            1644975195.627745,
            1644975195.627864,
            1644975195.628671,
            1644975195.628683,
            1644975195.628691,
            1644975195.628696,
            1644975195.698753,
            1644975195.835789,
            1644975195.835826,
            1644975195.868717,
            1644975195.868733,
            1644975195.869193,
            1644975195.869203,
            1644975195.869764,
            1644975195.869768,
            1644975195.869863,
            1644975195.869867,
            1644975195.946531,
            1644975195.946561,
            1644975195.977653,
            1644975195.977683,
            1644975195.977696,
            1644975195.978659,
            1644975195.97867,
            1644975195.978679,
            1644975195.978684,
            1644975196.829034,
            1644975196.829062,
            1644975196.859727,
            1644975196.85975,
            1644975196.859762,
            1644975196.860668,
            1644975196.860676,
            1644975196.860679,
            1644975196.860682
        ],
        "ps_list": [
            158,
            184,
            225,
            66,
            66,
            121,
            66,
            110,
            66,
            101,
            66,
            97,
            191,
            66,
            260,
            66,
            66,
            121,
            225,
            66,
            66,
            101,
            66,
            121,
            66,
            255,
            66,
            121,
            225,
            66,
            101,
            66,
            120,
            66,
            311,
            66,
            121,
            225,
            66,
            101,
            66,
            144,
            66,
            297,
            66
        ],
        "direction_list": [
            0,
            0,
            0,
            1,
            1,
            1,
            0,
            1,
            0,
            1,
            0,
            0,
            1,
            0,
            1,
            0,
            1,
            0,
            0,
            1,
            1,
            1,
            0,
            1,
            0,
            1,
            0,
            0,
            0,
            1,
            1,
            0,
            1,
            0,
            1,
            0,
            0,
            0,
            1,
            1,
            0,
            1,
            0,
            1,
            0
        ],
        "piat_list": [
            0.24890899658203125,
            0.19311904907226562,
            0.017881393432617188,
            30.82418441772461,
            0.028848648071289062,
            0.0050067901611328125,
            0.015020370483398438,
            0.0209808349609375,
            0.0050067901611328125,
            0.0021457672119140625,
            0.003814697265625,
            0.11897087097167969,
            0.8070468902587891,
            0.012159347534179688,
            0.007867813110351562,
            0.0050067901611328125,
            70.05715370178223,
            137.03584671020508,
            0.03695487976074219,
            32.891035079956055,
            0.015974044799804688,
            0.4601478576660156,
            0.010013580322265625,
            0.5609989166259766,
            0.003814697265625,
            0.09512901306152344,
            0.0040531158447265625,
            76.66397094726562,
            0.030040740966796875,
            31.091928482055664,
            0.030040740966796875,
            0.012874603271484375,
            0.9629726409912109,
            0.010967254638671875,
            0.009059906005859375,
            0.0050067901611328125,
            850.3501415252686,
            0.027894973754882812,
            30.664920806884766,
            0.023126602172851562,
            0.011920928955078125,
            0.9059906005859375,
            0.008106231689453125,
            0.00286102294921875,
            0.0030994415283203125
        ]
    }
}