{
    "(2886734945, 3741713926, 58352, 443, 'tcp', 0)": {
        "ts_list": [
            1644975273.804684,
            1644975273.80486,
            1644975273.804883,
            1644975273.834557,
            1644975273.834589,
            1644975273.834602,
            1644975273.834615,
            1644975273.834621,
            1644975273.834738,
            1644975273.834742,
            1644975273.835542,
            1644975273.835547,
            1644975273.835632,
            1644975273.835636,
            1644975273.839592,
            1644975273.908618,
            1644975274.050117,
            1644975274.050162,
            1644975274.079658,
            1644975274.079689,
            1644975274.079698,
            1644975274.079711,
            1644975274.080588,
            1644975274.080596,
            1644975274.080687,
            1644975274.080692,
            1644975274.179482,
            1644975274.179522,
            1644975274.208584,
            1644975274.208669,
            1644975274.208685,
            1644975274.209675,
            1644975274.20968,
            1644975274.209771,
            1644975274.209776,
            1644975275.051285,
            1644975275.051326,
            1644975275.080596,
            1644975275.080614,
            1644975275.080625,
            1644975275.081529,
            1644975275.081534,
            1644975275.081627,
            1644975275.081631
        ],
        "ps_list": [
            158,
            184,
            225,
            66,
            121,
            66,
            110,
            66,
            101,
            66,
            190,
            66,
            260,
            66,
            97,
            66,
            121,
            225,
            66,
            66,
            101,
            66,
            143,
            66,
            255,
            66,
            121,
            225,
            66,
            101,
            66,
            120,
            66,
            311,
            66,
            121,
            225,
            66,
            101,
            66,
            143,
            66,
            297,
            66
        ],
        "direction_list": [
            0,
            0,
            0,
            1,
            1,
            0,
            1,
            0,
            1,
            0,
            1,
            0,
            1,
            0,
            0,
            1,
            0,
            0,
            1,
            1,
            1,
            0,
            1,
            0,
            1,
            0,
            0,
            0,
            1,
            1,
            0,
            1,
            0,
            1,
            0,
            0,
            0,
            1,
            1,
            0,
            1,
            0,
            1,
            0
        ],
        "piat_list": [
            0.2529621124267578,
            0.1761913299560547,
            0.02288818359375,
            29.674053192138672,
            0.031948089599609375,
            0.013113021850585938,
            0.012874603271484375,
            0.0059604644775390625,
            0.11706352233886719,
            0.0040531158447265625,
            0.7998943328857422,
            0.0050067901611328125,
            0.08511543273925781,
            0.003814697265625,
            3.9560794830322266,
            69.02599334716797,
            141.49904251098633,
            0.04506111145019531,
            29.495954513549805,
            0.030994415283203125,
            0.009059906005859375,
            0.012874603271484375,
            0.8771419525146484,
            0.007867813110351562,
            0.09107589721679688,
            0.0050067901611328125,
            98.78993034362793,
            0.0400543212890625,
            29.06203269958496,
            0.08487701416015625,
            0.015974044799804688,
            0.9901523590087891,
            0.0050067901611328125,
            0.09083747863769531,
            0.0050067901611328125,
            841.5091037750244,
            0.04100799560546875,
            29.269933700561523,
            0.01811981201171875,
            0.010967254638671875,
            0.9038448333740234,
            0.0050067901611328125,
            0.09298324584960938,
            0.0040531158447265625
        ]
    }
}