{
    "(2886734945, 3741648133, 56894, 443, 'tcp', 0)": {
        "ts_list": [
            1645413070.747918,
            1645413070.748105,
            1645413070.748146,
            1645413070.755944,
            1645413070.755964,
            1645413070.75676,
            1645413070.756766,
            1645413070.756772,
            1645413070.756954,
            1645413070.756958,
            1645413070.757056,
            1645413070.75706,
            1645413070.757849,
            1645413070.757854,
            1645413070.757855,
            1645413070.757858,
            1645413070.760617,
            1645413070.808813,
            1645413071.054439,
            1645413071.054474,
            1645413071.062825,
            1645413071.062851,
            1645413071.063006,
            1645413071.063013,
            1645413071.063915,
            1645413071.063922,
            1645413071.063926,
            1645413071.06393,
            1645413071.203317,
            1645413071.203346,
            1645413071.211942,
            1645413071.211978,
            1645413071.21199,
            1645413071.236058,
            1645413071.236089,
            1645413071.236098,
            1645413071.236101
        ],
        "ps_list": [
            158,
            184,
            225,
            121,
            66,
            66,
            101,
            66,
            97,
            66,
            101,
            66,
            191,
            66,
            260,
            66,
            97,
            66,
            121,
            225,
            66,
            66,
            101,
            66,
            144,
            66,
            255,
            66,
            121,
            225,
            66,
            101,
            66,
            122,
            66,
            253,
            66
        ],
        "direction_list": [
            0,
            0,
            0,
            1,
            0,
            1,
            1,
            0,
            1,
            0,
            1,
            0,
            1,
            0,
            1,
            0,
            0,
            1,
            0,
            0,
            1,
            1,
            1,
            0,
            1,
            0,
            1,
            0,
            0,
            0,
            1,
            1,
            0,
            1,
            0,
            1,
            0
        ],
        "piat_list": [
            0.2598762512207031,
            0.18715858459472656,
            0.04100799560546875,
            7.797956466674805,
            0.02002716064453125,
            0.7958412170410156,
            0.006198883056640625,
            0.0059604644775390625,
            0.1819133758544922,
            0.0040531158447265625,
            0.09799003601074219,
            0.0040531158447265625,
            0.7889270782470703,
            0.0050067901611328125,
            0.00095367431640625,
            0.0030994415283203125,
            2.7589797973632812,
            48.19607734680176,
            245.62597274780273,
            0.03504753112792969,
            8.350849151611328,
            0.025987625122070312,
            0.15497207641601562,
            0.007152557373046875,
            0.9019374847412109,
            0.0069141387939453125,
            0.0040531158447265625,
            0.0040531158447265625,
            139.3868923187256,
            0.029087066650390625,
            8.595943450927734,
            0.03600120544433594,
            0.012159347534179688,
            24.06787872314453,
            0.030994415283203125,
            0.009059906005859375,
            0.00286102294921875
        ]
    }
}