{
    "(2886734945, 3741648133, 57064, 443, 'tcp', 0)": {
        "ts_list": [
            1645413431.840742,
            1645413431.840917,
            1645413431.840942,
            1645413431.8496,
            1645413431.849621,
            1645413431.849629,
            1645413431.849683,
            1645413431.849686,
            1645413431.849765,
            1645413431.849783,
            1645413431.849787,
            1645413431.850603,
            1645413431.850607,
            1645413431.850612,
            1645413431.850616,
            1645413431.89848,
            1645413432.174519,
            1645413432.174561,
            1645413432.183584,
            1645413432.183607,
            1645413432.183762,
            1645413432.183774,
            1645413432.184519,
            1645413432.184524,
            1645413432.184532,
            1645413432.184536,
            1645413432.294238,
            1645413432.294275,
            1645413432.302628,
            1645413432.302651
        ],
        "ps_list": [
            164,
            184,
            225,
            66,
            121,
            66,
            110,
            66,
            97,
            101,
            66,
            190,
            66,
            260,
            66,
            66,
            121,
            225,
            66,
            66,
            101,
            66,
            144,
            66,
            255,
            66,
            121,
            225,
            66,
            101
        ],
        "direction_list": [
            0,
            0,
            0,
            1,
            1,
            0,
            1,
            0,
            0,
            1,
            0,
            1,
            0,
            1,
            0,
            1,
            0,
            0,
            1,
            1,
            1,
            0,
            1,
            0,
            1,
            0,
            0,
            0,
            1,
            1
        ],
        "piat_list": [
            0.2651214599609375,
            0.17499923706054688,
            0.0247955322265625,
            8.658170700073242,
            0.0209808349609375,
            0.007867813110351562,
            0.05412101745605469,
            0.00286102294921875,
            0.07915496826171875,
            0.017881393432617188,
            0.0040531158447265625,
            0.8161067962646484,
            0.003814697265625,
            0.0050067901611328125,
            0.0040531158447265625,
            47.86396026611328,
            276.03912353515625,
            0.041961669921875,
            9.022951126098633,
            0.023126602172851562,
            0.15497207641601562,
            0.011920928955078125,
            0.7450580596923828,
            0.0050067901611328125,
            0.007867813110351562,
            0.0040531158447265625,
            109.70211029052734,
            0.03695487976074219,
            8.352994918823242,
            0.02288818359375
        ]
    }
}