{
    "(2886734945, 3741648133, 57172, 443, 'tcp', 0)": {
        "ts_list": [
            1645413710.321983,
            1645413710.322178,
            1645413710.322211,
            1645413710.331143,
            1645413710.331178,
            1645413710.331194,
            1645413710.331216,
            1645413710.331226,
            1645413710.331331,
            1645413710.332208,
            1645413710.332242,
            1645413710.333182,
            1645413710.333198,
            1645413710.333375,
            1645413710.333385,
            1645413710.381144,
            1645413710.610225,
            1645413710.610261,
            1645413710.620062,
            1645413710.620085,
            1645413710.620233,
            1645413710.620243,
            1645413710.621095,
            1645413710.621107,
            1645413710.621188,
            1645413710.621193,
            1645413710.726726,
            1645413710.726752,
            1645413710.736114,
            1645413710.736202,
            1645413710.736222,
            1645413710.737225,
            1645413710.73724,
            1645413710.737251,
            1645413710.737257
        ],
        "ps_list": [
            158,
            184,
            225,
            66,
            121,
            66,
            110,
            66,
            97,
            101,
            66,
            191,
            66,
            260,
            66,
            66,
            121,
            225,
            66,
            66,
            101,
            66,
            122,
            66,
            255,
            66,
            121,
            225,
            66,
            101,
            66,
            123,
            66,
            253,
            66
        ],
        "direction_list": [
            0,
            0,
            0,
            1,
            1,
            0,
            1,
            0,
            0,
            1,
            0,
            1,
            0,
            1,
            0,
            1,
            0,
            0,
            1,
            1,
            1,
            0,
            1,
            0,
            1,
            0,
            0,
            0,
            1,
            1,
            0,
            1,
            0,
            1,
            0
        ],
        "piat_list": [
            0.2770423889160156,
            0.19478797912597656,
            0.03314018249511719,
            8.931875228881836,
            0.03504753112792969,
            0.015974044799804688,
            0.022172927856445312,
            0.010013580322265625,
            0.1049041748046875,
            0.8769035339355469,
            0.03409385681152344,
            0.9400844573974609,
            0.015974044799804688,
            0.17690658569335938,
            0.010013580322265625,
            47.759056091308594,
            229.0809154510498,
            0.03600120544433594,
            9.801149368286133,
            0.02288818359375,
            0.1480579376220703,
            0.010013580322265625,
            0.8518695831298828,
            0.012159347534179688,
            0.08082389831542969,
            0.0050067901611328125,
            105.53312301635742,
            0.025987625122070312,
            9.361982345581055,
            0.08797645568847656,
            0.02002716064453125,
            1.0030269622802734,
            0.015020370483398438,
            0.010967254638671875,
            0.0059604644775390625
        ]
    }
}