{
    "(2886734945, 3741648133, 32924, 443, 'tcp', 0)": {
        "ts_list": [
            1645039925.614943,
            1645039925.615116,
            1645039925.615144,
            1645039925.623056,
            1645039925.623148,
            1645039925.623156,
            1645039925.623165,
            1645039925.623171,
            1645039925.623295,
            1645039925.623299,
            1645039925.624171,
            1645039925.624176,
            1645039925.624253,
            1645039925.624257,
            1645039925.625271,
            1645039925.673073,
            1645039925.934861,
            1645039925.934895,
            1645039925.943015,
            1645039925.943041,
            1645039925.943432,
            1645039925.943442,
            1645039925.944064,
            1645039925.944068,
            1645039925.944076,
            1645039925.944079,
            1645039926.012571,
            1645039926.012597,
            1645039926.021125,
            1645039926.021236,
            1645039926.021247,
            1645039926.022088,
            1645039926.022092,
            1645039926.022221,
            1645039926.022227,
            1645039926.475533,
            1645039926.47558,
            1645039926.475589,
            1645039926.475604,
            1645039926.484146,
            1645039926.484173,
            1645039926.484187,
            1645039926.484196,
            1645039926.4842,
            1645039926.485114,
            1645039926.485128,
            1645039926.485205,
            1645039926.48521,
            1645039926.589789,
            1645039926.58981,
            1645039926.595304,
            1645039926.595323,
            1645039926.598221,
            1645039926.598262,
            1645039926.599013,
            1645039926.599036,
            1645039926.60013,
            1645039926.600266,
            1645039926.600274,
            1645039926.601049,
            1645039926.601054,
            1645039926.601148,
            1645039926.601152,
            1645039926.60608,
            1645039926.60618,
            1645039926.606184,
            1645039926.606187,
            1645039926.606193,
            1645039926.606212,
            1645039926.607132,
            1645039926.607232,
            1645039926.607238,
            1645039926.607254,
            1645039926.610653,
            1645039926.610659,
            1645039926.610688
        ],
        "ps_list": [
            164,
            184,
            225,
            66,
            121,
            66,
            110,
            66,
            101,
            66,
            191,
            66,
            260,
            66,
            97,
            66,
            121,
            225,
            66,
            66,
            101,
            66,
            121,
            66,
            255,
            66,
            121,
            225,
            66,
            101,
            66,
            143,
            66,
            314,
            66,
            121,
            121,
            225,
            225,
            66,
            101,
            66,
            101,
            66,
            153,
            66,
            572,
            66,
            121,
            225,
            121,
            225,
            121,
            225,
            121,
            225,
            66,
            101,
            66,
            120,
            66,
            366,
            66,
            66,
            66,
            101,
            66,
            101,
            66,
            66,
            446,
            272,
            66,
            121,
            344,
            66
        ],
        "direction_list": [
            0,
            0,
            0,
            1,
            1,
            0,
            1,
            0,
            1,
            0,
            1,
            0,
            1,
            0,
            0,
            1,
            0,
            0,
            1,
            1,
            1,
            0,
            1,
            0,
            1,
            0,
            0,
            0,
            1,
            1,
            0,
            1,
            0,
            1,
            0,
            0,
            0,
            0,
            0,
            1,
            1,
            0,
            1,
            0,
            1,
            0,
            1,
            0,
            0,
            0,
            0,
            0,
            0,
            0,
            0,
            0,
            1,
            1,
            0,
            1,
            0,
            1,
            0,
            1,
            1,
            1,
            0,
            1,
            0,
            1,
            1,
            1,
            0,
            1,
            1,
            0
        ],
        "piat_list": [
            0.2620220184326172,
            0.1728534698486328,
            0.028133392333984375,
            7.911920547485352,
            0.09202957153320312,
            0.008106231689453125,
            0.008821487426757812,
            0.006198883056640625,
            0.1239776611328125,
            0.003814697265625,
            0.8721351623535156,
            0.0050067901611328125,
            0.07700920104980469,
            0.0040531158447265625,
            1.0139942169189453,
            47.801971435546875,
            261.78789138793945,
            0.03409385681152344,
            8.120059967041016,
            0.025987625122070312,
            0.3910064697265625,
            0.010013580322265625,
            0.621795654296875,
            0.0040531158447265625,
            0.008106231689453125,
            0.00286102294921875,
            68.49217414855957,
            0.025987625122070312,
            8.527994155883789,
            0.11086463928222656,
            0.010967254638671875,
            0.8411407470703125,
            0.0040531158447265625,
            0.1289844512939453,
            0.0059604644775390625,
            453.3059597015381,
            0.04696846008300781,
            0.009059906005859375,
            0.015020370483398438,
            8.542060852050781,
            0.026941299438476562,
            0.013828277587890625,
            0.009059906005859375,
            0.0040531158447265625,
            0.9140968322753906,
            0.013828277587890625,
            0.07700920104980469,
            0.0050067901611328125,
            104.57897186279297,
            0.0209808349609375,
            5.494117736816406,
            0.019073486328125,
            2.897977828979492,
            0.04100799560546875,
            0.7510185241699219,
            0.02288818359375,
            1.0941028594970703,
            0.13589859008789062,
            0.008106231689453125,
            0.7748603820800781,
            0.0050067901611328125,
            0.09393692016601562,
            0.0040531158447265625,
            4.928112030029297,
            0.09989738464355469,
            0.0040531158447265625,
            0.0030994415283203125,
            0.0059604644775390625,
            0.018835067749023438,
            0.9200572967529297,
            0.10013580322265625,
            0.0059604644775390625,
            0.015974044799804688,
            3.398895263671875,
            0.0059604644775390625,
            0.029087066650390625
        ]
    }
}