{
    "(2886734945, 3741648133, 41428, 443, 'tcp', 0)": {
        "ts_list": [
            1645587337.522866,
            1645587337.523069,
            1645587337.523094,
            1645587337.530855,
            1645587337.530901,
            1645587337.531051,
            1645587337.531085,
            1645587337.531092,
            1645587337.531097,
            1645587337.5311,
            1645587337.531183,
            1645587337.531189,
            1645587337.531192,
            1645587337.531281,
            1645587337.531286,
            1645587337.53129,
            1645587337.531294,
            1645587337.578225,
            1645587337.883048,
            1645587337.883091,
            1645587337.891025,
            1645587337.891054,
            1645587337.8912,
            1645587337.891215,
            1645587337.891226,
            1645587337.89123,
            1645587337.891235,
            1645587337.891239,
            1645587338.012226,
            1645587338.012265,
            1645587338.020307,
            1645587338.020335,
            1645587338.020346,
            1645587338.020358,
            1645587338.020362,
            1645587338.020365,
            1645587338.020371,
            1645587338.092511,
            1645587338.092547,
            1645587338.100617,
            1645587338.10065,
            1645587338.100673,
            1645587338.100681,
            1645587338.100687,
            1645587338.100691,
            1645587338.100696,
            1645587338.913769,
            1645587338.913818,
            1645587338.921773,
            1645587338.921807,
            1645587338.92182,
            1645587338.921948,
            1645587338.921954,
            1645587338.921962,
            1645587338.921967
        ],
        "ps_list": [
            158,
            184,
            225,
            121,
            66,
            97,
            101,
            66,
            97,
            66,
            66,
            101,
            66,
            191,
            66,
            260,
            66,
            66,
            121,
            225,
            66,
            66,
            101,
            66,
            121,
            66,
            255,
            66,
            121,
            225,
            66,
            101,
            66,
            144,
            66,
            252,
            66,
            121,
            225,
            66,
            101,
            66,
            120,
            66,
            364,
            66,
            121,
            225,
            66,
            101,
            66,
            119,
            66,
            369,
            66
        ],
        "direction_list": [
            0,
            0,
            0,
            1,
            0,
            0,
            1,
            0,
            1,
            0,
            1,
            1,
            0,
            1,
            0,
            1,
            0,
            1,
            0,
            0,
            1,
            1,
            1,
            0,
            1,
            0,
            1,
            0,
            0,
            0,
            1,
            1,
            0,
            1,
            0,
            1,
            0,
            0,
            0,
            1,
            1,
            0,
            1,
            0,
            1,
            0,
            0,
            0,
            1,
            1,
            0,
            1,
            0,
            1,
            0
        ],
        "piat_list": [
            0.3199577331542969,
            0.2028942108154297,
            0.025033950805664062,
            7.7610015869140625,
            0.04601478576660156,
            0.1499652862548828,
            0.03409385681152344,
            0.0069141387939453125,
            0.0050067901611328125,
            0.0030994415283203125,
            0.08296966552734375,
            0.0059604644775390625,
            0.0030994415283203125,
            0.08893013000488281,
            0.0050067901611328125,
            0.0040531158447265625,
            0.0040531158447265625,
            46.930789947509766,
            304.8231601715088,
            0.04291534423828125,
            7.934093475341797,
            0.028848648071289062,
            0.1461505889892578,
            0.015020370483398438,
            0.010967254638671875,
            0.0040531158447265625,
            0.0050067901611328125,
            0.003814697265625,
            120.9871768951416,
            0.03886222839355469,
            8.042097091674805,
            0.027894973754882812,
            0.010967254638671875,
            0.012159347534179688,
            0.003814697265625,
            0.0030994415283203125,
            0.0059604644775390625,
            72.13997840881348,
            0.03600120544433594,
            8.069992065429688,
            0.03314018249511719,
            0.02288818359375,
            0.008106231689453125,
            0.0059604644775390625,
            0.0040531158447265625,
            0.0050067901611328125,
            813.072919845581,
            0.04887580871582031,
            7.955074310302734,
            0.03409385681152344,
            0.012874603271484375,
            0.12803077697753906,
            0.0059604644775390625,
            0.008106231689453125,
            0.0050067901611328125
        ]
    }
}