{
    "(2886734945, 3741713926, 37048, 443, 'tcp', 0)": {
        "ts_list": [
            1645201205.283486,
            1645201205.283658,
            1645201205.283676,
            1645201205.314488,
            1645201205.314515,
            1645201205.314531,
            1645201205.314555,
            1645201205.314561,
            1645201205.314663,
            1645201205.314664,
            1645201205.314667,
            1645201205.314674,
            1645201205.314679,
            1645201205.315478,
            1645201205.315493,
            1645201205.315507,
            1645201205.315513,
            1645201205.385618,
            1645201205.545908,
            1645201205.545938,
            1645201205.576506,
            1645201205.576528,
            1645201205.576679,
            1645201205.576689,
            1645201205.577524,
            1645201205.577528,
            1645201205.577533,
            1645201205.577536,
            1645201205.622089,
            1645201205.622117,
            1645201205.663441,
            1645201205.663471,
            1645201205.663484,
            1645201205.665339,
            1645201205.665343,
            1645201205.665348,
            1645201205.665351,
            1645201206.324516,
            1645201206.324557,
            1645201206.356075,
            1645201206.356093,
            1645201206.356103,
            1645201206.356606,
            1645201206.356612,
            1645201206.356615,
            1645201206.356618,
            1645201206.375001,
            1645201206.37503,
            1645201206.405651,
            1645201206.40567,
            1645201206.406468,
            1645201206.406473,
            1645201206.406512
        ],
        "ps_list": [
            158,
            184,
            225,
            66,
            121,
            66,
            101,
            66,
            97,
            97,
            101,
            66,
            66,
            191,
            66,
            260,
            66,
            66,
            121,
            225,
            66,
            66,
            101,
            66,
            121,
            66,
            255,
            66,
            121,
            225,
            66,
            101,
            66,
            121,
            66,
            394,
            66,
            121,
            225,
            66,
            101,
            66,
            144,
            66,
            263,
            66,
            121,
            225,
            66,
            101,
            122,
            272,
            66
        ],
        "direction_list": [
            0,
            0,
            0,
            1,
            1,
            0,
            1,
            0,
            1,
            0,
            1,
            0,
            0,
            1,
            0,
            1,
            0,
            1,
            0,
            0,
            1,
            1,
            1,
            0,
            1,
            0,
            1,
            0,
            0,
            0,
            1,
            1,
            0,
            1,
            0,
            1,
            0,
            0,
            0,
            1,
            1,
            0,
            1,
            0,
            1,
            0,
            0,
            0,
            1,
            1,
            1,
            1,
            0
        ],
        "piat_list": [
            0.25200843811035156,
            0.17213821411132812,
            0.017881393432617188,
            30.81202507019043,
            0.027179718017578125,
            0.015974044799804688,
            0.02384185791015625,
            0.0059604644775390625,
            0.10204315185546875,
            0.00095367431640625,
            0.0030994415283203125,
            0.0069141387939453125,
            0.0050067901611328125,
            0.7991790771484375,
            0.015020370483398438,
            0.013828277587890625,
            0.0059604644775390625,
            70.10507583618164,
            160.29000282287598,
            0.030040740966796875,
            30.56788444519043,
            0.022172927856445312,
            0.15091896057128906,
            0.010013580322265625,
            0.8349418640136719,
            0.0040531158447265625,
            0.0050067901611328125,
            0.0030994415283203125,
            44.55280303955078,
            0.028133392333984375,
            41.32390022277832,
            0.030040740966796875,
            0.013113021850585938,
            1.8548965454101562,
            0.0040531158447265625,
            0.0050067901611328125,
            0.00286102294921875,
            659.1651439666748,
            0.04100799560546875,
            31.517982482910156,
            0.017881393432617188,
            0.010013580322265625,
            0.5030632019042969,
            0.0059604644775390625,
            0.0030994415283203125,
            0.00286102294921875,
            18.383026123046875,
            0.029087066650390625,
            30.621051788330078,
            0.018835067749023438,
            0.7979869842529297,
            0.0050067901611328125,
            0.03910064697265625
        ]
    }
}