{
    "(2886734945, 3741648133, 48842, 443, 'tcp', 0)": {
        "ts_list": [
            1645087232.86389,
            1645087232.864081,
            1645087232.864104,
            1645087232.872843,
            1645087232.872871,
            1645087232.872965,
            1645087232.873726,
            1645087232.873769,
            1645087232.873778,
            1645087232.873918,
            1645087232.873926,
            1645087232.873931,
            1645087232.873934,
            1645087232.874832,
            1645087232.874838,
            1645087232.87493,
            1645087232.874934,
            1645087232.922764,
            1645087233.147668,
            1645087233.147701,
            1645087233.156832,
            1645087233.156858,
            1645087233.157014,
            1645087233.157023,
            1645087233.157769,
            1645087233.157782,
            1645087233.157868,
            1645087233.157875,
            1645087233.252699,
            1645087233.252734,
            1645087233.261932,
            1645087233.262011,
            1645087233.262022,
            1645087233.2628,
            1645087233.262805,
            1645087233.262893,
            1645087233.262899,
            1645087233.47005,
            1645087233.470075,
            1645087233.479764,
            1645087233.479874,
            1645087233.479885,
            1645087233.480786,
            1645087233.480792,
            1645087233.48088,
            1645087233.480885,
            1645087233.702399,
            1645087233.702422,
            1645087233.711819,
            1645087233.711941,
            1645087233.71195,
            1645087233.712776,
            1645087233.71278,
            1645087233.712875,
            1645087233.71288
        ],
        "ps_list": [
            164,
            184,
            225,
            121,
            66,
            97,
            66,
            101,
            66,
            97,
            66,
            101,
            66,
            191,
            66,
            260,
            66,
            66,
            121,
            225,
            66,
            66,
            101,
            66,
            145,
            66,
            255,
            66,
            121,
            225,
            66,
            101,
            66,
            121,
            66,
            257,
            66,
            121,
            225,
            66,
            101,
            66,
            121,
            66,
            258,
            66,
            121,
            225,
            66,
            101,
            66,
            122,
            66,
            272,
            66
        ],
        "direction_list": [
            0,
            0,
            0,
            1,
            0,
            0,
            1,
            1,
            0,
            1,
            0,
            1,
            0,
            1,
            0,
            1,
            0,
            1,
            0,
            0,
            1,
            1,
            1,
            0,
            1,
            0,
            1,
            0,
            0,
            0,
            1,
            1,
            0,
            1,
            0,
            1,
            0,
            0,
            0,
            1,
            1,
            0,
            1,
            0,
            1,
            0,
            0,
            0,
            1,
            1,
            0,
            1,
            0,
            1,
            0
        ],
        "piat_list": [
            0.331878662109375,
            0.19097328186035156,
            0.023126602172851562,
            8.738994598388672,
            0.027894973754882812,
            0.09417533874511719,
            0.7607936859130859,
            0.04315376281738281,
            0.009059906005859375,
            0.1399517059326172,
            0.007867813110351562,
            0.0050067901611328125,
            0.0030994415283203125,
            0.8978843688964844,
            0.006198883056640625,
            0.09179115295410156,
            0.0040531158447265625,
            47.83010482788086,
            224.90382194519043,
            0.03314018249511719,
            9.13095474243164,
            0.025987625122070312,
            0.15592575073242188,
            0.009059906005859375,
            0.7460117340087891,
            0.013113021850585938,
            0.0858306884765625,
            0.007152557373046875,
            94.82383728027344,
            0.03504753112792969,
            9.19795036315918,
            0.07915496826171875,
            0.010967254638671875,
            0.7779598236083984,
            0.0050067901611328125,
            0.08797645568847656,
            0.0059604644775390625,
            207.1511745452881,
            0.0247955322265625,
            9.689092636108398,
            0.10991096496582031,
            0.011205673217773438,
            0.9009838104248047,
            0.0059604644775390625,
            0.08797645568847656,
            0.0050067901611328125,
            221.5139865875244,
            0.02288818359375,
            9.397029876708984,
            0.1220703125,
            0.009059906005859375,
            0.8258819580078125,
            0.0040531158447265625,
            0.09489059448242188,
            0.0050067901611328125
        ]
    }
}