{
    "(2886734945, 3741648133, 52292, 443, 'tcp', 0)": {
        "ts_list": [
            1644705910.872068,
            1644705910.872229,
            1644705910.872252,
            1644705910.882934,
            1644705910.88303,
            1644705910.883045,
            1644705910.883048,
            1644705910.883051,
            1644705910.883127,
            1644705910.88313,
            1644705910.883369,
            1644705910.883373,
            1644705910.883481,
            1644705910.884001,
            1644705910.884007,
            1644705910.884014,
            1644705910.884018,
            1644705910.932923,
            1644705911.158345,
            1644705911.158377,
            1644705911.167979,
            1644705911.167995,
            1644705911.168097,
            1644705911.168105,
            1644705911.16901,
            1644705911.169016,
            1644705911.169275,
            1644705911.16928,
            1644705911.262801,
            1644705911.262829,
            1644705911.272948,
            1644705911.272967,
            1644705911.272975,
            1644705911.273945,
            1644705911.273957,
            1644705911.273964,
            1644705911.273968
        ],
        "ps_list": [
            158,
            184,
            225,
            66,
            121,
            66,
            101,
            66,
            97,
            66,
            101,
            66,
            97,
            191,
            66,
            260,
            66,
            66,
            121,
            225,
            66,
            66,
            101,
            66,
            145,
            66,
            255,
            66,
            121,
            225,
            66,
            101,
            66,
            119,
            66,
            269,
            66
        ],
        "direction_list": [
            0,
            0,
            0,
            1,
            1,
            0,
            1,
            0,
            1,
            0,
            1,
            0,
            0,
            1,
            0,
            1,
            0,
            1,
            0,
            0,
            1,
            1,
            1,
            0,
            1,
            0,
            1,
            0,
            0,
            0,
            1,
            1,
            0,
            1,
            0,
            1,
            0
        ],
        "piat_list": [
            0.28896331787109375,
            0.16117095947265625,
            0.02288818359375,
            10.682106018066406,
            0.09584426879882812,
            0.015020370483398438,
            0.0030994415283203125,
            0.00286102294921875,
            0.07605552673339844,
            0.0030994415283203125,
            0.23889541625976562,
            0.0040531158447265625,
            0.10800361633300781,
            0.5199909210205078,
            0.0059604644775390625,
            0.0069141387939453125,
            0.0040531158447265625,
            48.905134201049805,
            225.42190551757812,
            0.031948089599609375,
            9.602069854736328,
            0.015974044799804688,
            0.10204315185546875,
            0.007867813110351562,
            0.9050369262695312,
            0.0059604644775390625,
            0.25916099548339844,
            0.0050067901611328125,
            93.5208797454834,
            0.028133392333984375,
            10.118961334228516,
            0.019073486328125,
            0.007867813110351562,
            0.9701251983642578,
            0.011920928955078125,
            0.0069141387939453125,
            0.0040531158447265625
        ]
    }
}