{
    "(2886734945, 3741713926, 57434, 443, 'tcp', 0)": {
        "ts_list": [
            1645572678.448179,
            1645572678.448359,
            1645572678.448402,
            1645572678.475615,
            1645572678.475647,
            1645572678.47566,
            1645572678.475679,
            1645572678.475683,
            1645572678.475813,
            1645572678.476717,
            1645572678.476739,
            1645572678.477529,
            1645572678.477541,
            1645572678.477549,
            1645572678.477553,
            1645572678.543699,
            1645572678.736559,
            1645572678.736591,
            1645572678.76459,
            1645572678.764621,
            1645572678.764626,
            1645572678.764639,
            1645572678.765821,
            1645572678.765844,
            1645572678.765866,
            1645572678.765872,
            1645572678.846284,
            1645572678.846313,
            1645572678.848565,
            1645572678.848608,
            1645572678.88359,
            1645572678.883623,
            1645572678.883638,
            1645572678.885399,
            1645572678.885418,
            1645572678.885498,
            1645572678.885505,
            1645572678.962806,
            1645572678.993502,
            1645572678.993543,
            1645572679.024474,
            1645572679.024505,
            1645572679.024521,
            1645572679.026686,
            1645572679.026693,
            1645572679.026701,
            1645572679.026705,
            1645572680.235614,
            1645572680.235649,
            1645572680.26387,
            1645572680.263894,
            1645572680.263907,
            1645572680.264647,
            1645572680.264662,
            1645572680.264675,
            1645572680.26468,
            1645572681.079476,
            1645572681.079515,
            1645572681.07955,
            1645572681.107595,
            1645572681.107625,
            1645572681.107639,
            1645572681.10765,
            1645572681.107654,
            1645572681.108562,
            1645572681.108566,
            1645572681.108573,
            1645572681.108577
        ],
        "ps_list": [
            158,
            184,
            225,
            66,
            121,
            66,
            110,
            66,
            97,
            101,
            66,
            191,
            66,
            260,
            66,
            66,
            121,
            225,
            66,
            66,
            101,
            66,
            122,
            66,
            255,
            66,
            121,
            225,
            121,
            225,
            66,
            101,
            66,
            120,
            66,
            381,
            66,
            225,
            78,
            121,
            66,
            101,
            66,
            108,
            66,
            405,
            66,
            121,
            225,
            66,
            101,
            66,
            144,
            66,
            297,
            66,
            121,
            225,
            280,
            66,
            101,
            66,
            101,
            66,
            348,
            66,
            366,
            66
        ],
        "direction_list": [
            0,
            0,
            0,
            1,
            1,
            0,
            1,
            0,
            0,
            1,
            0,
            1,
            0,
            1,
            0,
            1,
            0,
            0,
            1,
            1,
            1,
            0,
            1,
            0,
            1,
            0,
            0,
            0,
            0,
            0,
            1,
            1,
            0,
            1,
            0,
            1,
            0,
            0,
            1,
            0,
            1,
            1,
            0,
            1,
            0,
            1,
            0,
            0,
            0,
            1,
            1,
            0,
            1,
            0,
            1,
            0,
            0,
            0,
            0,
            1,
            1,
            0,
            1,
            0,
            1,
            0,
            1,
            0
        ],
        "piat_list": [
            0.2799034118652344,
            0.1800060272216797,
            0.04291534423828125,
            27.213096618652344,
            0.031948089599609375,
            0.013113021850585938,
            0.018835067749023438,
            0.0040531158447265625,
            0.12993812561035156,
            0.904083251953125,
            0.02193450927734375,
            0.7901191711425781,
            0.011920928955078125,
            0.008106231689453125,
            0.003814697265625,
            66.1461353302002,
            192.85988807678223,
            0.03218650817871094,
            27.998924255371094,
            0.030994415283203125,
            0.0050067901611328125,
            0.012874603271484375,
            1.1820793151855469,
            0.023126602172851562,
            0.02193450927734375,
            0.0059604644775390625,
            80.41191101074219,
            0.029087066650390625,
            2.2521018981933594,
            0.04291534423828125,
            34.98196601867676,
            0.032901763916015625,
            0.015020370483398438,
            1.7611980438232422,
            0.018835067749023438,
            0.080108642578125,
            0.0069141387939453125,
            77.301025390625,
            30.69591522216797,
            0.04100799560546875,
            30.93099594116211,
            0.030994415283203125,
            0.01621246337890625,
            2.1648406982421875,
            0.007152557373046875,
            0.007867813110351562,
            0.0040531158447265625,
            1208.909034729004,
            0.03504753112792969,
            28.22089195251465,
            0.024080276489257812,
            0.012874603271484375,
            0.74005126953125,
            0.015020370483398438,
            0.012874603271484375,
            0.0050067901611328125,
            814.7962093353271,
            0.03886222839355469,
            0.03504753112792969,
            28.044939041137695,
            0.030040740966796875,
            0.014066696166992188,
            0.010967254638671875,
            0.0040531158447265625,
            0.90789794921875,
            0.0040531158447265625,
            0.0069141387939453125,
            0.0040531158447265625
        ]
    }
}