{
    "(2886734945, 3741713926, 48434, 443, 'tcp', 0)": {
        "ts_list": [
            1645643384.704337,
            1645643384.704591,
            1645643384.704626,
            1645643384.73294,
            1645643384.732985,
            1645643384.733138,
            1645643384.733938,
            1645643384.734038,
            1645643384.734045,
            1645643384.734052,
            1645643384.734057,
            1645643384.734156,
            1645643384.734161,
            1645643384.734911,
            1645643384.734921,
            1645643384.735008,
            1645643384.735015,
            1645643384.802078,
            1645643385.009945,
            1645643385.009979,
            1645643385.039079,
            1645643385.03911,
            1645643385.039114,
            1645643385.039131,
            1645643385.03995,
            1645643385.039968,
            1645643385.039984,
            1645643385.03999,
            1645643385.122482,
            1645643385.12251,
            1645643385.151983,
            1645643385.152026,
            1645643385.152049,
            1645643385.152921,
            1645643385.152931,
            1645643385.153016,
            1645643385.153021
        ],
        "ps_list": [
            158,
            184,
            225,
            121,
            66,
            97,
            66,
            101,
            66,
            97,
            66,
            101,
            66,
            191,
            66,
            260,
            66,
            66,
            121,
            225,
            66,
            66,
            101,
            66,
            144,
            66,
            255,
            66,
            121,
            225,
            66,
            101,
            66,
            120,
            66,
            317,
            66
        ],
        "direction_list": [
            0,
            0,
            0,
            1,
            0,
            0,
            1,
            1,
            0,
            1,
            0,
            1,
            0,
            1,
            0,
            1,
            0,
            1,
            0,
            0,
            1,
            1,
            1,
            0,
            1,
            0,
            1,
            0,
            0,
            0,
            1,
            1,
            0,
            1,
            0,
            1,
            0
        ],
        "piat_list": [
            0.37288665771484375,
            0.2541542053222656,
            0.03504753112792969,
            28.313875198364258,
            0.04506111145019531,
            0.15306472778320312,
            0.7998943328857422,
            0.10013580322265625,
            0.0069141387939453125,
            0.0069141387939453125,
            0.0050067901611328125,
            0.09894371032714844,
            0.0050067901611328125,
            0.7500648498535156,
            0.010013580322265625,
            0.08702278137207031,
            0.0069141387939453125,
            67.0630931854248,
            207.86690711975098,
            0.03409385681152344,
            29.09994125366211,
            0.030994415283203125,
            0.0040531158447265625,
            0.016927719116210938,
            0.8189678192138672,
            0.01811981201171875,
            0.015974044799804688,
            0.0059604644775390625,
            82.49211311340332,
            0.027894973754882812,
            29.473066329956055,
            0.04291534423828125,
            0.023126602172851562,
            0.8718967437744141,
            0.010013580322265625,
            0.08511543273925781,
            0.0050067901611328125
        ]
    }
}