{
    "(2886734945, 3741648133, 38590, 443, 'tcp', 0)": {
        "ts_list": [
            1644872061.462068,
            1644872061.462258,
            1644872061.462288,
            1644872061.471416,
            1644872061.471439,
            1644872061.471449,
            1644872061.471547,
            1644872061.47158,
            1644872061.471586,
            1644872061.47168,
            1644872061.471685,
            1644872061.472528,
            1644872061.472539,
            1644872061.472549,
            1644872061.472553,
            1644872061.520464,
            1644872061.731435,
            1644872061.731474,
            1644872061.740487,
            1644872061.740518,
            1644872061.740669,
            1644872061.740683,
            1644872061.741469,
            1644872061.741484,
            1644872061.741497,
            1644872061.741502,
            1644872061.793803,
            1644872061.793831,
            1644872061.803404,
            1644872061.803492,
            1644872061.803502,
            1644872061.804449,
            1644872061.804463,
            1644872061.804558,
            1644872061.804566,
            1644872062.076446,
            1644872062.07648,
            1644872062.085415,
            1644872062.085546,
            1644872062.085557,
            1644872062.086459,
            1644872062.086463,
            1644872062.086469,
            1644872062.086472,
            1644872062.157627,
            1644872062.15765,
            1644872062.166433,
            1644872062.166524,
            1644872062.166532,
            1644872062.167522,
            1644872062.167534,
            1644872062.167538,
            1644872062.167541,
            1644872062.194617,
            1644872062.194636,
            1644872062.203491,
            1644872062.203714,
            1644872062.204574,
            1644872062.204577,
            1644872062.205632
        ],
        "ps_list": [
            158,
            184,
            225,
            66,
            121,
            66,
            97,
            110,
            66,
            101,
            66,
            190,
            66,
            260,
            66,
            66,
            121,
            225,
            66,
            66,
            101,
            66,
            121,
            66,
            255,
            66,
            121,
            225,
            66,
            101,
            66,
            120,
            66,
            466,
            66,
            121,
            225,
            66,
            101,
            66,
            144,
            66,
            297,
            66,
            121,
            225,
            66,
            101,
            66,
            108,
            66,
            272,
            66,
            121,
            225,
            66,
            101,
            121,
            300,
            66
        ],
        "direction_list": [
            0,
            0,
            0,
            1,
            1,
            0,
            0,
            1,
            0,
            1,
            0,
            1,
            0,
            1,
            0,
            1,
            0,
            0,
            1,
            1,
            1,
            0,
            1,
            0,
            1,
            0,
            0,
            0,
            1,
            1,
            0,
            1,
            0,
            1,
            0,
            0,
            0,
            1,
            1,
            0,
            1,
            0,
            1,
            0,
            0,
            0,
            1,
            1,
            0,
            1,
            0,
            1,
            0,
            0,
            0,
            1,
            1,
            1,
            1,
            0
        ],
        "piat_list": [
            0.26702880859375,
            0.1900196075439453,
            0.029802322387695312,
            9.128093719482422,
            0.02288818359375,
            0.010013580322265625,
            0.09799003601074219,
            0.03314018249511719,
            0.0059604644775390625,
            0.09393692016601562,
            0.0050067901611328125,
            0.843048095703125,
            0.010967254638671875,
            0.010013580322265625,
            0.0040531158447265625,
            47.91092872619629,
            210.97111701965332,
            0.03886222839355469,
            9.013175964355469,
            0.030994415283203125,
            0.15091896057128906,
            0.014066696166992188,
            0.78582763671875,
            0.015020370483398438,
            0.013113021850585938,
            0.0050067901611328125,
            52.30093002319336,
            0.028133392333984375,
            9.572982788085938,
            0.08797645568847656,
            0.010013580322265625,
            0.9469985961914062,
            0.013828277587890625,
            0.09512901306152344,
            0.007867813110351562,
            271.8801498413086,
            0.033855438232421875,
            8.934974670410156,
            0.13113021850585938,
            0.010967254638671875,
            0.9019374847412109,
            0.0040531158447265625,
            0.0059604644775390625,
            0.0030994415283203125,
            71.15507125854492,
            0.02288818359375,
            8.783102035522461,
            0.09083747863769531,
            0.008106231689453125,
            0.9899139404296875,
            0.012159347534179688,
            0.003814697265625,
            0.0030994415283203125,
            27.076005935668945,
            0.019073486328125,
            8.854866027832031,
            0.22292137145996094,
            0.8602142333984375,
            0.00286102294921875,
            1.055002212524414
        ]
    }
}