{
    "(2886734945, 3741648133, 42820, 443, 'tcp', 0)": {
        "ts_list": [
            1644821538.567982,
            1644821538.568138,
            1644821538.568164,
            1644821538.577249,
            1644821538.57727,
            1644821538.57728,
            1644821538.57734,
            1644821538.577345,
            1644821538.577382,
            1644821538.577441,
            1644821538.577446,
            1644821538.578281,
            1644821538.578286,
            1644821538.578292,
            1644821538.578295,
            1644821538.626184,
            1644821538.893651,
            1644821538.893701,
            1644821538.903164,
            1644821538.903186,
            1644821538.903356,
            1644821538.90337,
            1644821538.904254,
            1644821538.904259,
            1644821538.904265,
            1644821538.904269,
            1644821538.987186,
            1644821538.987215,
            1644821538.996256,
            1644821538.99638
        ],
        "ps_list": [
            158,
            184,
            225,
            66,
            121,
            66,
            110,
            66,
            97,
            101,
            66,
            191,
            66,
            260,
            66,
            66,
            121,
            225,
            66,
            66,
            101,
            66,
            121,
            66,
            255,
            66,
            121,
            225,
            66,
            101
        ],
        "direction_list": [
            0,
            0,
            0,
            1,
            1,
            0,
            1,
            0,
            0,
            1,
            0,
            1,
            0,
            1,
            0,
            1,
            0,
            0,
            1,
            1,
            1,
            0,
            1,
            0,
            1,
            0,
            0,
            0,
            1,
            1
        ],
        "piat_list": [
            0.2510547637939453,
            0.15592575073242188,
            0.026226043701171875,
            9.084939956665039,
            0.0209808349609375,
            0.010013580322265625,
            0.05984306335449219,
            0.0050067901611328125,
            0.03719329833984375,
            0.05888938903808594,
            0.0050067901611328125,
            0.8349418640136719,
            0.0050067901611328125,
            0.0059604644775390625,
            0.0030994415283203125,
            47.888994216918945,
            267.4670219421387,
            0.050067901611328125,
            9.462833404541016,
            0.022172927856445312,
            0.16999244689941406,
            0.013828277587890625,
            0.8840560913085938,
            0.0050067901611328125,
            0.0059604644775390625,
            0.0040531158447265625,
            82.9169750213623,
            0.029087066650390625,
            9.041070938110352,
            0.1239776611328125
        ]
    }
}