{
    "(2886734945, 3741648133, 55716, 443, 'tcp', 0)": {
        "ts_list": [
            1644939233.165054,
            1644939233.165236,
            1644939233.165264,
            1644939233.173778,
            1644939233.173802,
            1644939233.173813,
            1644939233.17383,
            1644939233.173834,
            1644939233.17396,
            1644939233.173963,
            1644939233.174071,
            1644939233.174733,
            1644939233.174741,
            1644939233.17475,
            1644939233.174755,
            1644939233.222926,
            1644939233.465362,
            1644939233.465401,
            1644939233.47386,
            1644939233.473882,
            1644939233.47394,
            1644939233.473951,
            1644939233.474752,
            1644939233.474773,
            1644939233.474784,
            1644939233.474788,
            1644939233.564504,
            1644939233.564533,
            1644939233.573773,
            1644939233.573801,
            1644939233.573812,
            1644939233.574786,
            1644939233.5748,
            1644939233.574811,
            1644939233.574815
        ],
        "ps_list": [
            158,
            184,
            225,
            66,
            121,
            66,
            110,
            66,
            101,
            66,
            97,
            191,
            66,
            260,
            66,
            66,
            121,
            225,
            66,
            66,
            101,
            66,
            120,
            66,
            255,
            66,
            121,
            225,
            66,
            101,
            66,
            121,
            66,
            402,
            66
        ],
        "direction_list": [
            0,
            0,
            0,
            1,
            1,
            0,
            1,
            0,
            1,
            0,
            0,
            1,
            0,
            1,
            0,
            1,
            0,
            0,
            1,
            1,
            1,
            0,
            1,
            0,
            1,
            0,
            0,
            0,
            1,
            1,
            0,
            1,
            0,
            1,
            0
        ],
        "piat_list": [
            0.2579689025878906,
            0.1819133758544922,
            0.027894973754882812,
            8.514165878295898,
            0.02384185791015625,
            0.011205673217773438,
            0.016927719116210938,
            0.0040531158447265625,
            0.125885009765625,
            0.0030994415283203125,
            0.10800361633300781,
            0.6618499755859375,
            0.008106231689453125,
            0.009059906005859375,
            0.0050067901611328125,
            48.17080497741699,
            242.43617057800293,
            0.03886222839355469,
            8.459091186523438,
            0.02193450927734375,
            0.05793571472167969,
            0.011205673217773438,
            0.8008480072021484,
            0.0209808349609375,
            0.010967254638671875,
            0.0040531158447265625,
            89.71595764160156,
            0.029087066650390625,
            9.239912033081055,
            0.028133392333984375,
            0.010967254638671875,
            0.9739398956298828,
            0.014066696166992188,
            0.010967254638671875,
            0.0040531158447265625
        ]
    }
}