{
    "(2886734945, 3741713926, 57580, 443, 'tcp', 0)": {
        "ts_list": [
            1644749598.156171,
            1644749598.156341,
            1644749598.15637,
            1644749598.18246,
            1644749598.182488,
            1644749598.182505,
            1644749598.182523,
            1644749598.182527,
            1644749598.18253,
            1644749598.182535,
            1644749598.182919,
            1644749598.183412,
            1644749598.183419,
            1644749598.183426,
            1644749598.18343,
            1644749598.248543,
            1644749598.387935,
            1644749598.387972,
            1644749598.413452,
            1644749598.413477,
            1644749598.41353,
            1644749598.41354,
            1644749598.414354,
            1644749598.414358,
            1644749598.414361,
            1644749598.41439,
            1644749598.448319,
            1644749598.448345,
            1644749598.451591,
            1644749598.451614,
            1644749598.4745,
            1644749598.474535,
            1644749598.475406,
            1644749598.475409,
            1644749598.477382,
            1644749598.477477,
            1644749598.478403,
            1644749598.478406,
            1644749598.478413,
            1644749598.478805,
            1644749598.946999,
            1644749598.94703,
            1644749598.972353,
            1644749598.972427,
            1644749598.973379,
            1644749598.973442,
            1644749598.973477,
            1644749599.014786,
            1644749599.08653,
            1644749599.086559,
            1644749599.112387,
            1644749599.112408,
            1644749599.112416,
            1644749599.113376,
            1644749599.113381,
            1644749599.113474,
            1644749599.113478,
            1644749599.127503,
            1644749599.127529,
            1644749599.153393,
            1644749599.153415,
            1644749599.153423,
            1644749599.154411,
            1644749599.154418,
            1644749599.154425,
            1644749599.154428
        ],
        "ps_list": [
            158,
            184,
            225,
            66,
            121,
            66,
            110,
            66,
            101,
            66,
            97,
            191,
            66,
            260,
            66,
            66,
            121,
            225,
            66,
            66,
            101,
            66,
            122,
            66,
            255,
            66,
            121,
            225,
            121,
            225,
            66,
            101,
            122,
            250,
            66,
            101,
            119,
            312,
            66,
            66,
            121,
            225,
            66,
            101,
            121,
            66,
            297,
            66,
            121,
            225,
            66,
            101,
            66,
            144,
            66,
            272,
            66,
            121,
            225,
            66,
            101,
            66,
            122,
            66,
            332,
            66
        ],
        "direction_list": [
            0,
            0,
            0,
            1,
            1,
            0,
            1,
            0,
            1,
            0,
            0,
            1,
            0,
            1,
            0,
            1,
            0,
            0,
            1,
            1,
            1,
            0,
            1,
            0,
            1,
            0,
            0,
            0,
            0,
            0,
            1,
            1,
            1,
            1,
            1,
            1,
            1,
            1,
            0,
            0,
            0,
            0,
            1,
            1,
            1,
            0,
            1,
            0,
            0,
            0,
            1,
            1,
            0,
            1,
            0,
            1,
            0,
            0,
            0,
            1,
            1,
            0,
            1,
            0,
            1,
            0
        ],
        "piat_list": [
            0.26106834411621094,
            0.16999244689941406,
            0.028848648071289062,
            26.090145111083984,
            0.027894973754882812,
            0.016927719116210938,
            0.01811981201171875,
            0.0040531158447265625,
            0.00286102294921875,
            0.0050067901611328125,
            0.3840923309326172,
            0.49304962158203125,
            0.0069141387939453125,
            0.0069141387939453125,
            0.0040531158447265625,
            65.11306762695312,
            139.39189910888672,
            0.03719329833984375,
            25.479793548583984,
            0.025033950805664062,
            0.05316734313964844,
            0.009775161743164062,
            0.8141994476318359,
            0.003814697265625,
            0.0030994415283203125,
            0.029087066650390625,
            33.928871154785156,
            0.025987625122070312,
            3.2460689544677734,
            0.02288818359375,
            22.886037826538086,
            0.03504753112792969,
            0.8709430694580078,
            0.0030994415283203125,
            1.9729137420654297,
            0.09512901306152344,
            0.9260177612304688,
            0.00286102294921875,
            0.007152557373046875,
            0.39196014404296875,
            468.19400787353516,
            0.030994415283203125,
            25.322914123535156,
            0.07390975952148438,
            0.9520053863525391,
            0.06318092346191406,
            0.034809112548828125,
            41.30911827087402,
            71.74396514892578,
            0.029087066650390625,
            25.827884674072266,
            0.0209808349609375,
            0.008106231689453125,
            0.9598731994628906,
            0.0050067901611328125,
            0.09298324584960938,
            0.0040531158447265625,
            14.024972915649414,
            0.025987625122070312,
            25.864124298095703,
            0.02193450927734375,
            0.008106231689453125,
            0.988006591796875,
            0.0069141387939453125,
            0.0069141387939453125,
            0.0030994415283203125
        ]
    }
}