{
    "(2886734945, 3741713926, 57620, 443, 'tcp', 0)": {
        "ts_list": [
            1644749622.728286,
            1644749622.728445,
            1644749622.728468,
            1644749622.754742,
            1644749622.754766,
            1644749622.754781,
            1644749622.754793,
            1644749622.754798,
            1644749622.754897,
            1644749622.754927,
            1644749622.754931,
            1644749622.755726,
            1644749622.755733,
            1644749622.755738,
            1644749622.755741,
            1644749622.820848,
            1644749622.965336,
            1644749622.96537,
            1644749622.991729,
            1644749622.991748,
            1644749622.991751,
            1644749622.991762,
            1644749622.992692,
            1644749622.992695,
            1644749622.992798,
            1644749622.992802,
            1644749623.075257,
            1644749623.075282,
            1644749623.076668,
            1644749623.076689,
            1644749623.101829,
            1644749623.101853,
            1644749623.101866,
            1644749623.102673,
            1644749623.102787,
            1644749623.102795,
            1644749623.102802,
            1644749623.102806,
            1644749623.102809,
            1644749623.102811,
            1644749623.103726,
            1644749623.103736,
            1644749623.103825,
            1644749623.103831,
            1644749623.540124,
            1644749623.540151,
            1644749623.565709,
            1644749623.565818,
            1644749623.565833,
            1644749623.566696,
            1644749623.5667,
            1644749623.566705,
            1644749623.566708,
            1644749623.661212,
            1644749623.661237,
            1644749623.687843,
            1644749623.687858,
            1644749623.687865,
            1644749623.688762,
            1644749623.688771,
            1644749623.688778,
            1644749623.688781,
            1644749623.710709,
            1644749623.710734,
            1644749623.736675,
            1644749623.736822,
            1644749623.73767,
            1644749623.737692,
            1644749623.73776,
            1644749623.782788
        ],
        "ps_list": [
            158,
            184,
            225,
            66,
            121,
            66,
            110,
            66,
            97,
            101,
            66,
            191,
            66,
            260,
            66,
            66,
            121,
            225,
            66,
            66,
            101,
            66,
            122,
            66,
            255,
            66,
            121,
            225,
            121,
            225,
            66,
            101,
            66,
            66,
            145,
            66,
            250,
            66,
            101,
            66,
            119,
            66,
            312,
            66,
            121,
            225,
            66,
            101,
            66,
            121,
            66,
            297,
            66,
            121,
            225,
            66,
            101,
            66,
            121,
            66,
            272,
            66,
            121,
            225,
            66,
            101,
            122,
            66,
            332,
            66
        ],
        "direction_list": [
            0,
            0,
            0,
            1,
            1,
            0,
            1,
            0,
            0,
            1,
            0,
            1,
            0,
            1,
            0,
            1,
            0,
            0,
            1,
            1,
            1,
            0,
            1,
            0,
            1,
            0,
            0,
            0,
            0,
            0,
            1,
            1,
            0,
            1,
            1,
            0,
            1,
            0,
            1,
            0,
            1,
            0,
            1,
            0,
            0,
            0,
            1,
            1,
            0,
            1,
            0,
            1,
            0,
            0,
            0,
            1,
            1,
            0,
            1,
            0,
            1,
            0,
            0,
            0,
            1,
            1,
            1,
            0,
            1,
            0
        ],
        "piat_list": [
            0.26607513427734375,
            0.1590251922607422,
            0.02288818359375,
            26.27396583557129,
            0.024080276489257812,
            0.015020370483398438,
            0.011920928955078125,
            0.0050067901611328125,
            0.09918212890625,
            0.029802322387695312,
            0.0040531158447265625,
            0.7951259613037109,
            0.0069141387939453125,
            0.0050067901611328125,
            0.00286102294921875,
            65.10710716247559,
            144.48809623718262,
            0.033855438232421875,
            26.359081268310547,
            0.019073486328125,
            0.00286102294921875,
            0.010967254638671875,
            0.9300708770751953,
            0.0030994415283203125,
            0.102996826171875,
            0.003814697265625,
            82.45515823364258,
            0.025033950805664062,
            1.3859272003173828,
            0.0209808349609375,
            25.140047073364258,
            0.02384185791015625,
            0.013113021850585938,
            0.8070468902587891,
            0.11396408081054688,
            0.007867813110351562,
            0.007152557373046875,
            0.0040531158447265625,
            0.00286102294921875,
            0.0021457672119140625,
            0.9148120880126953,
            0.010013580322265625,
            0.08916854858398438,
            0.0059604644775390625,
            436.2928867340088,
            0.026941299438476562,
            25.5582332611084,
            0.10895729064941406,
            0.015020370483398438,
            0.8628368377685547,
            0.0040531158447265625,
            0.0050067901611328125,
            0.0030994415283203125,
            94.50387954711914,
            0.025033950805664062,
            26.606082916259766,
            0.015020370483398438,
            0.0069141387939453125,
            0.8969306945800781,
            0.009059906005859375,
            0.0069141387939453125,
            0.0030994415283203125,
            21.928071975708008,
            0.0247955322265625,
            25.941133499145508,
            0.1468658447265625,
            0.8480548858642578,
            0.022172927856445312,
            0.06794929504394531,
            45.027971267700195
        ]
    }
}