{
    "(2886734945, 3741713926, 58254, 443, 'tcp', 0)": {
        "ts_list": [
            1644750149.260079,
            1644750149.260235,
            1644750149.260256,
            1644750149.284571,
            1644750149.2846,
            1644750149.284613,
            1644750149.284624,
            1644750149.284632,
            1644750149.284743,
            1644750149.284747,
            1644750149.284766,
            1644750149.285621,
            1644750149.285626,
            1644750149.285631,
            1644750149.285635,
            1644750149.349595,
            1644750149.489995,
            1644750149.490027,
            1644750149.515054,
            1644750149.515072,
            1644750149.51513,
            1644750149.515139,
            1644750149.515465,
            1644750149.51547,
            1644750149.515481,
            1644750149.515502,
            1644750149.589052,
            1644750149.589078,
            1644750149.590424,
            1644750149.590449,
            1644750149.613536,
            1644750149.613644,
            1644750149.613763,
            1644750149.614425,
            1644750149.614433,
            1644750149.614506,
            1644750149.61453,
            1644750149.614534,
            1644750149.614547,
            1644750149.615435,
            1644750149.615445,
            1644750149.615486,
            1644750150.056198,
            1644750150.056226,
            1644750150.081298,
            1644750150.08132,
            1644750150.08133,
            1644750150.083266,
            1644750150.083271,
            1644750150.083275,
            1644750150.083278,
            1644750150.164147,
            1644750150.164171,
            1644750150.188471,
            1644750150.188561,
            1644750150.188569,
            1644750150.189429,
            1644750150.189435,
            1644750150.189441,
            1644750150.189444,
            1644750150.208607,
            1644750150.208629,
            1644750150.234274,
            1644750150.234295,
            1644750150.237404,
            1644750150.23742,
            1644750150.237471
        ],
        "ps_list": [
            158,
            184,
            225,
            66,
            121,
            66,
            110,
            66,
            101,
            66,
            97,
            191,
            66,
            260,
            66,
            66,
            121,
            225,
            66,
            66,
            101,
            66,
            120,
            66,
            255,
            66,
            121,
            225,
            121,
            225,
            66,
            101,
            66,
            66,
            101,
            66,
            122,
            250,
            66,
            119,
            312,
            66,
            121,
            225,
            66,
            101,
            66,
            143,
            66,
            297,
            66,
            121,
            225,
            66,
            101,
            66,
            122,
            66,
            272,
            66,
            121,
            225,
            66,
            101,
            122,
            332,
            66
        ],
        "direction_list": [
            0,
            0,
            0,
            1,
            1,
            0,
            1,
            0,
            1,
            0,
            0,
            1,
            0,
            1,
            0,
            1,
            0,
            0,
            1,
            1,
            1,
            0,
            1,
            0,
            1,
            0,
            0,
            0,
            0,
            0,
            1,
            1,
            0,
            1,
            1,
            0,
            1,
            1,
            0,
            1,
            1,
            0,
            0,
            0,
            1,
            1,
            0,
            1,
            0,
            1,
            0,
            0,
            0,
            1,
            1,
            0,
            1,
            0,
            1,
            0,
            0,
            0,
            1,
            1,
            1,
            1,
            0
        ],
        "piat_list": [
            0.25200843811035156,
            0.15616416931152344,
            0.0209808349609375,
            24.31488037109375,
            0.029087066650390625,
            0.012874603271484375,
            0.011205673217773438,
            0.007867813110351562,
            0.11110305786132812,
            0.003814697265625,
            0.019073486328125,
            0.8549690246582031,
            0.0050067901611328125,
            0.0050067901611328125,
            0.0040531158447265625,
            63.96007537841797,
            140.39993286132812,
            0.031948089599609375,
            25.027036666870117,
            0.01811981201171875,
            0.05793571472167969,
            0.009059906005859375,
            0.32591819763183594,
            0.0050067901611328125,
            0.010967254638671875,
            0.0209808349609375,
            73.54998588562012,
            0.025987625122070312,
            1.3461112976074219,
            0.025033950805664062,
            23.0867862701416,
            0.10800361633300781,
            0.11920928955078125,
            0.6618499755859375,
            0.008106231689453125,
            0.07295608520507812,
            0.024080276489257812,
            0.003814697265625,
            0.013113021850585938,
            0.8878707885742188,
            0.010013580322265625,
            0.04100799560546875,
            440.71197509765625,
            0.028133392333984375,
            25.072097778320312,
            0.02193450927734375,
            0.010013580322265625,
            1.9359588623046875,
            0.0050067901611328125,
            0.0040531158447265625,
            0.00286102294921875,
            80.86895942687988,
            0.024080276489257812,
            24.300098419189453,
            0.08988380432128906,
            0.008106231689453125,
            0.8599758148193359,
            0.0059604644775390625,
            0.0059604644775390625,
            0.0030994415283203125,
            19.162893295288086,
            0.02193450927734375,
            25.645017623901367,
            0.0209808349609375,
            3.1092166900634766,
            0.015974044799804688,
            0.051021575927734375
        ]
    }
}