{
    "(2886734945, 3741648133, 50302, 443, 'tcp', 0)": {
        "ts_list": [
            1645747171.651086,
            1645747171.651297,
            1645747171.651319,
            1645747171.660408,
            1645747171.660501,
            1645747171.660509,
            1645747171.660519,
            1645747171.660523,
            1645747171.660628,
            1645747171.660634,
            1645747171.660651,
            1645747171.660727,
            1645747171.660731,
            1645747171.660739,
            1645747171.660743,
            1645747171.709313,
            1645747172.062784,
            1645747172.062819,
            1645747172.071897,
            1645747172.071918,
            1645747172.072101,
            1645747172.072108,
            1645747172.072238,
            1645747172.072242,
            1645747172.072247,
            1645747172.07225,
            1645747172.165281,
            1645747172.165308,
            1645747172.174501,
            1645747172.174513
        ],
        "ps_list": [
            164,
            184,
            225,
            66,
            121,
            66,
            110,
            66,
            101,
            66,
            97,
            191,
            66,
            260,
            66,
            66,
            121,
            225,
            66,
            66,
            101,
            66,
            144,
            66,
            255,
            66,
            121,
            225,
            66,
            101
        ],
        "direction_list": [
            0,
            0,
            0,
            1,
            1,
            0,
            1,
            0,
            1,
            0,
            0,
            1,
            0,
            1,
            0,
            1,
            0,
            0,
            1,
            1,
            1,
            0,
            1,
            0,
            1,
            0,
            0,
            0,
            1,
            1
        ],
        "piat_list": [
            0.3399848937988281,
            0.2110004425048828,
            0.02193450927734375,
            9.088993072509766,
            0.09298324584960938,
            0.008106231689453125,
            0.009775161743164062,
            0.0040531158447265625,
            0.10514259338378906,
            0.0059604644775390625,
            0.016927719116210938,
            0.07605552673339844,
            0.0040531158447265625,
            0.007867813110351562,
            0.0040531158447265625,
            48.56991767883301,
            353.471040725708,
            0.03504753112792969,
            9.078025817871094,
            0.0209808349609375,
            0.18310546875,
            0.0069141387939453125,
            0.12993812561035156,
            0.0040531158447265625,
            0.0050067901611328125,
            0.00286102294921875,
            93.03116798400879,
            0.026941299438476562,
            9.192943572998047,
            0.012159347534179688
        ]
    }
}