{
    "(2886734945, 3741648133, 50674, 443, 'tcp', 0)": {
        "ts_list": [
            1645747809.467275,
            1645747809.467447,
            1645747809.467474,
            1645747809.477415,
            1645747809.477536,
            1645747809.477546,
            1645747809.477562,
            1645747809.477567,
            1645747809.477569,
            1645747809.477572,
            1645747809.477621,
            1645747809.477703,
            1645747809.477712,
            1645747809.477803,
            1645747809.47781,
            1645747809.526321,
            1645747809.935194,
            1645747809.935233,
            1645747809.943898,
            1645747809.943933,
            1645747809.944071,
            1645747809.944086,
            1645747809.9441,
            1645747809.944107,
            1645747809.944109,
            1645747809.944113,
            1645747810.041012,
            1645747810.041044,
            1645747810.049795,
            1645747810.049871
        ],
        "ps_list": [
            164,
            184,
            225,
            66,
            121,
            66,
            110,
            66,
            101,
            66,
            97,
            191,
            66,
            260,
            66,
            66,
            121,
            225,
            66,
            66,
            101,
            66,
            121,
            66,
            255,
            66,
            121,
            225,
            66,
            101
        ],
        "direction_list": [
            0,
            0,
            0,
            1,
            1,
            0,
            1,
            0,
            1,
            0,
            0,
            1,
            0,
            1,
            0,
            1,
            0,
            0,
            1,
            1,
            1,
            0,
            1,
            0,
            1,
            0,
            0,
            0,
            1,
            1
        ],
        "piat_list": [
            0.2429485321044922,
            0.17213821411132812,
            0.026941299438476562,
            9.94110107421875,
            0.12087821960449219,
            0.010013580322265625,
            0.015974044799804688,
            0.0050067901611328125,
            0.0021457672119140625,
            0.00286102294921875,
            0.049114227294921875,
            0.0820159912109375,
            0.008821487426757812,
            0.09107589721679688,
            0.0069141387939453125,
            48.51102828979492,
            408.8730812072754,
            0.03910064697265625,
            8.664846420288086,
            0.03504753112792969,
            0.1380443572998047,
            0.015020370483398438,
            0.013828277587890625,
            0.007152557373046875,
            0.0019073486328125,
            0.0040531158447265625,
            96.89903259277344,
            0.031948089599609375,
            8.75091552734375,
            0.07605552673339844
        ]
    }
}