{
    "(2886734945, 3741648133, 39702, 443, 'tcp', 0)": {
        "ts_list": [
            1645732272.694991,
            1645732272.695162,
            1645732272.695184,
            1645732272.703276,
            1645732272.703301,
            1645732272.703309,
            1645732272.703319,
            1645732272.703323,
            1645732272.703361,
            1645732272.703366,
            1645732272.703369,
            1645732272.70342,
            1645732272.703464,
            1645732272.703469,
            1645732272.703478,
            1645732272.703482,
            1645732272.703485,
            1645732272.703488,
            1645732272.751373,
            1645732273.037718,
            1645732273.037758,
            1645732273.045813,
            1645732273.046088,
            1645732273.046188,
            1645732273.046198,
            1645732273.046208,
            1645732273.046212,
            1645732273.046288,
            1645732273.046291,
            1645732273.150804,
            1645732273.150852,
            1645732273.159428,
            1645732273.159512,
            1645732273.159524,
            1645732273.159613,
            1645732273.159625,
            1645732273.159628,
            1645732273.159631,
            1645732273.521172,
            1645732273.521198,
            1645732273.52931,
            1645732273.529391,
            1645732273.529399,
            1645732273.529556,
            1645732273.52956,
            1645732273.529672,
            1645732273.529676,
            1645732273.545522,
            1645732273.545554,
            1645732273.553749,
            1645732273.55377,
            1645732273.55378,
            1645732273.553781,
            1645732273.553847
        ],
        "ps_list": [
            158,
            184,
            225,
            66,
            121,
            66,
            101,
            66,
            66,
            97,
            66,
            97,
            101,
            66,
            191,
            66,
            260,
            66,
            66,
            121,
            225,
            66,
            66,
            101,
            66,
            144,
            66,
            255,
            66,
            121,
            225,
            66,
            101,
            66,
            116,
            66,
            260,
            66,
            121,
            225,
            66,
            101,
            66,
            122,
            66,
            272,
            66,
            121,
            225,
            66,
            101,
            122,
            345,
            66
        ],
        "direction_list": [
            0,
            0,
            0,
            1,
            1,
            0,
            1,
            0,
            1,
            1,
            0,
            0,
            1,
            0,
            1,
            0,
            1,
            0,
            1,
            0,
            0,
            1,
            1,
            1,
            0,
            1,
            0,
            1,
            0,
            0,
            0,
            1,
            1,
            0,
            1,
            0,
            1,
            0,
            0,
            0,
            1,
            1,
            0,
            1,
            0,
            1,
            0,
            0,
            0,
            1,
            1,
            1,
            1,
            0
        ],
        "piat_list": [
            0.2620220184326172,
            0.1709461212158203,
            0.02193450927734375,
            8.091926574707031,
            0.025033950805664062,
            0.008106231689453125,
            0.010013580322265625,
            0.003814697265625,
            0.03814697265625,
            0.0050067901611328125,
            0.00286102294921875,
            0.051021575927734375,
            0.04410743713378906,
            0.0050067901611328125,
            0.009059906005859375,
            0.003814697265625,
            0.0030994415283203125,
            0.0030994415283203125,
            47.88494110107422,
            286.3450050354004,
            0.0400543212890625,
            8.054971694946289,
            0.27489662170410156,
            0.10013580322265625,
            0.009775161743164062,
            0.010013580322265625,
            0.0040531158447265625,
            0.07605552673339844,
            0.0030994415283203125,
            104.51292991638184,
            0.04792213439941406,
            8.575916290283203,
            0.08416175842285156,
            0.011920928955078125,
            0.08893013000488281,
            0.012159347534179688,
            0.00286102294921875,
            0.0030994415283203125,
            361.5410327911377,
            0.025987625122070312,
            8.111953735351562,
            0.08106231689453125,
            0.007867813110351562,
            0.1571178436279297,
            0.0040531158447265625,
            0.11181831359863281,
            0.0040531158447265625,
            15.846014022827148,
            0.031948089599609375,
            8.195161819458008,
            0.0209808349609375,
            0.010013580322265625,
            0.00095367431640625,
            0.06604194641113281
        ]
    }
}