{
    "(2886734945, 3741648133, 40072, 443, 'tcp', 0)": {
        "ts_list": [
            1645732747.491023,
            1645732747.491191,
            1645732747.491211,
            1645732747.498857,
            1645732747.498878,
            1645732747.498889,
            1645732747.498909,
            1645732747.498913,
            1645732747.498915,
            1645732747.498918,
            1645732747.499007,
            1645732747.49908,
            1645732747.499088,
            1645732747.499091,
            1645732747.499155,
            1645732747.499159,
            1645732747.499325,
            1645732747.49933,
            1645732747.546257,
            1645732747.863205,
            1645732747.863236,
            1645732747.870996,
            1645732747.871076,
            1645732747.871178,
            1645732747.871187,
            1645732747.871195,
            1645732747.871202,
            1645732747.87121,
            1645732747.871213,
            1645732747.977345,
            1645732747.977371,
            1645732747.98514,
            1645732747.985225,
            1645732747.985235,
            1645732747.985248,
            1645732747.985253,
            1645732747.985261,
            1645732747.985264,
            1645732748.346209,
            1645732748.346238,
            1645732748.354101,
            1645732748.354177,
            1645732748.354187,
            1645732748.354316,
            1645732748.354322,
            1645732748.35433,
            1645732748.354334,
            1645732748.365069,
            1645732748.365093,
            1645732748.372767,
            1645732748.372901,
            1645732748.372912,
            1645732748.372957,
            1645732748.373001,
            1645732748.414781
        ],
        "ps_list": [
            164,
            184,
            225,
            66,
            121,
            66,
            101,
            66,
            97,
            66,
            97,
            66,
            101,
            66,
            191,
            66,
            260,
            66,
            66,
            121,
            225,
            66,
            66,
            101,
            66,
            122,
            66,
            255,
            66,
            121,
            225,
            66,
            101,
            66,
            116,
            66,
            260,
            66,
            121,
            225,
            66,
            101,
            66,
            145,
            66,
            272,
            66,
            121,
            225,
            66,
            101,
            122,
            66,
            345,
            66
        ],
        "direction_list": [
            0,
            0,
            0,
            1,
            1,
            0,
            1,
            0,
            1,
            0,
            0,
            1,
            1,
            0,
            1,
            0,
            1,
            0,
            1,
            0,
            0,
            1,
            1,
            1,
            0,
            1,
            0,
            1,
            0,
            0,
            0,
            1,
            1,
            0,
            1,
            0,
            1,
            0,
            0,
            0,
            1,
            1,
            0,
            1,
            0,
            1,
            0,
            0,
            0,
            1,
            1,
            1,
            0,
            1,
            0
        ],
        "piat_list": [
            0.25010108947753906,
            0.1678466796875,
            0.02002716064453125,
            7.646083831787109,
            0.0209808349609375,
            0.010967254638671875,
            0.02002716064453125,
            0.0040531158447265625,
            0.0019073486328125,
            0.0030994415283203125,
            0.08893013000488281,
            0.07295608520507812,
            0.008106231689453125,
            0.00286102294921875,
            0.06413459777832031,
            0.0040531158447265625,
            0.1659393310546875,
            0.0050067901611328125,
            46.92697525024414,
            316.94793701171875,
            0.030994415283203125,
            7.760047912597656,
            0.080108642578125,
            0.10180473327636719,
            0.009059906005859375,
            0.008106231689453125,
            0.0069141387939453125,
            0.008106231689453125,
            0.00286102294921875,
            106.13203048706055,
            0.025987625122070312,
            7.769107818603516,
            0.08487701416015625,
            0.010013580322265625,
            0.013113021850585938,
            0.0050067901611328125,
            0.007867813110351562,
            0.0030994415283203125,
            360.9449863433838,
            0.028848648071289062,
            7.863044738769531,
            0.07605552673339844,
            0.010013580322265625,
            0.1289844512939453,
            0.0059604644775390625,
            0.008106231689453125,
            0.0040531158447265625,
            10.734796524047852,
            0.024080276489257812,
            7.673978805541992,
            0.13399124145507812,
            0.010967254638671875,
            0.04506111145019531,
            0.04410743713378906,
            41.77999496459961
        ]
    }
}