{
    "(2886734945, 3741713926, 37070, 443, 'tcp', 0)": {
        "ts_list": [
            1644990655.63328,
            1644990655.633462,
            1644990655.633481,
            1644990655.660778,
            1644990655.660806,
            1644990655.660828,
            1644990655.660853,
            1644990655.660857,
            1644990655.660967,
            1644990655.660976,
            1644990655.660981,
            1644990655.661802,
            1644990655.661826,
            1644990655.661847,
            1644990655.661855,
            1644990655.72898,
            1644990655.906241,
            1644990655.906274,
            1644990655.933816,
            1644990655.933841,
            1644990655.933845,
            1644990655.933857,
            1644990655.934787,
            1644990655.934792,
            1644990655.934886,
            1644990655.934891,
            1644990656.007094,
            1644990656.007132,
            1644990656.017387,
            1644990656.017416,
            1644990656.034828,
            1644990656.034869,
            1644990656.034888,
            1644990656.035718,
            1644990656.035728,
            1644990656.035812,
            1644990656.035816,
            1644990656.044792,
            1644990656.044817,
            1644990656.04483,
            1644990656.045839,
            1644990656.045845,
            1644990656.045938,
            1644990656.045942,
            1644990656.138095,
            1644990656.138125,
            1644990656.143232,
            1644990656.143266,
            1644990656.165783,
            1644990656.165814,
            1644990656.165874,
            1644990656.166788,
            1644990656.166802,
            1644990656.166837,
            1644990656.170806,
            1644990656.170898,
            1644990656.170946,
            1644990656.171792,
            1644990656.171813,
            1644990656.171893,
            1644990656.171913
        ],
        "ps_list": [
            158,
            184,
            225,
            66,
            121,
            66,
            110,
            66,
            97,
            101,
            66,
            191,
            66,
            260,
            66,
            66,
            121,
            225,
            66,
            66,
            101,
            66,
            122,
            66,
            255,
            66,
            121,
            225,
            121,
            225,
            66,
            101,
            66,
            142,
            66,
            312,
            66,
            66,
            101,
            66,
            107,
            66,
            324,
            66,
            121,
            225,
            121,
            225,
            66,
            101,
            66,
            122,
            251,
            66,
            66,
            101,
            66,
            120,
            66,
            297,
            66
        ],
        "direction_list": [
            0,
            0,
            0,
            1,
            1,
            0,
            1,
            0,
            0,
            1,
            0,
            1,
            0,
            1,
            0,
            1,
            0,
            0,
            1,
            1,
            1,
            0,
            1,
            0,
            1,
            0,
            0,
            0,
            0,
            0,
            1,
            1,
            0,
            1,
            0,
            1,
            0,
            1,
            1,
            0,
            1,
            0,
            1,
            0,
            0,
            0,
            0,
            0,
            1,
            1,
            0,
            1,
            1,
            0,
            1,
            1,
            0,
            1,
            0,
            1,
            0
        ],
        "piat_list": [
            0.2589225769042969,
            0.1819133758544922,
            0.019073486328125,
            27.297019958496094,
            0.027894973754882812,
            0.022172927856445312,
            0.0247955322265625,
            0.0040531158447265625,
            0.11014938354492188,
            0.008821487426757812,
            0.0050067901611328125,
            0.8211135864257812,
            0.02384185791015625,
            0.021219253540039062,
            0.007867813110351562,
            67.12508201599121,
            177.2608757019043,
            0.03314018249511719,
            27.5418758392334,
            0.025033950805664062,
            0.0040531158447265625,
            0.011920928955078125,
            0.9300708770751953,
            0.0050067901611328125,
            0.09393692016601562,
            0.0050067901611328125,
            72.20292091369629,
            0.03814697265625,
            10.254859924316406,
            0.029087066650390625,
            17.41194725036621,
            0.04100799560546875,
            0.019073486328125,
            0.8299350738525391,
            0.010013580322265625,
            0.08392333984375,
            0.0040531158447265625,
            8.975982666015625,
            0.025033950805664062,
            0.013113021850585938,
            1.0089874267578125,
            0.0059604644775390625,
            0.09298324584960938,
            0.0040531158447265625,
            92.15283393859863,
            0.030040740966796875,
            5.10716438293457,
            0.033855438232421875,
            22.516965866088867,
            0.030994415283203125,
            0.06008148193359375,
            0.9140968322753906,
            0.013828277587890625,
            0.03504753112792969,
            3.968954086303711,
            0.09202957153320312,
            0.04792213439941406,
            0.8461475372314453,
            0.0209808349609375,
            0.07987022399902344,
            0.02002716064453125
        ]
    }
}