{
    "(2886734945, 3741713926, 45152, 443, 'tcp', 0)": {
        "ts_list": [
            1645451380.128499,
            1645451380.12869,
            1645451380.128719,
            1645451380.145876,
            1645451380.145907,
            1645451380.146005,
            1645451380.156857,
            1645451380.15688,
            1645451380.156891,
            1645451380.1569,
            1645451380.156903,
            1645451380.156906,
            1645451380.15691,
            1645451380.157881,
            1645451380.157886,
            1645451380.157892,
            1645451380.157896,
            1645451380.213954,
            1645451380.434442,
            1645451380.434479,
            1645451380.461983,
            1645451380.462005,
            1645451380.462007,
            1645451380.462018,
            1645451380.462919,
            1645451380.462923,
            1645451380.462928,
            1645451380.462932,
            1645451380.57848,
            1645451380.578507,
            1645451380.597424,
            1645451380.597461,
            1645451380.605902,
            1645451380.605981,
            1645451380.605993,
            1645451380.60686,
            1645451380.606864,
            1645451380.606869,
            1645451380.606873,
            1645451380.624908,
            1645451380.624929,
            1645451380.62494,
            1645451380.625894,
            1645451380.625899,
            1645451380.6259,
            1645451380.625904,
            1645451381.673513,
            1645451381.673586,
            1645451381.701909,
            1645451381.701935,
            1645451381.70195,
            1645451381.702881,
            1645451381.702895,
            1645451381.7029,
            1645451381.702905,
            1645451381.791899,
            1645451381.79193,
            1645451381.803044,
            1645451381.803072,
            1645451381.819905,
            1645451381.819929,
            1645451381.819943,
            1645451381.821211,
            1645451381.821217,
            1645451381.821224,
            1645451381.821227,
            1645451381.830878,
            1645451381.830898,
            1645451381.830907,
            1645451381.831917,
            1645451381.831922,
            1645451381.831927,
            1645451381.831931
        ],
        "ps_list": [
            158,
            184,
            225,
            121,
            66,
            97,
            66,
            101,
            66,
            97,
            66,
            101,
            66,
            190,
            66,
            260,
            66,
            66,
            121,
            225,
            66,
            66,
            101,
            66,
            122,
            66,
            255,
            66,
            121,
            225,
            121,
            225,
            66,
            101,
            66,
            120,
            66,
            359,
            66,
            66,
            101,
            66,
            108,
            66,
            363,
            66,
            121,
            225,
            66,
            101,
            66,
            143,
            66,
            324,
            66,
            121,
            225,
            121,
            225,
            66,
            101,
            66,
            121,
            66,
            297,
            66,
            66,
            101,
            66,
            120,
            66,
            366,
            66
        ],
        "direction_list": [
            0,
            0,
            0,
            1,
            0,
            0,
            1,
            1,
            0,
            1,
            0,
            1,
            0,
            1,
            0,
            1,
            0,
            1,
            0,
            0,
            1,
            1,
            1,
            0,
            1,
            0,
            1,
            0,
            0,
            0,
            0,
            0,
            1,
            1,
            0,
            1,
            0,
            1,
            0,
            1,
            1,
            0,
            1,
            0,
            1,
            0,
            0,
            0,
            1,
            1,
            0,
            1,
            0,
            1,
            0,
            0,
            0,
            0,
            0,
            1,
            1,
            0,
            1,
            0,
            1,
            0,
            1,
            1,
            0,
            1,
            0,
            1,
            0
        ],
        "piat_list": [
            10.420083999633789,
            0.19097328186035156,
            0.029087066650390625,
            17.15683937072754,
            0.030994415283203125,
            0.09799003601074219,
            10.85209846496582,
            0.02288818359375,
            0.011205673217773438,
            0.008821487426757812,
            0.0030994415283203125,
            0.00286102294921875,
            0.0040531158447265625,
            0.9710788726806641,
            0.0050067901611328125,
            0.0059604644775390625,
            0.0040531158447265625,
            56.05792999267578,
            220.4880714416504,
            0.03695487976074219,
            27.50396728515625,
            0.02193450927734375,
            0.0021457672119140625,
            0.010967254638671875,
            0.9009838104248047,
            0.0040531158447265625,
            0.0050067901611328125,
            0.0040531158447265625,
            115.54789543151855,
            0.026941299438476562,
            18.917083740234375,
            0.03695487976074219,
            8.440971374511719,
            0.07915496826171875,
            0.011920928955078125,
            0.8668899536132812,
            0.0040531158447265625,
            0.0050067901611328125,
            0.0040531158447265625,
            18.034934997558594,
            0.0209808349609375,
            0.010967254638671875,
            0.9541511535644531,
            0.0050067901611328125,
            0.00095367431640625,
            0.0040531158447265625,
            1047.6088523864746,
            0.07295608520507812,
            28.32317352294922,
            0.025987625122070312,
            0.015020370483398438,
            0.9310245513916016,
            0.013828277587890625,
            0.0050067901611328125,
            0.0050067901611328125,
            88.99402618408203,
            0.030994415283203125,
            11.114120483398438,
            0.027894973754882812,
            16.833066940307617,
            0.02384185791015625,
            0.014066696166992188,
            1.268148422241211,
            0.0059604644775390625,
            0.0069141387939453125,
            0.0030994415283203125,
            9.650945663452148,
            0.02002716064453125,
            0.009059906005859375,
            1.0099411010742188,
            0.0050067901611328125,
            0.0050067901611328125,
            0.0040531158447265625
        ]
    }
}