{
    "(2886734945, 3741713926, 46622, 443, 'tcp', 0)": {
        "ts_list": [
            1645356627.250417,
            1645356627.250617,
            1645356627.250646,
            1645356627.276746,
            1645356627.276773,
            1645356627.276792,
            1645356627.276797,
            1645356627.276804,
            1645356627.276808,
            1645356627.276811,
            1645356627.27683,
            1645356627.276834,
            1645356627.276961,
            1645356627.277766,
            1645356627.27777,
            1645356627.277776,
            1645356627.27778,
            1645356627.342713,
            1645356627.551453,
            1645356627.551507,
            1645356627.577721,
            1645356627.57774,
            1645356627.57775,
            1645356627.577759,
            1645356627.578722,
            1645356627.578735,
            1645356627.578793,
            1645356627.578798,
            1645356627.679812,
            1645356627.679843,
            1645356627.705904,
            1645356627.70593,
            1645356627.705946,
            1645356627.706752,
            1645356627.706757,
            1645356627.706853,
            1645356627.706857,
            1645356628.319066,
            1645356628.319106,
            1645356628.344878,
            1645356628.34491,
            1645356628.344924,
            1645356628.34578,
            1645356628.345784,
            1645356628.345879,
            1645356628.345883
        ],
        "ps_list": [
            158,
            184,
            225,
            66,
            121,
            66,
            101,
            66,
            97,
            66,
            101,
            66,
            97,
            191,
            66,
            260,
            66,
            66,
            121,
            225,
            66,
            66,
            101,
            66,
            121,
            66,
            255,
            66,
            121,
            225,
            66,
            101,
            66,
            122,
            66,
            252,
            66,
            121,
            225,
            66,
            101,
            66,
            143,
            66,
            297,
            66
        ],
        "direction_list": [
            0,
            0,
            0,
            1,
            1,
            0,
            1,
            0,
            1,
            0,
            1,
            0,
            0,
            1,
            0,
            1,
            0,
            1,
            0,
            0,
            1,
            1,
            1,
            0,
            1,
            0,
            1,
            0,
            0,
            0,
            1,
            1,
            0,
            1,
            0,
            1,
            0,
            0,
            0,
            1,
            1,
            0,
            1,
            0,
            1,
            0
        ],
        "piat_list": [
            0.2551078796386719,
            0.20003318786621094,
            0.029087066650390625,
            26.09992027282715,
            0.026941299438476562,
            0.019073486328125,
            0.0050067901611328125,
            0.0069141387939453125,
            0.0040531158447265625,
            0.00286102294921875,
            0.019073486328125,
            0.0040531158447265625,
            0.1270771026611328,
            0.804901123046875,
            0.0040531158447265625,
            0.0059604644775390625,
            0.0040531158447265625,
            64.93306159973145,
            208.7399959564209,
            0.053882598876953125,
            26.214122772216797,
            0.018835067749023438,
            0.010013580322265625,
            0.009059906005859375,
            0.9629726409912109,
            0.013113021850585938,
            0.05793571472167969,
            0.0050067901611328125,
            101.0138988494873,
            0.030994415283203125,
            26.061058044433594,
            0.025987625122070312,
            0.015974044799804688,
            0.8060932159423828,
            0.0050067901611328125,
            0.09584426879882812,
            0.0040531158447265625,
            612.2090816497803,
            0.0400543212890625,
            25.7718563079834,
            0.031948089599609375,
            0.014066696166992188,
            0.8559226989746094,
            0.0040531158447265625,
            0.09512901306152344,
            0.003814697265625
        ]
    }
}