{
    "(2886734945, 3741713926, 46390, 443, 'tcp', 0)": {
        "ts_list": [
            1645356311.787886,
            1645356311.788164,
            1645356311.78819,
            1645356311.816303,
            1645356311.816385,
            1645356311.816398,
            1645356311.816411,
            1645356311.816415,
            1645356311.816535,
            1645356311.817309,
            1645356311.817407,
            1645356311.817411,
            1645356311.818453,
            1645356311.818459,
            1645356311.818553,
            1645356311.818557,
            1645356311.885745,
            1645356312.042356,
            1645356312.042396,
            1645356312.07134,
            1645356312.071361,
            1645356312.071369,
            1645356312.071379,
            1645356312.072316,
            1645356312.07232,
            1645356312.072414,
            1645356312.072418,
            1645356312.151411,
            1645356312.151438,
            1645356312.180455,
            1645356312.180478,
            1645356312.18049,
            1645356312.204433,
            1645356312.20446,
            1645356312.204471,
            1645356312.204474,
            1645356312.822648,
            1645356312.822691,
            1645356312.851406,
            1645356312.851469,
            1645356312.851483,
            1645356312.852291,
            1645356312.852296,
            1645356312.852411,
            1645356312.852416
        ],
        "ps_list": [
            164,
            184,
            225,
            66,
            121,
            66,
            110,
            66,
            97,
            66,
            101,
            66,
            189,
            66,
            260,
            66,
            66,
            121,
            225,
            66,
            66,
            101,
            66,
            144,
            66,
            255,
            66,
            121,
            225,
            66,
            101,
            66,
            122,
            66,
            252,
            66,
            121,
            225,
            66,
            101,
            66,
            120,
            66,
            297,
            66
        ],
        "direction_list": [
            0,
            0,
            0,
            1,
            1,
            0,
            1,
            0,
            0,
            1,
            1,
            0,
            1,
            0,
            1,
            0,
            1,
            0,
            0,
            1,
            1,
            1,
            0,
            1,
            0,
            1,
            0,
            0,
            0,
            1,
            1,
            0,
            1,
            0,
            1,
            0,
            0,
            0,
            1,
            1,
            0,
            1,
            0,
            1,
            0
        ],
        "piat_list": [
            0.2799034118652344,
            0.2779960632324219,
            0.025987625122070312,
            28.113126754760742,
            0.0820159912109375,
            0.012874603271484375,
            0.013113021850585938,
            0.0040531158447265625,
            0.11992454528808594,
            0.7739067077636719,
            0.09799003601074219,
            0.0040531158447265625,
            1.0421276092529297,
            0.0059604644775390625,
            0.09393692016601562,
            0.0040531158447265625,
            67.18802452087402,
            156.61096572875977,
            0.0400543212890625,
            28.944015502929688,
            0.0209808349609375,
            0.007867813110351562,
            0.010013580322265625,
            0.9369850158691406,
            0.0040531158447265625,
            0.09393692016601562,
            0.0040531158447265625,
            78.99308204650879,
            0.026941299438476562,
            29.016971588134766,
            0.023126602172851562,
            0.011920928955078125,
            23.942947387695312,
            0.026941299438476562,
            0.011205673217773438,
            0.00286102294921875,
            618.1740760803223,
            0.04291534423828125,
            28.715133666992188,
            0.0629425048828125,
            0.014066696166992188,
            0.8080005645751953,
            0.0050067901611328125,
            0.11491775512695312,
            0.0050067901611328125
        ]
    }
}