{
    "(2886734945, 3741713926, 44464, 443, 'tcp', 0)": {
        "ts_list": [
            1645629919.168257,
            1645629919.168443,
            1645629919.168469,
            1645629919.197417,
            1645629919.197458,
            1645629919.19749,
            1645629919.197507,
            1645629919.197511,
            1645629919.197513,
            1645629919.197516,
            1645629919.197675,
            1645629919.198374,
            1645629919.198381,
            1645629919.198471,
            1645629919.198476,
            1645629919.267416,
            1645629919.479264,
            1645629919.479307,
            1645629919.508373,
            1645629919.508412,
            1645629919.508422,
            1645629919.508442,
            1645629919.509474,
            1645629919.50948,
            1645629919.509574,
            1645629919.50958,
            1645629919.611981,
            1645629919.612015,
            1645629919.64137,
            1645629919.641472,
            1645629919.641476,
            1645629919.642401,
            1645629919.642406,
            1645629919.6425,
            1645629919.642504,
            1645629919.756276,
            1645629919.756305,
            1645629919.785445,
            1645629919.785475,
            1645629919.78549,
            1645629919.786486,
            1645629919.786492,
            1645629919.786501,
            1645629919.786505,
            1645629919.957635,
            1645629919.957664,
            1645629919.970529,
            1645629919.970554,
            1645629919.987458,
            1645629919.987497,
            1645629919.987575,
            1645629919.988387,
            1645629919.988423,
            1645629919.988485,
            1645629919.988542,
            1645629919.999397,
            1645629919.999426,
            1645629919.999556,
            1645629920.000331,
            1645629920.000363,
            1645629920.000426,
            1645629920.000485,
            1645629921.185916,
            1645629921.185961,
            1645629921.215384,
            1645629921.215483,
            1645629921.215495,
            1645629921.216449,
            1645629921.216456,
            1645629921.216547,
            1645629921.216552
        ],
        "ps_list": [
            158,
            184,
            225,
            66,
            121,
            66,
            110,
            66,
            101,
            66,
            97,
            191,
            66,
            260,
            66,
            66,
            121,
            225,
            66,
            66,
            101,
            66,
            121,
            66,
            255,
            66,
            121,
            225,
            66,
            101,
            66,
            121,
            66,
            248,
            66,
            121,
            225,
            66,
            101,
            66,
            120,
            66,
            302,
            66,
            121,
            225,
            121,
            225,
            66,
            101,
            66,
            121,
            66,
            335,
            66,
            66,
            101,
            66,
            108,
            66,
            336,
            66,
            121,
            225,
            66,
            101,
            66,
            145,
            66,
            272,
            66
        ],
        "direction_list": [
            0,
            0,
            0,
            1,
            1,
            0,
            1,
            0,
            1,
            0,
            0,
            1,
            0,
            1,
            0,
            1,
            0,
            0,
            1,
            1,
            1,
            0,
            1,
            0,
            1,
            0,
            0,
            0,
            1,
            1,
            0,
            1,
            0,
            1,
            0,
            0,
            0,
            1,
            1,
            0,
            1,
            0,
            1,
            0,
            0,
            0,
            0,
            0,
            1,
            1,
            0,
            1,
            0,
            1,
            0,
            1,
            1,
            0,
            1,
            0,
            1,
            0,
            0,
            0,
            1,
            1,
            0,
            1,
            0,
            1,
            0
        ],
        "piat_list": [
            0.2980232238769531,
            0.18596649169921875,
            0.025987625122070312,
            28.948068618774414,
            0.04100799560546875,
            0.031948089599609375,
            0.016927719116210938,
            0.0040531158447265625,
            0.0021457672119140625,
            0.00286102294921875,
            0.1590251922607422,
            0.6990432739257812,
            0.0069141387939453125,
            0.09012222290039062,
            0.0050067901611328125,
            68.9399242401123,
            211.84802055358887,
            0.04291534423828125,
            29.066085815429688,
            0.03886222839355469,
            0.010013580322265625,
            0.02002716064453125,
            1.032114028930664,
            0.0059604644775390625,
            0.09393692016601562,
            0.0059604644775390625,
            102.4010181427002,
            0.03409385681152344,
            29.35504913330078,
            0.10204315185546875,
            0.003814697265625,
            0.9250640869140625,
            0.0050067901611328125,
            0.09393692016601562,
            0.0040531158447265625,
            113.77191543579102,
            0.029087066650390625,
            29.139995574951172,
            0.030040740966796875,
            0.015020370483398438,
            0.9958744049072266,
            0.006198883056640625,
            0.008821487426757812,
            0.0040531158447265625,
            171.12994194030762,
            0.029087066650390625,
            12.865066528320312,
            0.025033950805664062,
            16.90387725830078,
            0.03910064697265625,
            0.07796287536621094,
            0.8120536804199219,
            0.03600120544433594,
            0.06198883056640625,
            0.05698204040527344,
            10.854959487915039,
            0.028848648071289062,
            0.13017654418945312,
            0.7748603820800781,
            0.03218650817871094,
            0.0629425048828125,
            0.05888938903808594,
            1185.4310035705566,
            0.04506111145019531,
            29.422998428344727,
            0.09894371032714844,
            0.012159347534179688,
            0.9539127349853516,
            0.0069141387939453125,
            0.09107589721679688,
            0.0050067901611328125
        ]
    }
}