{
    "(2886734945, 3741713926, 44672, 443, 'tcp', 0)": {
        "ts_list": [
            1645630224.760683,
            1645630224.760877,
            1645630224.760897,
            1645630224.786783,
            1645630224.786826,
            1645630224.787047,
            1645630224.787055,
            1645630224.787058,
            1645630224.787064,
            1645630224.787247,
            1645630224.787251,
            1645630224.787254,
            1645630224.787258,
            1645630224.787263,
            1645630224.787266,
            1645630224.79589,
            1645630224.8612,
            1645630225.053454,
            1645630225.053492,
            1645630225.079534,
            1645630225.079565,
            1645630225.079705,
            1645630225.079719,
            1645630225.07973,
            1645630225.079734,
            1645630225.079738,
            1645630225.079743,
            1645630225.166644,
            1645630225.166674,
            1645630225.192774,
            1645630225.192847,
            1645630225.19286,
            1645630225.192946,
            1645630225.192951,
            1645630225.192952,
            1645630225.192956,
            1645630225.294369,
            1645630225.294398,
            1645630225.320498,
            1645630225.320569,
            1645630225.320583,
            1645630225.320594,
            1645630225.320598,
            1645630225.32067,
            1645630225.320674,
            1645630225.487506,
            1645630225.487536,
            1645630225.496116,
            1645630225.49614,
            1645630225.513684,
            1645630225.513711,
            1645630225.513802,
            1645630225.513858,
            1645630225.513861,
            1645630225.513871,
            1645630225.522209,
            1645630225.522227,
            1645630225.522283,
            1645630225.522565,
            1645630225.522571,
            1645630225.522588,
            1645630226.696599,
            1645630226.696639,
            1645630226.722776,
            1645630226.722814,
            1645630226.722829,
            1645630226.722854,
            1645630226.722859,
            1645630226.722955,
            1645630226.72296
        ],
        "ps_list": [
            164,
            184,
            225,
            121,
            66,
            101,
            66,
            97,
            66,
            101,
            66,
            191,
            66,
            260,
            66,
            97,
            66,
            121,
            225,
            66,
            66,
            101,
            66,
            144,
            66,
            255,
            66,
            121,
            225,
            66,
            101,
            66,
            121,
            66,
            248,
            66,
            121,
            225,
            66,
            101,
            66,
            119,
            66,
            302,
            66,
            121,
            225,
            121,
            225,
            66,
            101,
            66,
            108,
            335,
            66,
            66,
            101,
            66,
            108,
            336,
            66,
            121,
            225,
            66,
            101,
            66,
            145,
            66,
            272,
            66
        ],
        "direction_list": [
            0,
            0,
            0,
            1,
            0,
            1,
            0,
            1,
            0,
            1,
            0,
            1,
            0,
            1,
            0,
            0,
            1,
            0,
            0,
            1,
            1,
            1,
            0,
            1,
            0,
            1,
            0,
            0,
            0,
            1,
            1,
            0,
            1,
            0,
            1,
            0,
            0,
            0,
            1,
            1,
            0,
            1,
            0,
            1,
            0,
            0,
            0,
            0,
            0,
            1,
            1,
            0,
            1,
            1,
            0,
            1,
            1,
            0,
            1,
            1,
            0,
            0,
            0,
            1,
            1,
            0,
            1,
            0,
            1,
            0
        ],
        "piat_list": [
            0.3039836883544922,
            0.1938343048095703,
            0.02002716064453125,
            25.886058807373047,
            0.04291534423828125,
            0.22101402282714844,
            0.008106231689453125,
            0.0030994415283203125,
            0.0059604644775390625,
            0.18286705017089844,
            0.0040531158447265625,
            0.0030994415283203125,
            0.003814697265625,
            0.0050067901611328125,
            0.0030994415283203125,
            8.624076843261719,
            65.31000137329102,
            192.25382804870605,
            0.03814697265625,
            26.04198455810547,
            0.030994415283203125,
            0.1399517059326172,
            0.014066696166992188,
            0.010967254638671875,
            0.0040531158447265625,
            0.003814697265625,
            0.0050067901611328125,
            86.90118789672852,
            0.029802322387695312,
            26.10015869140625,
            0.07295608520507812,
            0.012874603271484375,
            0.08606910705566406,
            0.0050067901611328125,
            0.00095367431640625,
            0.0040531158447265625,
            101.41301155090332,
            0.029087066650390625,
            26.09992027282715,
            0.07104873657226562,
            0.014066696166992188,
            0.010967254638671875,
            0.003814697265625,
            0.07200241088867188,
            0.0040531158447265625,
            166.83197021484375,
            0.030040740966796875,
            8.57996940612793,
            0.024080276489257812,
            17.544031143188477,
            0.026941299438476562,
            0.09107589721679688,
            0.05602836608886719,
            0.00286102294921875,
            0.010013580322265625,
            8.337974548339844,
            0.01811981201171875,
            0.05602836608886719,
            0.2818107604980469,
            0.006198883056640625,
            0.016927719116210938,
            1174.010992050171,
            0.0400543212890625,
            26.13687515258789,
            0.03814697265625,
            0.015020370483398438,
            0.0247955322265625,
            0.0050067901611328125,
            0.09608268737792969,
            0.0050067901611328125
        ]
    }
}