{
    "(2886734945, 3741648133, 41870, 443, 'tcp', 0)": {
        "ts_list": [
            1645650671.568483,
            1645650671.568649,
            1645650671.568671,
            1645650671.578248,
            1645650671.578337,
            1645650671.578346,
            1645650671.578359,
            1645650671.578362,
            1645650671.578437,
            1645650671.578441,
            1645650671.578461,
            1645650671.579317,
            1645650671.579323,
            1645650671.579416,
            1645650671.57942,
            1645650671.627184,
            1645650671.940453,
            1645650671.94049,
            1645650671.949271,
            1645650671.949354,
            1645650671.949858,
            1645650671.949869,
            1645650671.950322,
            1645650671.950326,
            1645650671.95042,
            1645650671.950424,
            1645650672.010701,
            1645650672.010729,
            1645650672.020335,
            1645650672.020419,
            1645650672.02043,
            1645650672.021305,
            1645650672.021316,
            1645650672.021397,
            1645650672.021402,
            1645650672.112294,
            1645650672.112322,
            1645650672.121276,
            1645650672.121409,
            1645650672.121419,
            1645650672.122457,
            1645650672.122463,
            1645650672.122553,
            1645650672.122557,
            1645650673.950768,
            1645650673.950803,
            1645650673.960507,
            1645650673.960523,
            1645650673.960532,
            1645650673.961629,
            1645650673.961641,
            1645650673.961656,
            1645650673.961661
        ],
        "ps_list": [
            164,
            184,
            225,
            66,
            121,
            66,
            110,
            66,
            101,
            66,
            97,
            191,
            66,
            260,
            66,
            66,
            121,
            225,
            66,
            66,
            101,
            66,
            122,
            66,
            255,
            66,
            121,
            225,
            66,
            101,
            66,
            143,
            66,
            250,
            66,
            121,
            225,
            66,
            101,
            66,
            120,
            66,
            332,
            66,
            121,
            225,
            66,
            101,
            66,
            145,
            66,
            272,
            66
        ],
        "direction_list": [
            0,
            0,
            0,
            1,
            1,
            0,
            1,
            0,
            1,
            0,
            0,
            1,
            0,
            1,
            0,
            1,
            0,
            0,
            1,
            1,
            1,
            0,
            1,
            0,
            1,
            0,
            0,
            0,
            1,
            1,
            0,
            1,
            0,
            1,
            0,
            0,
            0,
            1,
            1,
            0,
            1,
            0,
            1,
            0,
            0,
            0,
            1,
            1,
            0,
            1,
            0,
            1,
            0
        ],
        "piat_list": [
            0.30517578125,
            0.1659393310546875,
            0.02193450927734375,
            9.577035903930664,
            0.08893013000488281,
            0.009059906005859375,
            0.012874603271484375,
            0.0030994415283203125,
            0.07510185241699219,
            0.003814697265625,
            0.02002716064453125,
            0.8561611175537109,
            0.0059604644775390625,
            0.09298324584960938,
            0.0040531158447265625,
            47.763824462890625,
            313.26913833618164,
            0.03695487976074219,
            8.780956268310547,
            0.08296966552734375,
            0.5040168762207031,
            0.010967254638671875,
            0.45299530029296875,
            0.0040531158447265625,
            0.09393692016601562,
            0.0040531158447265625,
            60.27698516845703,
            0.028133392333984375,
            9.605884552001953,
            0.08392333984375,
            0.011205673217773438,
            0.8749961853027344,
            0.010967254638671875,
            0.08106231689453125,
            0.00476837158203125,
            90.89207649230957,
            0.028133392333984375,
            8.95380973815918,
            0.13303756713867188,
            0.010013580322265625,
            1.0380744934082031,
            0.0059604644775390625,
            0.09012222290039062,
            0.003814697265625,
            1828.2110691070557,
            0.03504753112792969,
            9.703874588012695,
            0.015974044799804688,
            0.009059906005859375,
            1.096963882446289,
            0.012159347534179688,
            0.015020370483398438,
            0.0050067901611328125
        ]
    }
}