{
    "(2886734945, 3741713926, 43150, 443, 'tcp', 0)": {
        "ts_list": [
            1645530548.460732,
            1645530548.46091,
            1645530548.460932,
            1645530548.486923,
            1645530548.486958,
            1645530548.486985,
            1645530548.486996,
            1645530548.487,
            1645530548.487091,
            1645530548.487095,
            1645530548.487131,
            1645530548.48794,
            1645530548.487946,
            1645530548.488038,
            1645530548.488043,
            1645530548.553007,
            1645530548.735175,
            1645530548.735211,
            1645530548.760877,
            1645530548.7609,
            1645530548.761052,
            1645530548.761064,
            1645530548.761852,
            1645530548.761857,
            1645530548.761952,
            1645530548.761956,
            1645530548.866487,
            1645530548.866514,
            1645530548.892906,
            1645530548.892921,
            1645530548.892928,
            1645530548.917906,
            1645530548.917939,
            1645530548.91795,
            1645530548.917954
        ],
        "ps_list": [
            158,
            184,
            225,
            66,
            121,
            66,
            110,
            66,
            101,
            66,
            97,
            191,
            66,
            260,
            66,
            66,
            121,
            225,
            66,
            66,
            101,
            66,
            121,
            66,
            255,
            66,
            121,
            225,
            66,
            101,
            66,
            121,
            66,
            250,
            66
        ],
        "direction_list": [
            0,
            0,
            0,
            1,
            1,
            0,
            1,
            0,
            1,
            0,
            0,
            1,
            0,
            1,
            0,
            1,
            0,
            0,
            1,
            1,
            1,
            0,
            1,
            0,
            1,
            0,
            0,
            0,
            1,
            1,
            0,
            1,
            0,
            1,
            0
        ],
        "piat_list": [
            0.2949237823486328,
            0.1780986785888672,
            0.02193450927734375,
            25.990962982177734,
            0.03504753112792969,
            0.026941299438476562,
            0.010967254638671875,
            0.0040531158447265625,
            0.09107589721679688,
            0.0040531158447265625,
            0.03600120544433594,
            0.8089542388916016,
            0.0059604644775390625,
            0.09202957153320312,
            0.0050067901611328125,
            64.96381759643555,
            182.16800689697266,
            0.03600120544433594,
            25.665998458862305,
            0.023126602172851562,
            0.1518726348876953,
            0.012159347534179688,
            0.7879734039306641,
            0.0050067901611328125,
            0.09489059448242188,
            0.0040531158447265625,
            104.53104972839355,
            0.026941299438476562,
            26.391983032226562,
            0.015020370483398438,
            0.0069141387939453125,
            24.978160858154297,
            0.032901763916015625,
            0.010967254638671875,
            0.0040531158447265625
        ]
    }
}