{
    "(2886734945, 3741648133, 36386, 443, 'tcp', 0)": {
        "ts_list": [
            1645566978.470032,
            1645566978.470272,
            1645566978.470314,
            1645566978.478741,
            1645566978.478781,
            1645566978.478861,
            1645566978.478867,
            1645566978.478869,
            1645566978.478873,
            1645566978.479057,
            1645566978.479063,
            1645566978.479066,
            1645566978.479171,
            1645566978.479175,
            1645566978.479177,
            1645566978.479181,
            1645566978.480671,
            1645566978.528963,
            1645566978.825865,
            1645566978.825904,
            1645566978.834648,
            1645566978.834676,
            1645566978.834811,
            1645566978.834823,
            1645566978.834836,
            1645566978.83484,
            1645566978.834844,
            1645566978.834849,
            1645566978.943702,
            1645566978.943735,
            1645566978.9525,
            1645566978.952533,
            1645566978.952546,
            1645566978.952558,
            1645566978.952562,
            1645566978.952677,
            1645566978.952681,
            1645566979.205795,
            1645566979.205839,
            1645566979.214429,
            1645566979.214561,
            1645566979.214573,
            1645566979.21458,
            1645566979.214583,
            1645566979.21466,
            1645566979.214668,
            1645566979.3868,
            1645566979.386829,
            1645566979.395456,
            1645566979.395494,
            1645566979.39551,
            1645566979.395525,
            1645566979.39553,
            1645566979.395661,
            1645566979.395667,
            1645566979.633694,
            1645566979.633736,
            1645566979.64244,
            1645566979.642542,
            1645566979.642553,
            1645566979.642562,
            1645566979.642566,
            1645566979.642643,
            1645566979.642647,
            1645566979.701042,
            1645566979.701072,
            1645566979.709979,
            1645566979.71006,
            1645566979.710072,
            1645566979.71016,
            1645566979.710164,
            1645566979.710167,
            1645566979.71017
        ],
        "ps_list": [
            158,
            184,
            225,
            121,
            66,
            101,
            66,
            97,
            66,
            66,
            101,
            66,
            191,
            66,
            260,
            66,
            97,
            66,
            121,
            225,
            66,
            66,
            101,
            66,
            122,
            66,
            255,
            66,
            121,
            225,
            66,
            101,
            66,
            121,
            66,
            277,
            66,
            121,
            225,
            66,
            101,
            66,
            143,
            66,
            351,
            66,
            121,
            225,
            66,
            101,
            66,
            120,
            66,
            297,
            66,
            121,
            225,
            66,
            101,
            66,
            122,
            66,
            272,
            66,
            121,
            225,
            66,
            101,
            66,
            121,
            66,
            257,
            66
        ],
        "direction_list": [
            0,
            0,
            0,
            1,
            0,
            1,
            0,
            1,
            0,
            1,
            1,
            0,
            1,
            0,
            1,
            0,
            0,
            1,
            0,
            0,
            1,
            1,
            1,
            0,
            1,
            0,
            1,
            0,
            0,
            0,
            1,
            1,
            0,
            1,
            0,
            1,
            0,
            0,
            0,
            1,
            1,
            0,
            1,
            0,
            1,
            0,
            0,
            0,
            1,
            1,
            0,
            1,
            0,
            1,
            0,
            0,
            0,
            1,
            1,
            0,
            1,
            0,
            1,
            0,
            0,
            0,
            1,
            1,
            0,
            1,
            0,
            1,
            0
        ],
        "piat_list": [
            0.3368854522705078,
            0.24008750915527344,
            0.041961669921875,
            8.426904678344727,
            0.0400543212890625,
            0.080108642578125,
            0.0059604644775390625,
            0.0019073486328125,
            0.0040531158447265625,
            0.18405914306640625,
            0.0059604644775390625,
            0.00286102294921875,
            0.10514259338378906,
            0.0040531158447265625,
            0.0019073486328125,
            0.0040531158447265625,
            1.489877700805664,
            48.29216003417969,
            296.9019412994385,
            0.03886222839355469,
            8.744001388549805,
            0.028133392333984375,
            0.13494491577148438,
            0.011920928955078125,
            0.013113021850585938,
            0.0040531158447265625,
            0.0040531158447265625,
            0.0050067901611328125,
            108.85286331176758,
            0.032901763916015625,
            8.765220642089844,
            0.032901763916015625,
            0.012874603271484375,
            0.012159347534179688,
            0.0040531158447265625,
            0.11491775512695312,
            0.0040531158447265625,
            253.1139850616455,
            0.0438690185546875,
            8.589982986450195,
            0.13208389282226562,
            0.011920928955078125,
            0.007152557373046875,
            0.00286102294921875,
            0.07700920104980469,
            0.008106231689453125,
            172.13201522827148,
            0.028848648071289062,
            8.627176284790039,
            0.03790855407714844,
            0.015974044799804688,
            0.015020370483398438,
            0.0050067901611328125,
            0.13113021850585938,
            0.0059604644775390625,
            238.02685737609863,
            0.041961669921875,
            8.704185485839844,
            0.10180473327636719,
            0.011205673217773438,
            0.008821487426757812,
            0.0040531158447265625,
            0.07700920104980469,
            0.0040531158447265625,
            58.3949089050293,
            0.030040740966796875,
            8.907079696655273,
            0.08082389831542969,
            0.012159347534179688,
            0.08797645568847656,
            0.0040531158447265625,
            0.00286102294921875,
            0.0030994415283203125
        ]
    }
}