{
    "(2886734945, 3741713926, 38524, 443, 'tcp', 0)": {
        "ts_list": [
            1645618907.801017,
            1645618907.801231,
            1645618907.801251,
            1645618907.826817,
            1645618907.826869,
            1645618907.826892,
            1645618907.826898,
            1645618907.8269,
            1645618907.826904,
            1645618907.827052,
            1645618907.827143,
            1645618907.827242,
            1645618907.827245,
            1645618907.82725,
            1645618907.827254,
            1645618907.827257,
            1645618907.82726,
            1645618907.892377,
            1645618908.134416,
            1645618908.134454,
            1645618908.160257,
            1645618908.160286,
            1645618908.160426,
            1645618908.160442,
            1645618908.160456,
            1645618908.16046,
            1645618908.160463,
            1645618908.160467,
            1645618908.24706,
            1645618908.247092,
            1645618908.272943,
            1645618908.273024,
            1645618908.273045,
            1645618908.273056,
            1645618908.273062,
            1645618908.273065,
            1645618908.273069
        ],
        "ps_list": [
            158,
            184,
            225,
            121,
            66,
            101,
            66,
            97,
            66,
            97,
            66,
            101,
            66,
            189,
            66,
            260,
            66,
            66,
            121,
            225,
            66,
            66,
            101,
            66,
            144,
            66,
            255,
            66,
            121,
            225,
            66,
            101,
            66,
            121,
            66,
            250,
            66
        ],
        "direction_list": [
            0,
            0,
            0,
            1,
            0,
            1,
            0,
            1,
            0,
            0,
            1,
            1,
            0,
            1,
            0,
            1,
            0,
            1,
            0,
            0,
            1,
            1,
            1,
            0,
            1,
            0,
            1,
            0,
            0,
            0,
            1,
            1,
            0,
            1,
            0,
            1,
            0
        ],
        "piat_list": [
            0.29397010803222656,
            0.21386146545410156,
            0.02002716064453125,
            25.56610107421875,
            0.051975250244140625,
            0.02288818359375,
            0.006198883056640625,
            0.0019073486328125,
            0.0040531158447265625,
            0.1480579376220703,
            0.09083747863769531,
            0.09894371032714844,
            0.0030994415283203125,
            0.0050067901611328125,
            0.0040531158447265625,
            0.00286102294921875,
            0.0030994415283203125,
            65.11688232421875,
            242.03920364379883,
            0.03790855407714844,
            25.803089141845703,
            0.028848648071289062,
            0.1399517059326172,
            0.01621246337890625,
            0.013828277587890625,
            0.0040531158447265625,
            0.0030994415283203125,
            0.003814697265625,
            86.5931510925293,
            0.031948089599609375,
            25.851011276245117,
            0.08106231689453125,
            0.0209808349609375,
            0.010967254638671875,
            0.0059604644775390625,
            0.0030994415283203125,
            0.003814697265625
        ]
    }
}