{
    "(2886734945, 3741713926, 53346, 443, 'tcp', 0)": {
        "ts_list": [
            1644934243.285129,
            1644934243.285317,
            1644934243.285337,
            1644934243.316353,
            1644934243.316389,
            1644934243.316404,
            1644934243.316418,
            1644934243.316424,
            1644934243.316529,
            1644934243.316533,
            1644934243.316571,
            1644934243.317489,
            1644934243.317494,
            1644934243.317598,
            1644934243.317603,
            1644934243.387353,
            1644934243.525049,
            1644934243.525084,
            1644934243.556328,
            1644934243.556346,
            1644934243.556349,
            1644934243.556358,
            1644934243.557278,
            1644934243.557283,
            1644934243.557375,
            1644934243.557379,
            1644934243.630041,
            1644934243.630073,
            1644934243.661247,
            1644934243.661291
        ],
        "ps_list": [
            164,
            184,
            225,
            66,
            121,
            66,
            110,
            66,
            101,
            66,
            97,
            190,
            66,
            260,
            66,
            66,
            121,
            225,
            66,
            66,
            101,
            66,
            122,
            66,
            255,
            66,
            121,
            225,
            66,
            101
        ],
        "direction_list": [
            0,
            0,
            0,
            1,
            1,
            0,
            1,
            0,
            1,
            0,
            0,
            1,
            0,
            1,
            0,
            1,
            0,
            0,
            1,
            1,
            1,
            0,
            1,
            0,
            1,
            0,
            0,
            0,
            1,
            1
        ],
        "piat_list": [
            0.2620220184326172,
            0.18787384033203125,
            0.02002716064453125,
            31.016111373901367,
            0.03600120544433594,
            0.015020370483398438,
            0.013828277587890625,
            0.0059604644775390625,
            0.10514259338378906,
            0.0040531158447265625,
            0.03790855407714844,
            0.9179115295410156,
            0.0050067901611328125,
            0.10418891906738281,
            0.0050067901611328125,
            69.74983215332031,
            137.6960277557373,
            0.03504753112792969,
            31.24403953552246,
            0.017881393432617188,
            0.0030994415283203125,
            0.009059906005859375,
            0.9198188781738281,
            0.0050067901611328125,
            0.09202957153320312,
            0.0040531158447265625,
            72.6618766784668,
            0.03218650817871094,
            31.1739444732666,
            0.0438690185546875
        ]
    }
}