{
    "(2886734945, 3741648133, 60872, 443, 'tcp', 0)": {
        "ts_list": [
            1645558156.848059,
            1645558156.848239,
            1645558156.848263,
            1645558156.856387,
            1645558156.856434,
            1645558156.856453,
            1645558156.856481,
            1645558156.856489,
            1645558156.856573,
            1645558156.85658,
            1645558156.856626,
            1645558156.857416,
            1645558156.857434,
            1645558156.85747,
            1645558156.857477,
            1645558156.905548,
            1645558157.196868,
            1645558157.196908,
            1645558157.205401,
            1645558157.205481,
            1645558157.205581,
            1645558157.205592,
            1645558157.206438,
            1645558157.206444,
            1645558157.206536,
            1645558157.206542,
            1645558157.29905,
            1645558157.299082,
            1645558157.307406,
            1645558157.307687,
            1645558157.307698,
            1645558157.308404,
            1645558157.308409,
            1645558157.308553,
            1645558157.308559,
            1645558157.556745,
            1645558157.556789,
            1645558157.565429,
            1645558157.565497,
            1645558157.565511,
            1645558157.566371,
            1645558157.566377,
            1645558157.56647,
            1645558157.566474,
            1645558157.82788,
            1645558157.827923,
            1645558157.8364,
            1645558157.836481,
            1645558157.836494,
            1645558157.837477,
            1645558157.837481,
            1645558157.837576,
            1645558157.837579,
            1645558157.94484,
            1645558157.944867,
            1645558157.953431,
            1645558157.953461,
            1645558157.953476,
            1645558157.954386,
            1645558157.954389,
            1645558157.954485,
            1645558157.954488
        ],
        "ps_list": [
            158,
            184,
            225,
            66,
            121,
            66,
            110,
            66,
            101,
            66,
            97,
            191,
            66,
            260,
            66,
            66,
            121,
            225,
            66,
            66,
            101,
            66,
            144,
            66,
            255,
            66,
            121,
            225,
            66,
            101,
            66,
            121,
            66,
            484,
            66,
            121,
            225,
            66,
            101,
            66,
            121,
            66,
            297,
            66,
            121,
            225,
            66,
            101,
            66,
            121,
            66,
            496,
            66,
            121,
            225,
            66,
            101,
            66,
            121,
            66,
            272,
            66
        ],
        "direction_list": [
            0,
            0,
            0,
            1,
            1,
            0,
            1,
            0,
            1,
            0,
            0,
            1,
            0,
            1,
            0,
            1,
            0,
            0,
            1,
            1,
            1,
            0,
            1,
            0,
            1,
            0,
            0,
            0,
            1,
            1,
            0,
            1,
            0,
            1,
            0,
            0,
            0,
            1,
            1,
            0,
            1,
            0,
            1,
            0,
            0,
            0,
            1,
            1,
            0,
            1,
            0,
            1,
            0,
            0,
            0,
            1,
            1,
            0,
            1,
            0,
            1,
            0
        ],
        "piat_list": [
            0.28896331787109375,
            0.1800060272216797,
            0.024080276489257812,
            8.12387466430664,
            0.047206878662109375,
            0.018835067749023438,
            0.028133392333984375,
            0.007867813110351562,
            0.08416175842285156,
            0.0069141387939453125,
            0.04601478576660156,
            0.7898807525634766,
            0.01811981201171875,
            0.03600120544433594,
            0.0069141387939453125,
            48.07114601135254,
            291.3198471069336,
            0.0400543212890625,
            8.49294662475586,
            0.080108642578125,
            0.09989738464355469,
            0.010967254638671875,
            0.8461475372314453,
            0.0059604644775390625,
            0.09202957153320312,
            0.0059604644775390625,
            92.50807762145996,
            0.031948089599609375,
            8.323907852172852,
            0.2810955047607422,
            0.010967254638671875,
            0.7059574127197266,
            0.0050067901611328125,
            0.14400482177734375,
            0.0059604644775390625,
            248.1861114501953,
            0.0438690185546875,
            8.640050888061523,
            0.06794929504394531,
            0.014066696166992188,
            0.8599758148193359,
            0.0059604644775390625,
            0.09298324584960938,
            0.0040531158447265625,
            261.40594482421875,
            0.04315376281738281,
            8.476972579956055,
            0.08106231689453125,
            0.012874603271484375,
            0.9829998016357422,
            0.0040531158447265625,
            0.09489059448242188,
            0.0030994415283203125,
            107.26094245910645,
            0.026941299438476562,
            8.563995361328125,
            0.030040740966796875,
            0.015020370483398438,
            0.9100437164306641,
            0.0030994415283203125,
            0.09584426879882812,
            0.0030994415283203125
        ]
    }
}