{
    "(2886734945, 3741648133, 33058, 443, 'tcp', 0)": {
        "ts_list": [
            1645558695.157923,
            1645558695.158214,
            1645558695.158256,
            1645558695.166973,
            1645558695.167014,
            1645558695.16703,
            1645558695.167045,
            1645558695.16705,
            1645558695.167272,
            1645558695.167964,
            1645558695.168056,
            1645558695.168063,
            1645558695.168926,
            1645558695.168933,
            1645558695.169025,
            1645558695.169031,
            1645558695.216865,
            1645558695.474005,
            1645558695.474049,
            1645558695.483862,
            1645558695.483889,
            1645558695.484033,
            1645558695.484043,
            1645558695.484931,
            1645558695.484939,
            1645558695.485024,
            1645558695.48503,
            1645558695.631173,
            1645558695.631211,
            1645558695.640884,
            1645558695.640951,
            1645558695.64097,
            1645558695.641907,
            1645558695.641922,
            1645558695.641931,
            1645558695.641936,
            1645558695.857893,
            1645558695.857939,
            1645558695.866969,
            1645558695.867116,
            1645558695.867143,
            1645558695.86788,
            1645558695.86789,
            1645558695.867975,
            1645558695.86798,
            1645558696.213678,
            1645558696.213736,
            1645558696.222936,
            1645558696.223004,
            1645558696.223022,
            1645558696.2249,
            1645558696.224916,
            1645558696.22499,
            1645558696.224994,
            1645558696.30218,
            1645558696.302213,
            1645558696.311963,
            1645558696.312035,
            1645558696.312052,
            1645558696.313029,
            1645558696.313035,
            1645558696.31313,
            1645558696.313134
        ],
        "ps_list": [
            158,
            184,
            225,
            66,
            121,
            66,
            110,
            66,
            97,
            66,
            101,
            66,
            191,
            66,
            260,
            66,
            66,
            121,
            225,
            66,
            66,
            101,
            66,
            122,
            66,
            255,
            66,
            121,
            225,
            66,
            101,
            66,
            120,
            66,
            484,
            66,
            121,
            225,
            66,
            101,
            66,
            120,
            66,
            297,
            66,
            121,
            225,
            66,
            101,
            66,
            145,
            66,
            272,
            66,
            121,
            225,
            66,
            101,
            66,
            121,
            66,
            496,
            66
        ],
        "direction_list": [
            0,
            0,
            0,
            1,
            1,
            0,
            1,
            0,
            0,
            1,
            1,
            0,
            1,
            0,
            1,
            0,
            1,
            0,
            0,
            1,
            1,
            1,
            0,
            1,
            0,
            1,
            0,
            0,
            0,
            1,
            1,
            0,
            1,
            0,
            1,
            0,
            0,
            0,
            1,
            1,
            0,
            1,
            0,
            1,
            0,
            0,
            0,
            1,
            1,
            0,
            1,
            0,
            1,
            0,
            0,
            0,
            1,
            1,
            0,
            1,
            0,
            1,
            0
        ],
        "piat_list": [
            0.4298686981201172,
            0.2911090850830078,
            0.041961669921875,
            8.717060089111328,
            0.04076957702636719,
            0.01621246337890625,
            0.015020370483398438,
            0.00476837158203125,
            0.22220611572265625,
            0.6918907165527344,
            0.09202957153320312,
            0.0069141387939453125,
            0.8630752563476562,
            0.0069141387939453125,
            0.09202957153320312,
            0.0059604644775390625,
            47.834157943725586,
            257.1399211883545,
            0.04410743713378906,
            9.81283187866211,
            0.027179718017578125,
            0.14400482177734375,
            0.009775161743164062,
            0.8881092071533203,
            0.008106231689453125,
            0.08487701416015625,
            0.0059604644775390625,
            146.14295959472656,
            0.03814697265625,
            9.672880172729492,
            0.06699562072753906,
            0.019073486328125,
            0.9369850158691406,
            0.015020370483398438,
            0.009059906005859375,
            0.0050067901611328125,
            215.9569263458252,
            0.04601478576660156,
            9.03010368347168,
            0.1468658447265625,
            0.026941299438476562,
            0.7371902465820312,
            0.009775161743164062,
            0.08511543273925781,
            0.0050067901611328125,
            345.69787979125977,
            0.05817413330078125,
            9.199857711791992,
            0.06818771362304688,
            0.017881393432617188,
            1.8780231475830078,
            0.015974044799804688,
            0.07390975952148438,
            0.0040531158447265625,
            77.18610763549805,
            0.032901763916015625,
            9.750127792358398,
            0.07200241088867188,
            0.016927719116210938,
            0.9770393371582031,
            0.0059604644775390625,
            0.09489059448242188,
            0.0040531158447265625
        ]
    }
}