{
    "(2886734945, 3741713926, 43718, 443, 'tcp', 0)": {
        "ts_list": [
            1645341798.443561,
            1645341798.443723,
            1645341798.443745,
            1645341798.469921,
            1645341798.469975,
            1645341798.469986,
            1645341798.469998,
            1645341798.470006,
            1645341798.470105,
            1645341798.470109,
            1645341798.470829,
            1645341798.470834,
            1645341798.470928,
            1645341798.470932,
            1645341798.475089,
            1645341798.542112,
            1645341798.717424,
            1645341798.717459,
            1645341798.743885,
            1645341798.743902,
            1645341798.743966,
            1645341798.743977,
            1645341798.744874,
            1645341798.744879,
            1645341798.744974,
            1645341798.744978,
            1645341798.816417,
            1645341798.816447,
            1645341798.842933,
            1645341798.843013,
            1645341798.843027,
            1645341798.843933,
            1645341798.843938,
            1645341798.844031,
            1645341798.844036
        ],
        "ps_list": [
            158,
            184,
            225,
            66,
            121,
            66,
            110,
            66,
            101,
            66,
            190,
            66,
            260,
            66,
            97,
            66,
            121,
            225,
            66,
            66,
            101,
            66,
            122,
            66,
            255,
            66,
            121,
            225,
            66,
            101,
            66,
            123,
            66,
            251,
            66
        ],
        "direction_list": [
            0,
            0,
            0,
            1,
            1,
            0,
            1,
            0,
            1,
            0,
            1,
            0,
            1,
            0,
            0,
            1,
            0,
            0,
            1,
            1,
            1,
            0,
            1,
            0,
            1,
            0,
            0,
            0,
            1,
            1,
            0,
            1,
            0,
            1,
            0
        ],
        "piat_list": [
            0.2579689025878906,
            0.16188621520996094,
            0.02193450927734375,
            26.17621421813965,
            0.053882598876953125,
            0.010967254638671875,
            0.011920928955078125,
            0.008106231689453125,
            0.09894371032714844,
            0.0040531158447265625,
            0.7200241088867188,
            0.0050067901611328125,
            0.09393692016601562,
            0.0040531158447265625,
            4.157066345214844,
            67.02303886413574,
            175.31180381774902,
            0.03504753112792969,
            26.426076889038086,
            0.016927719116210938,
            0.06413459777832031,
            0.010967254638671875,
            0.8969306945800781,
            0.0050067901611328125,
            0.09489059448242188,
            0.0040531158447265625,
            71.43902778625488,
            0.030040740966796875,
            26.485919952392578,
            0.080108642578125,
            0.014066696166992188,
            0.9059906005859375,
            0.0050067901611328125,
            0.09298324584960938,
            0.0050067901611328125
        ]
    }
}