{
    "(2886734945, 3741713926, 43782, 443, 'tcp', 0)": {
        "ts_list": [
            1645341999.616032,
            1645341999.616207,
            1645341999.61623,
            1645341999.643301,
            1645341999.64333,
            1645341999.643341,
            1645341999.643389,
            1645341999.643396,
            1645341999.643398,
            1645341999.643403,
            1645341999.643488,
            1645341999.644263,
            1645341999.644269,
            1645341999.644362,
            1645341999.644369,
            1645341999.710278,
            1645341999.856307,
            1645341999.856348,
            1645341999.883236,
            1645341999.883254,
            1645341999.88342,
            1645341999.88343,
            1645341999.88437,
            1645341999.884377,
            1645341999.884383,
            1645341999.884391,
            1645341999.971132,
            1645341999.971164,
            1645341999.998311,
            1645341999.99834,
            1645341999.998352,
            1645341999.999591,
            1645341999.999595,
            1645341999.999601,
            1645341999.999604
        ],
        "ps_list": [
            158,
            184,
            225,
            66,
            121,
            66,
            110,
            66,
            101,
            66,
            97,
            191,
            66,
            260,
            66,
            66,
            121,
            225,
            66,
            66,
            101,
            66,
            122,
            66,
            255,
            66,
            121,
            225,
            66,
            101,
            66,
            123,
            66,
            251,
            66
        ],
        "direction_list": [
            0,
            0,
            0,
            1,
            1,
            0,
            1,
            0,
            1,
            0,
            0,
            1,
            0,
            1,
            0,
            1,
            0,
            0,
            1,
            1,
            1,
            0,
            1,
            0,
            1,
            0,
            0,
            0,
            1,
            1,
            0,
            1,
            0,
            1,
            0
        ],
        "piat_list": [
            0.2830028533935547,
            0.17499923706054688,
            0.023126602172851562,
            27.070999145507812,
            0.029087066650390625,
            0.010967254638671875,
            0.04792213439941406,
            0.0069141387939453125,
            0.0021457672119140625,
            0.0050067901611328125,
            0.08487701416015625,
            0.7750988006591797,
            0.0059604644775390625,
            0.09298324584960938,
            0.0069141387939453125,
            65.90914726257324,
            146.02899551391602,
            0.04100799560546875,
            26.887893676757812,
            0.01811981201171875,
            0.1659393310546875,
            0.010013580322265625,
            0.9400844573974609,
            0.0069141387939453125,
            0.0059604644775390625,
            0.008106231689453125,
            86.74097061157227,
            0.031948089599609375,
            27.14705467224121,
            0.028848648071289062,
            0.012159347534179688,
            1.2390613555908203,
            0.003814697265625,
            0.0059604644775390625,
            0.0030994415283203125
        ]
    }
}