{
    "(2886734945, 3741713926, 43840, 443, 'tcp', 0)": {
        "ts_list": [
            1645342200.836681,
            1645342200.836873,
            1645342200.836893,
            1645342200.863994,
            1645342200.864031,
            1645342200.864035,
            1645342200.864049,
            1645342200.864059,
            1645342200.864062,
            1645342200.864176,
            1645342200.86418,
            1645342200.864208,
            1645342200.864767,
            1645342200.864778,
            1645342200.864867,
            1645342200.864873,
            1645342200.930898,
            1645342201.123257,
            1645342201.123291,
            1645342201.150803,
            1645342201.150822,
            1645342201.15098,
            1645342201.150989,
            1645342201.15197,
            1645342201.151975,
            1645342201.152069,
            1645342201.152074,
            1645342201.199045,
            1645342201.199074,
            1645342201.226217,
            1645342201.226243,
            1645342201.226255,
            1645342201.226902,
            1645342201.226907,
            1645342201.227,
            1645342201.227004
        ],
        "ps_list": [
            158,
            184,
            225,
            66,
            66,
            121,
            66,
            110,
            66,
            101,
            66,
            97,
            191,
            66,
            260,
            66,
            66,
            121,
            225,
            66,
            66,
            101,
            66,
            144,
            66,
            255,
            66,
            121,
            225,
            66,
            101,
            66,
            123,
            66,
            251,
            66
        ],
        "direction_list": [
            0,
            0,
            0,
            1,
            1,
            1,
            0,
            1,
            0,
            1,
            0,
            0,
            1,
            0,
            1,
            0,
            1,
            0,
            0,
            1,
            1,
            1,
            0,
            1,
            0,
            1,
            0,
            0,
            0,
            1,
            1,
            0,
            1,
            0,
            1,
            0
        ],
        "piat_list": [
            0.2617835998535156,
            0.19216537475585938,
            0.02002716064453125,
            27.100801467895508,
            0.03719329833984375,
            0.003814697265625,
            0.014066696166992188,
            0.010013580322265625,
            0.0030994415283203125,
            0.11396408081054688,
            0.0040531158447265625,
            0.027894973754882812,
            0.5590915679931641,
            0.010967254638671875,
            0.08893013000488281,
            0.0059604644775390625,
            66.0250186920166,
            192.35897064208984,
            0.03409385681152344,
            27.512073516845703,
            0.018835067749023438,
            0.15807151794433594,
            0.009059906005859375,
            0.9808540344238281,
            0.0050067901611328125,
            0.09417533874511719,
            0.0050067901611328125,
            46.97084426879883,
            0.029087066650390625,
            27.143001556396484,
            0.025987625122070312,
            0.011920928955078125,
            0.6470680236816406,
            0.0050067901611328125,
            0.09298324584960938,
            0.0040531158447265625
        ]
    }
}