{
    "(2886734945, 3741648133, 49706, 443, 'tcp', 0)": {
        "ts_list": [
            1644785871.540455,
            1644785871.540625,
            1644785871.540646,
            1644785871.548636,
            1644785871.54866,
            1644785871.549488,
            1644785871.549617,
            1644785871.549623,
            1644785871.549626,
            1644785871.549629,
            1644785871.549714,
            1644785871.549717,
            1644785871.550658,
            1644785871.550667,
            1644785871.55067,
            1644785871.550673,
            1644785871.551763,
            1644785871.600846,
            1644785871.795077,
            1644785871.795117,
            1644785871.803438,
            1644785871.803459,
            1644785871.803665,
            1644785871.803676,
            1644785871.804548,
            1644785871.804553,
            1644785871.804558,
            1644785871.804562,
            1644785871.867427,
            1644785871.867454,
            1644785871.875606,
            1644785871.875624,
            1644785871.875632,
            1644785871.876699,
            1644785871.876703,
            1644785871.876709,
            1644785871.876712,
            1644785872.532046,
            1644785872.532081,
            1644785872.543539,
            1644785872.543672,
            1644785872.543685,
            1644785872.543703,
            1644785872.543708,
            1644785872.543709,
            1644785872.543713,
            1644785872.615223,
            1644785872.615255,
            1644785872.623641,
            1644785872.62366,
            1644785872.623668,
            1644785872.624513,
            1644785872.624517,
            1644785872.624609,
            1644785872.624613,
            1644785872.649105,
            1644785872.649155,
            1644785872.65747,
            1644785872.657754,
            1644785872.658778,
            1644785872.658786,
            1644785872.658807,
            1644785872.670565,
            1644785872.670589,
            1644785872.67961,
            1644785872.679793,
            1644785872.680584,
            1644785872.680756,
            1644785872.684318,
            1644785872.827448,
            1644785872.827475,
            1644785872.839909,
            1644785872.840111,
            1644785872.840638,
            1644785872.840644,
            1644785872.840668
        ],
        "ps_list": [
            158,
            184,
            225,
            121,
            66,
            66,
            101,
            66,
            97,
            66,
            101,
            66,
            191,
            66,
            260,
            66,
            97,
            66,
            121,
            225,
            66,
            66,
            101,
            66,
            121,
            66,
            255,
            66,
            121,
            225,
            66,
            101,
            66,
            120,
            66,
            389,
            66,
            121,
            225,
            66,
            101,
            66,
            144,
            66,
            272,
            66,
            121,
            225,
            66,
            101,
            66,
            121,
            66,
            277,
            66,
            121,
            225,
            66,
            101,
            122,
            251,
            66,
            121,
            225,
            66,
            101,
            122,
            254,
            66,
            121,
            225,
            66,
            101,
            122,
            256,
            66
        ],
        "direction_list": [
            0,
            0,
            0,
            1,
            0,
            1,
            1,
            0,
            1,
            0,
            1,
            0,
            1,
            0,
            1,
            0,
            0,
            1,
            0,
            0,
            1,
            1,
            1,
            0,
            1,
            0,
            1,
            0,
            0,
            0,
            1,
            1,
            0,
            1,
            0,
            1,
            0,
            0,
            0,
            1,
            1,
            0,
            1,
            0,
            1,
            0,
            0,
            0,
            1,
            1,
            0,
            1,
            0,
            1,
            0,
            0,
            0,
            1,
            1,
            1,
            1,
            0,
            0,
            0,
            1,
            1,
            1,
            1,
            0,
            0,
            0,
            1,
            1,
            1,
            1,
            0
        ],
        "piat_list": [
            0.263214111328125,
            0.16999244689941406,
            0.0209808349609375,
            7.9898834228515625,
            0.024080276489257812,
            0.8280277252197266,
            0.1289844512939453,
            0.0059604644775390625,
            0.0030994415283203125,
            0.00286102294921875,
            0.08511543273925781,
            0.00286102294921875,
            0.9410381317138672,
            0.009059906005859375,
            0.00286102294921875,
            0.0030994415283203125,
            1.0900497436523438,
            49.08299446105957,
            194.2310333251953,
            0.03981590270996094,
            8.321046829223633,
            0.0209808349609375,
            0.20599365234375,
            0.010967254638671875,
            0.8721351623535156,
            0.0050067901611328125,
            0.0050067901611328125,
            0.0040531158447265625,
            62.86501884460449,
            0.026941299438476562,
            8.152008056640625,
            0.017881393432617188,
            0.008106231689453125,
            1.0669231414794922,
            0.0040531158447265625,
            0.0059604644775390625,
            0.0030994415283203125,
            655.3339958190918,
            0.034809112548828125,
            11.458158493041992,
            0.13303756713867188,
            0.012874603271484375,
            0.01811981201171875,
            0.0050067901611328125,
            0.00095367431640625,
            0.0040531158447265625,
            71.50983810424805,
            0.03218650817871094,
            8.385896682739258,
            0.019073486328125,
            0.007867813110351562,
            0.8449554443359375,
            0.0040531158447265625,
            0.09202957153320312,
            0.0040531158447265625,
            24.49202537536621,
            0.04982948303222656,
            8.315086364746094,
            0.28395652770996094,
            1.024007797241211,
            0.008106231689453125,
            0.0209808349609375,
            11.757850646972656,
            0.024080276489257812,
            9.02104377746582,
            0.18286705017089844,
            0.7910728454589844,
            0.17213821411132812,
            3.5619735717773438,
            143.12982559204102,
            0.027179718017578125,
            12.434005737304688,
            0.20194053649902344,
            0.5269050598144531,
            0.0059604644775390625,
            0.024080276489257812
        ]
    }
}