{
    "(2886734945, 3741648133, 33884, 443, 'tcp', 0)": {
        "ts_list": [
            1645632200.331787,
            1645632200.331976,
            1645632200.332002,
            1645632200.339966,
            1645632200.340003,
            1645632200.340145,
            1645632200.340173,
            1645632200.34018,
            1645632200.340271,
            1645632200.340275,
            1645632200.340371,
            1645632200.340473,
            1645632200.340477,
            1645632200.340981,
            1645632200.340987,
            1645632200.340993,
            1645632200.340998,
            1645632200.387808,
            1645632200.734272,
            1645632200.734317,
            1645632200.7425,
            1645632200.742524,
            1645632200.742677,
            1645632200.742689,
            1645632200.742699,
            1645632200.742703,
            1645632200.742707,
            1645632200.742711,
            1645632200.853877,
            1645632200.853917,
            1645632200.862184,
            1645632200.862209,
            1645632200.862221,
            1645632200.862236,
            1645632200.86224,
            1645632200.862245,
            1645632200.862249,
            1645632201.537538,
            1645632201.537571,
            1645632201.546006,
            1645632201.54603,
            1645632201.546043,
            1645632201.546054,
            1645632201.546057,
            1645632201.546061,
            1645632201.546065,
            1645632201.609345,
            1645632201.609373,
            1645632201.61763,
            1645632201.617763,
            1645632201.617774,
            1645632201.617899,
            1645632201.617903,
            1645632201.617908,
            1645632201.617912
        ],
        "ps_list": [
            158,
            184,
            225,
            121,
            66,
            97,
            101,
            66,
            97,
            66,
            66,
            101,
            66,
            190,
            66,
            260,
            66,
            66,
            121,
            225,
            66,
            66,
            101,
            66,
            120,
            66,
            255,
            66,
            121,
            225,
            66,
            101,
            66,
            119,
            66,
            358,
            66,
            121,
            225,
            66,
            101,
            66,
            145,
            66,
            272,
            66,
            121,
            225,
            66,
            101,
            66,
            120,
            66,
            319,
            66
        ],
        "direction_list": [
            0,
            0,
            0,
            1,
            0,
            0,
            1,
            0,
            1,
            0,
            1,
            1,
            0,
            1,
            0,
            1,
            0,
            1,
            0,
            0,
            1,
            1,
            1,
            0,
            1,
            0,
            1,
            0,
            0,
            0,
            1,
            1,
            0,
            1,
            0,
            1,
            0,
            0,
            0,
            1,
            1,
            0,
            1,
            0,
            1,
            0,
            0,
            0,
            1,
            1,
            0,
            1,
            0,
            1,
            0
        ],
        "piat_list": [
            0.3139972686767578,
            0.1888275146484375,
            0.025987625122070312,
            7.964134216308594,
            0.03695487976074219,
            0.14209747314453125,
            0.027894973754882812,
            0.0069141387939453125,
            0.09107589721679688,
            0.0040531158447265625,
            0.09584426879882812,
            0.10204315185546875,
            0.0040531158447265625,
            0.5040168762207031,
            0.0059604644775390625,
            0.0059604644775390625,
            0.0050067901611328125,
            46.810150146484375,
            346.4639186859131,
            0.04506111145019531,
            8.183002471923828,
            0.02384185791015625,
            0.15306472778320312,
            0.011920928955078125,
            0.010013580322265625,
            0.0040531158447265625,
            0.0040531158447265625,
            0.0040531158447265625,
            111.16600036621094,
            0.03981590270996094,
            8.26716423034668,
            0.025033950805664062,
            0.011920928955078125,
            0.015020370483398438,
            0.0040531158447265625,
            0.0050067901611328125,
            0.003814697265625,
            675.2891540527344,
            0.032901763916015625,
            8.43501091003418,
            0.024080276489257812,
            0.012874603271484375,
            0.010967254638671875,
            0.0030994415283203125,
            0.0040531158447265625,
            0.0040531158447265625,
            63.27986717224121,
            0.028133392333984375,
            8.256912231445312,
            0.13303756713867188,
            0.010967254638671875,
            0.12493133544921875,
            0.0040531158447265625,
            0.0050067901611328125,
            0.0040531158447265625
        ]
    }
}