{
    "(2886734945, 3741648133, 50782, 443, 'tcp', 0)": {
        "ts_list": [
            1645011980.546569,
            1645011980.546791,
            1645011980.546823,
            1645011980.554634,
            1645011980.554665,
            1645011980.554852,
            1645011980.555672,
            1645011980.555683,
            1645011980.55569,
            1645011980.555702,
            1645011980.555706,
            1645011980.555707,
            1645011980.55571,
            1645011980.556593,
            1645011980.556599,
            1645011980.556606,
            1645011980.55661,
            1645011980.60356,
            1645011980.83715,
            1645011980.837202,
            1645011980.845518,
            1645011980.845544,
            1645011980.845548,
            1645011980.845556,
            1645011980.846503,
            1645011980.846508,
            1645011980.846518,
            1645011980.846522,
            1645011980.945153,
            1645011980.945196,
            1645011980.953525,
            1645011980.953635,
            1645011980.953646,
            1645011980.954609,
            1645011980.954616,
            1645011980.954618,
            1645011980.954622
        ],
        "ps_list": [
            158,
            184,
            225,
            121,
            66,
            97,
            66,
            101,
            66,
            97,
            66,
            101,
            66,
            191,
            66,
            260,
            66,
            66,
            121,
            225,
            66,
            66,
            101,
            66,
            120,
            66,
            255,
            66,
            121,
            225,
            66,
            101,
            66,
            121,
            66,
            249,
            66
        ],
        "direction_list": [
            0,
            0,
            0,
            1,
            0,
            0,
            1,
            1,
            0,
            1,
            0,
            1,
            0,
            1,
            0,
            1,
            0,
            1,
            0,
            0,
            1,
            1,
            1,
            0,
            1,
            0,
            1,
            0,
            0,
            0,
            1,
            1,
            0,
            1,
            0,
            1,
            0
        ],
        "piat_list": [
            0.2841949462890625,
            0.2219676971435547,
            0.031948089599609375,
            7.811069488525391,
            0.030994415283203125,
            0.186920166015625,
            0.8199214935302734,
            0.010967254638671875,
            0.007152557373046875,
            0.011920928955078125,
            0.0040531158447265625,
            0.00095367431640625,
            0.0030994415283203125,
            0.8828639984130859,
            0.0059604644775390625,
            0.007152557373046875,
            0.0040531158447265625,
            46.94986343383789,
            233.59012603759766,
            0.051975250244140625,
            8.3160400390625,
            0.025987625122070312,
            0.003814697265625,
            0.008106231689453125,
            0.9469985961914062,
            0.0050067901611328125,
            0.010013580322265625,
            0.0040531158447265625,
            98.63090515136719,
            0.04291534423828125,
            8.329153060913086,
            0.10991096496582031,
            0.010967254638671875,
            0.9629726409912109,
            0.007152557373046875,
            0.0019073486328125,
            0.0040531158447265625
        ]
    }
}