{
    "(2886734945, 3741648133, 50876, 443, 'tcp', 0)": {
        "ts_list": [
            1645012344.752838,
            1645012344.753018,
            1645012344.753041,
            1645012344.76232,
            1645012344.762339,
            1645012344.762347,
            1645012344.762402,
            1645012344.762406,
            1645012344.762407,
            1645012344.76241,
            1645012344.764296,
            1645012344.764302,
            1645012344.764394,
            1645012344.764399,
            1645012344.766565,
            1645012344.816366,
            1645012345.035536,
            1645012345.035574,
            1645012345.045191,
            1645012345.04522,
            1645012345.045366,
            1645012345.045381,
            1645012345.046277,
            1645012345.046295,
            1645012345.046381,
            1645012345.046388,
            1645012345.136533,
            1645012345.136563,
            1645012345.145273,
            1645012345.145353,
            1645012345.145363,
            1645012345.146269,
            1645012345.146275,
            1645012345.146277,
            1645012345.146281
        ],
        "ps_list": [
            158,
            184,
            225,
            66,
            121,
            66,
            110,
            66,
            101,
            66,
            191,
            66,
            260,
            66,
            97,
            66,
            121,
            225,
            66,
            66,
            101,
            66,
            144,
            66,
            255,
            66,
            121,
            225,
            66,
            101,
            66,
            120,
            66,
            249,
            66
        ],
        "direction_list": [
            0,
            0,
            0,
            1,
            1,
            0,
            1,
            0,
            1,
            0,
            1,
            0,
            1,
            0,
            0,
            1,
            0,
            0,
            1,
            1,
            1,
            0,
            1,
            0,
            1,
            0,
            0,
            0,
            1,
            1,
            0,
            1,
            0,
            1,
            0
        ],
        "piat_list": [
            0.2589225769042969,
            0.1800060272216797,
            0.023126602172851562,
            9.279012680053711,
            0.019073486328125,
            0.007867813110351562,
            0.05507469177246094,
            0.0040531158447265625,
            0.00095367431640625,
            0.00286102294921875,
            1.886129379272461,
            0.0059604644775390625,
            0.09202957153320312,
            0.0050067901611328125,
            2.1660327911376953,
            49.800872802734375,
            219.17009353637695,
            0.03790855407714844,
            9.617090225219727,
            0.028848648071289062,
            0.1461505889892578,
            0.015020370483398438,
            0.8959770202636719,
            0.017881393432617188,
            0.08606910705566406,
            0.0069141387939453125,
            90.14511108398438,
            0.030040740966796875,
            8.709907531738281,
            0.080108642578125,
            0.010013580322265625,
            0.9059906005859375,
            0.0059604644775390625,
            0.0019073486328125,
            0.0040531158447265625
        ]
    }
}