{
    "(2886734945, 3741713926, 40888, 443, 'tcp', 0)": {
        "ts_list": [
            1645624651.162035,
            1645624651.162299,
            1645624651.162332,
            1645624651.187166,
            1645624651.187206,
            1645624651.187222,
            1645624651.18723,
            1645624651.187232,
            1645624651.187238,
            1645624651.187408,
            1645624651.188069,
            1645624651.188164,
            1645624651.188168,
            1645624651.189151,
            1645624651.189165,
            1645624651.189182,
            1645624651.189187,
            1645624651.253119,
            1645624651.467024,
            1645624651.46706,
            1645624651.492124,
            1645624651.492149,
            1645624651.492191,
            1645624651.492204,
            1645624651.493144,
            1645624651.493151,
            1645624651.493243,
            1645624651.49325,
            1645624651.591857,
            1645624651.591887,
            1645624651.617083,
            1645624651.617115
        ],
        "ps_list": [
            158,
            184,
            225,
            121,
            66,
            101,
            66,
            97,
            66,
            97,
            66,
            101,
            66,
            191,
            66,
            260,
            66,
            66,
            121,
            225,
            66,
            66,
            101,
            66,
            121,
            66,
            255,
            66,
            121,
            225,
            66,
            101
        ],
        "direction_list": [
            0,
            0,
            0,
            1,
            0,
            1,
            0,
            1,
            0,
            0,
            1,
            1,
            0,
            1,
            0,
            1,
            0,
            1,
            0,
            0,
            1,
            1,
            1,
            0,
            1,
            0,
            1,
            0,
            0,
            0,
            1,
            1
        ],
        "piat_list": [
            0.3859996795654297,
            0.2639293670654297,
            0.03314018249511719,
            24.83391761779785,
            0.0400543212890625,
            0.015974044799804688,
            0.008106231689453125,
            0.0019073486328125,
            0.0059604644775390625,
            0.16999244689941406,
            0.6611347198486328,
            0.09489059448242188,
            0.0040531158447265625,
            0.9829998016357422,
            0.014066696166992188,
            0.016927719116210938,
            0.0050067901611328125,
            63.931941986083984,
            213.90509605407715,
            0.03600120544433594,
            25.06399154663086,
            0.025033950805664062,
            0.041961669921875,
            0.012874603271484375,
            0.9400844573974609,
            0.0069141387939453125,
            0.09202957153320312,
            0.0069141387939453125,
            98.60706329345703,
            0.030040740966796875,
            25.196075439453125,
            0.031948089599609375
        ]
    }
}