{
    "(2886734945, 3741713926, 40430, 443, 'tcp', 0)": {
        "ts_list": [
            1645623924.15528,
            1645623924.155503,
            1645623924.155525,
            1645623924.16626,
            1645623924.166305,
            1645623924.166956,
            1645623924.182242,
            1645623924.182285,
            1645623924.18231,
            1645623924.182317,
            1645623924.182321,
            1645623924.182324,
            1645623924.182326,
            1645623924.183166,
            1645623924.183172,
            1645623924.183181,
            1645623924.183185,
            1645623924.233233,
            1645623924.535482,
            1645623924.535536,
            1645623924.562316,
            1645623924.562346,
            1645623924.56235,
            1645623924.562367,
            1645623924.563251,
            1645623924.563273,
            1645623924.563288,
            1645623924.563294,
            1645623924.6813,
            1645623924.681332,
            1645623924.708231,
            1645623924.708253
        ],
        "ps_list": [
            158,
            184,
            225,
            121,
            66,
            97,
            66,
            101,
            66,
            97,
            66,
            101,
            66,
            190,
            66,
            260,
            66,
            66,
            121,
            225,
            66,
            66,
            101,
            66,
            121,
            66,
            255,
            66,
            121,
            225,
            66,
            101
        ],
        "direction_list": [
            0,
            0,
            0,
            1,
            0,
            0,
            1,
            1,
            0,
            1,
            0,
            1,
            0,
            1,
            0,
            1,
            0,
            1,
            0,
            0,
            1,
            1,
            1,
            0,
            1,
            0,
            1,
            0,
            0,
            0,
            1,
            1
        ],
        "piat_list": [
            15.926122665405273,
            0.22292137145996094,
            0.02193450927734375,
            10.735034942626953,
            0.04506111145019531,
            0.6508827209472656,
            15.285968780517578,
            0.04315376281738281,
            0.025033950805664062,
            0.0069141387939453125,
            0.0040531158447265625,
            0.00286102294921875,
            0.0021457672119140625,
            0.8399486541748047,
            0.0059604644775390625,
            0.009059906005859375,
            0.0040531158447265625,
            50.047874450683594,
            302.2489547729492,
            0.05412101745605469,
            26.779890060424805,
            0.030040740966796875,
            0.0040531158447265625,
            0.016927719116210938,
            0.8840560913085938,
            0.02193450927734375,
            0.015020370483398438,
            0.0059604644775390625,
            118.00599098205566,
            0.03218650817871094,
            26.898860931396484,
            0.02193450927734375
        ]
    }
}